{"type":"FeatureCollection","features":[{"type":"Feature","properties":{"nodeId":"treasure_box","group":"treasures","thglKey":"treasures/treasure_box","source":"thgl-nodes-raw-ascii","gameX":-10075.52,"gameY":-4198.72},"geometry":{"type":"Point","coordinates":[492.95438047172706,5132.247077968895]}},{"type":"Feature","properties":{"nodeId":"treasure_box","group":"treasures","thglKey":"treasures/treasure_box","source":"thgl-nodes-raw-ascii","gameX":-12212.71,"gameY":-4923.19},"geometry":{"type":"Point","coordinates":[-408.67609022556354,4826.610130806469]}},{"type":"Feature","properties":{"nodeId":"treasure_box","group":"treasures","thglKey":"treasures/treasure_box","source":"thgl-nodes-raw-ascii","gameX":-12381.36,"gameY":-3136.98},"geometry":{"type":"Point","coordinates":[-479.82558038932973,5580.170349160573]}},{"type":"Feature","properties":{"nodeId":"treasure_box","group":"treasures","thglKey":"treasures/treasure_box","source":"thgl-nodes-raw-ascii","gameX":-7137.27,"gameY":-2348.51},"geometry":{"type":"Point","coordinates":[1732.533327840148,5912.807399320218]}},{"type":"Feature","properties":{"nodeId":"treasure_box","group":"treasures","thglKey":"treasures/treasure_box","source":"thgl-nodes-raw-ascii","gameX":-10027.66,"gameY":-5782.04},"geometry":{"type":"Point","coordinates":[513.1453949943352,4464.281404882067]}},{"type":"Feature","properties":{"nodeId":"treasure_box","group":"treasures","thglKey":"treasures/treasure_box","source":"thgl-nodes-raw-ascii","gameX":-11265.78,"gameY":-4139.3},"geometry":{"type":"Point","coordinates":[-9.188472551241393,5157.314986095375]}},{"type":"Feature","properties":{"nodeId":"treasure_box","group":"treasures","thglKey":"treasures/treasure_box","source":"thgl-nodes-raw-ascii","gameX":-11457.84,"gameY":943.14},"geometry":{"type":"Point","coordinates":[-90.2140941394583,7301.477540426408]}},{"type":"Feature","properties":{"nodeId":"treasure_box","group":"treasures","thglKey":"treasures/treasure_box","source":"thgl-nodes-raw-ascii","gameX":-7736.86,"gameY":-5415.09},"geometry":{"type":"Point","coordinates":[1479.5803316510455,4619.08902667628]}},{"type":"Feature","properties":{"nodeId":"treasure_box","group":"treasures","thglKey":"treasures/treasure_box","source":"thgl-nodes-raw-ascii","gameX":-7874.99,"gameY":414.97},"geometry":{"type":"Point","coordinates":[1421.3065156040789,7078.654971675765]}},{"type":"Feature","properties":{"nodeId":"treasure_box","group":"treasures","thglKey":"treasures/treasure_box","source":"thgl-nodes-raw-ascii","gameX":-8099.81,"gameY":-2345.61},"geometry":{"type":"Point","coordinates":[1326.4602162941599,5914.03084148728]}},{"type":"Feature","properties":{"nodeId":"treasure_box","group":"treasures","thglKey":"treasures/treasure_box","source":"thgl-nodes-raw-ascii","gameX":-9883.53,"gameY":-6279.7},"geometry":{"type":"Point","coordinates":[573.9504706972909,4254.33029148213]}},{"type":"Feature","properties":{"nodeId":"treasure_box","group":"treasures","thglKey":"treasures/treasure_box","source":"thgl-nodes-raw-ascii","gameX":-7228.02,"gameY":-952.96},"geometry":{"type":"Point","coordinates":[1694.2480255433102,6501.557301472861]}},{"type":"Feature","properties":{"nodeId":"treasure_box","group":"treasures","thglKey":"treasures/treasure_box","source":"thgl-nodes-raw-ascii","gameX":-9930.3,"gameY":268.72},"geometry":{"type":"Point","coordinates":[554.219301678855,7016.955517561027]}},{"type":"Feature","properties":{"nodeId":"treasure_box","group":"treasures","thglKey":"treasures/treasure_box","source":"thgl-nodes-raw-ascii","gameX":-8897.88,"gameY":-1529.71},"geometry":{"type":"Point","coordinates":[989.7731506849318,6258.23996704089]}},{"type":"Feature","properties":{"nodeId":"treasure_box","group":"treasures","thglKey":"treasures/treasure_box","source":"thgl-nodes-raw-ascii","gameX":-8151.86,"gameY":-1044.12},"geometry":{"type":"Point","coordinates":[1304.501538778453,6463.0990297661965]}},{"type":"Feature","properties":{"nodeId":"treasure_box","group":"treasures","thglKey":"treasures/treasure_box","source":"thgl-nodes-raw-ascii","gameX":-7130.84,"gameY":-486.26},"geometry":{"type":"Point","coordinates":[1735.24599443815,6698.447115047894]}},{"type":"Feature","properties":{"nodeId":"treasure_box","group":"treasures","thglKey":"treasures/treasure_box","source":"thgl-nodes-raw-ascii","gameX":-8740.79,"gameY":-4731.07},"geometry":{"type":"Point","coordinates":[1056.045747244824,4907.661064991245]}},{"type":"Feature","properties":{"nodeId":"treasure_box","group":"treasures","thglKey":"treasures/treasure_box","source":"thgl-nodes-raw-ascii","gameX":-5874.25,"gameY":-2582.17},"geometry":{"type":"Point","coordinates":[2265.37192295808,5814.231710783809]}},{"type":"Feature","properties":{"nodeId":"treasure_box","group":"treasures","thglKey":"treasures/treasure_box","source":"thgl-nodes-raw-ascii","gameX":-4343.08,"gameY":-1610.12},"geometry":{"type":"Point","coordinates":[2911.3367308682664,6224.316868884541]}},{"type":"Feature","properties":{"nodeId":"treasure_box","group":"treasures","thglKey":"treasures/treasure_box","source":"thgl-nodes-raw-ascii","gameX":-5039.63,"gameY":-1896.49},"geometry":{"type":"Point","coordinates":[2617.478578638377,6103.504064270265]}},{"type":"Feature","properties":{"nodeId":"treasure_box","group":"treasures","thglKey":"treasures/treasure_box","source":"thgl-nodes-raw-ascii","gameX":-8489.27,"gameY":-354.11},"geometry":{"type":"Point","coordinates":[1162.1561520238952,6754.198108971057]}},{"type":"Feature","properties":{"nodeId":"treasure_box","group":"treasures","thglKey":"treasures/treasure_box","source":"thgl-nodes-raw-ascii","gameX":-7922.3,"gameY":-5205.1},"geometry":{"type":"Point","coordinates":[1401.347533216603,4707.678895869812]}},{"type":"Feature","properties":{"nodeId":"treasure_box","group":"treasures","thglKey":"treasures/treasure_box","source":"thgl-nodes-raw-ascii","gameX":-11139.22,"gameY":234.77},"geometry":{"type":"Point","coordinates":[44.20423112575988,7002.63280667422]}},{"type":"Feature","properties":{"nodeId":"treasure_box","group":"treasures","thglKey":"treasures/treasure_box","source":"thgl-nodes-raw-ascii","gameX":-10627.75,"gameY":-1762.84},"geometry":{"type":"Point","coordinates":[259.98146050056647,6159.8878731074265]}},{"type":"Feature","properties":{"nodeId":"treasure_box","group":"treasures","thglKey":"treasures/treasure_box","source":"thgl-nodes-raw-ascii","gameX":-10508.54,"gameY":1010.41},"geometry":{"type":"Point","coordinates":[310.27337109897996,7329.857179936142]}},{"type":"Feature","properties":{"nodeId":"treasure_box","group":"treasures","thglKey":"treasures/treasure_box","source":"thgl-nodes-raw-ascii","gameX":-11130.51,"gameY":-6099},"geometry":{"type":"Point","coordinates":[47.8787763930373,4330.563394788341]}},{"type":"Feature","properties":{"nodeId":"treasure_box","group":"treasures","thglKey":"treasures/treasure_box","source":"thgl-nodes-raw-ascii","gameX":-10502.97,"gameY":-5196.79},"geometry":{"type":"Point","coordinates":[312.62322381295735,4711.184690493356]}},{"type":"Feature","properties":{"nodeId":"treasure_box","group":"treasures","thglKey":"treasures/treasure_box","source":"thgl-nodes-raw-ascii","gameX":-7963.4,"gameY":-692.19},"geometry":{"type":"Point","coordinates":[1384.0084045730766,6611.5700648882475]}},{"type":"Feature","properties":{"nodeId":"treasure_box","group":"treasures","thglKey":"treasures/treasure_box","source":"thgl-nodes-raw-ascii","gameX":-7072.11,"gameY":-492.61},"geometry":{"type":"Point","coordinates":[1760.022807704192,6695.7681985786385]}},{"type":"Feature","properties":{"nodeId":"treasure_box","group":"treasures","thglKey":"treasures/treasure_box","source":"thgl-nodes-raw-ascii","gameX":-7810.53,"gameY":-2450.49},"geometry":{"type":"Point","coordinates":[1448.5006818415904,5869.784422700587]}},{"type":"Feature","properties":{"nodeId":"treasure_box","group":"treasures","thglKey":"treasures/treasure_box","source":"thgl-nodes-raw-ascii","gameX":-7871.07,"gameY":-2407.55},"geometry":{"type":"Point","coordinates":[1422.9602719126585,5887.899804305284]}},{"type":"Feature","properties":{"nodeId":"treasure_box","group":"treasures","thglKey":"treasures/treasure_box","source":"thgl-nodes-raw-ascii","gameX":-7907.97,"gameY":-2393.1},"geometry":{"type":"Point","coordinates":[1407.393025028324,5893.995921310125]}},{"type":"Feature","properties":{"nodeId":"treasure_box","group":"treasures","thglKey":"treasures/treasure_box","source":"thgl-nodes-raw-ascii","gameX":-8012.72,"gameY":-2359.16},"geometry":{"type":"Point","coordinates":[1363.2014502008444,5908.314413430838]}},{"type":"Feature","properties":{"nodeId":"treasure_box","group":"treasures","thglKey":"treasures/treasure_box","source":"thgl-nodes-raw-ascii","gameX":-7986.1,"gameY":-2424.47},"geometry":{"type":"Point","coordinates":[1374.4318055412502,5880.7616520753945]}},{"type":"Feature","properties":{"nodeId":"treasure_box","group":"treasures","thglKey":"treasures/treasure_box","source":"thgl-nodes-raw-ascii","gameX":-7964.18,"gameY":-2223.24},"geometry":{"type":"Point","coordinates":[1383.6793408177978,5965.6558821711815]}},{"type":"Feature","properties":{"nodeId":"treasure_box","group":"treasures","thglKey":"treasures/treasure_box","source":"thgl-nodes-raw-ascii","gameX":-7926.46,"gameY":-2220.15},"geometry":{"type":"Point","coordinates":[1399.5925265217838,5966.959480894016]}},{"type":"Feature","properties":{"nodeId":"treasure_box","group":"treasures","thglKey":"treasures/treasure_box","source":"thgl-nodes-raw-ascii","gameX":-7976.24,"gameY":-2197.54},"geometry":{"type":"Point","coordinates":[1378.5915089092596,5976.498111031002]}},{"type":"Feature","properties":{"nodeId":"treasure_box","group":"treasures","thglKey":"treasures/treasure_box","source":"thgl-nodes-raw-ascii","gameX":-7693.12,"gameY":-2456.85},"geometry":{"type":"Point","coordinates":[1498.0332145432074,5867.101287465238]}},{"type":"Feature","properties":{"nodeId":"treasure_box","group":"treasures","thglKey":"treasures/treasure_box","source":"thgl-nodes-raw-ascii","gameX":-7683.98,"gameY":-2538.89},"geometry":{"type":"Point","coordinates":[1501.8891667524979,5832.490530435679]}},{"type":"Feature","properties":{"nodeId":"treasure_box","group":"treasures","thglKey":"treasures/treasure_box","source":"thgl-nodes-raw-ascii","gameX":-7740.58,"gameY":-2483.94},"geometry":{"type":"Point","coordinates":[1478.010950664332,5855.672650118447]}},{"type":"Feature","properties":{"nodeId":"treasure_box","group":"treasures","thglKey":"treasures/treasure_box","source":"thgl-nodes-raw-ascii","gameX":-7629.64,"gameY":-2328.98},"geometry":{"type":"Point","coordinates":[1524.8139417035738,5921.046649500464]}},{"type":"Feature","properties":{"nodeId":"treasure_box","group":"treasures","thglKey":"treasures/treasure_box","source":"thgl-nodes-raw-ascii","gameX":-7557.67,"gameY":-2354.37},"geometry":{"type":"Point","coordinates":[1555.1764012771655,5910.335202389536]}},{"type":"Feature","properties":{"nodeId":"treasure_box","group":"treasures","thglKey":"treasures/treasure_box","source":"thgl-nodes-raw-ascii","gameX":-7580.24,"gameY":-2336.1},"geometry":{"type":"Point","coordinates":[1545.6546462045526,5918.042888042023]}},{"type":"Feature","properties":{"nodeId":"treasure_box","group":"treasures","thglKey":"treasures/treasure_box","source":"thgl-nodes-raw-ascii","gameX":-7572.84,"gameY":-2288.46},"geometry":{"type":"Point","coordinates":[1548.7765331136059,5938.141089710578]}},{"type":"Feature","properties":{"nodeId":"treasure_box","group":"treasures","thglKey":"treasures/treasure_box","source":"thgl-nodes-raw-ascii","gameX":-7803.46,"gameY":-2101.02},"geometry":{"type":"Point","coordinates":[1451.4833494695642,6017.217641363683]}},{"type":"Feature","properties":{"nodeId":"treasure_box","group":"treasures","thglKey":"treasures/treasure_box","source":"thgl-nodes-raw-ascii","gameX":-7764.4,"gameY":-2073.04},"geometry":{"type":"Point","coordinates":[1467.9618498300547,6029.021748892779]}},{"type":"Feature","properties":{"nodeId":"treasure_box","group":"treasures","thglKey":"treasures/treasure_box","source":"thgl-nodes-raw-ascii","gameX":-7654.27,"gameY":-2191.84},"geometry":{"type":"Point","coordinates":[1514.4231208157378,5978.902807704192]}},{"type":"Feature","properties":{"nodeId":"treasure_box","group":"treasures","thglKey":"treasures/treasure_box","source":"thgl-nodes-raw-ascii","gameX":-7641.91,"gameY":-2201.97},"geometry":{"type":"Point","coordinates":[1519.6375157070759,5974.629197651664]}},{"type":"Feature","properties":{"nodeId":"treasure_box","group":"treasures","thglKey":"treasures/treasure_box","source":"thgl-nodes-raw-ascii","gameX":-7605.15,"gameY":-2198.87},"geometry":{"type":"Point","coordinates":[1535.1456998661038,5975.937015140592]}},{"type":"Feature","properties":{"nodeId":"treasure_box","group":"treasures","thglKey":"treasures/treasure_box","source":"thgl-nodes-raw-ascii","gameX":-7676.16,"gameY":-2223.04},"geometry":{"type":"Point","coordinates":[1505.1882418374705,5965.7402574930475]}},{"type":"Feature","properties":{"nodeId":"treasure_box","group":"treasures","thglKey":"treasures/treasure_box","source":"thgl-nodes-raw-ascii","gameX":-3832.14,"gameY":3379.6},"geometry":{"type":"Point","coordinates":[3126.890365640128,8329.363023998352]}},{"type":"Feature","properties":{"nodeId":"treasure_box","group":"treasures","thglKey":"treasures/treasure_box","source":"thgl-nodes-raw-ascii","gameX":-3473.85,"gameY":-766.17},"geometry":{"type":"Point","coordinates":[3278.044535997528,6580.3596333299]}},{"type":"Feature","properties":{"nodeId":"treasure_box","group":"treasures","thglKey":"treasures/treasure_box","source":"thgl-nodes-raw-ascii","gameX":-4975.53,"gameY":-551.64},"geometry":{"type":"Point","coordinates":[2644.5208692965293,6670.864822329798]}},{"type":"Feature","properties":{"nodeId":"treasure_box","group":"treasures","thglKey":"treasures/treasure_box","source":"thgl-nodes-raw-ascii","gameX":-8029.11,"gameY":-603.69},"geometry":{"type":"Point","coordinates":[1356.2868925739006,6648.90614481409]}},{"type":"Feature","properties":{"nodeId":"treasure_box","group":"treasures","thglKey":"treasures/treasure_box","source":"thgl-nodes-raw-ascii","gameX":-4671.4,"gameY":-2010.94},"geometry":{"type":"Point","coordinates":[2772.826202492533,6055.220286332269]}},{"type":"Feature","properties":{"nodeId":"treasure_box","group":"treasures","thglKey":"treasures/treasure_box","source":"thgl-nodes-raw-ascii","gameX":-4378.14,"gameY":-2282.5},"geometry":{"type":"Point","coordinates":[2896.5457369451024,5940.655474302193]}},{"type":"Feature","properties":{"nodeId":"treasure_box","group":"treasures","thglKey":"treasures/treasure_box","source":"thgl-nodes-raw-ascii","gameX":-5115.8,"gameY":-2297.21},"geometry":{"type":"Point","coordinates":[2585.3442373055927,5934.449669378927]}},{"type":"Feature","properties":{"nodeId":"treasure_box","group":"treasures","thglKey":"treasures/treasure_box","source":"thgl-nodes-raw-ascii","gameX":-5527.85,"gameY":-1156.11},"geometry":{"type":"Point","coordinates":[2411.5099804305282,6415.853068287156]}},{"type":"Feature","properties":{"nodeId":"treasure_box","group":"treasures","thglKey":"treasures/treasure_box","source":"thgl-nodes-raw-ascii","gameX":-7156.51,"gameY":-1239.21},"geometry":{"type":"Point","coordinates":[1724.4164218766093,6380.795122051705]}},{"type":"Feature","properties":{"nodeId":"treasure_box","group":"treasures","thglKey":"treasures/treasure_box","source":"thgl-nodes-raw-ascii","gameX":-4473.33,"gameY":-843.95},"geometry":{"type":"Point","coordinates":[2856.3873025028324,6547.546070656092]}},{"type":"Feature","properties":{"nodeId":"treasure_box","group":"treasures","thglKey":"treasures/treasure_box","source":"thgl-nodes-raw-ascii","gameX":-5273.79,"gameY":-778.47},"geometry":{"type":"Point","coordinates":[2518.6919517973015,6575.170551035122]}},{"type":"Feature","properties":{"nodeId":"treasure_box","group":"treasures","thglKey":"treasures/treasure_box","source":"thgl-nodes-raw-ascii","gameX":-4460.77,"gameY":-333.74},"geometry":{"type":"Point","coordinates":[2861.6860727160365,6762.791735503141]}},{"type":"Feature","properties":{"nodeId":"treasure_box","group":"treasures","thglKey":"treasures/treasure_box","source":"thgl-nodes-raw-ascii","gameX":-4400.98,"gameY":1877.99},"geometry":{"type":"Point","coordinates":[2886.91007518797,7695.868888660007]}},{"type":"Feature","properties":{"nodeId":"treasure_box","group":"treasures","thglKey":"treasures/treasure_box","source":"thgl-nodes-raw-ascii","gameX":-4992.52,"gameY":880.13},"geometry":{"type":"Point","coordinates":[2637.3531857039857,7274.895095272428]}},{"type":"Feature","properties":{"nodeId":"treasure_box","group":"treasures","thglKey":"treasures/treasure_box","source":"thgl-nodes-raw-ascii","gameX":-6193.81,"gameY":999.81},"geometry":{"type":"Point","coordinates":[2130.5570336800906,7325.385287877228]}},{"type":"Feature","properties":{"nodeId":"treasure_box","group":"treasures","thglKey":"treasures/treasure_box","source":"thgl-nodes-raw-ascii","gameX":-4478.48,"gameY":1565.03},"geometry":{"type":"Point","coordinates":[2854.214637964775,7563.838385003604]}},{"type":"Feature","properties":{"nodeId":"treasure_box","group":"treasures","thglKey":"treasures/treasure_box","source":"thgl-nodes-raw-ascii","gameX":-7086.15,"gameY":-5804.96},"geometry":{"type":"Point","coordinates":[1754.0996601091772,4454.61199299619]}},{"type":"Feature","properties":{"nodeId":"treasure_box","group":"treasures","thglKey":"treasures/treasure_box","source":"thgl-nodes-raw-ascii","gameX":-6596.54,"gameY":-5604.64},"geometry":{"type":"Point","coordinates":[1960.6546668039964,4539.122315377485]}},{"type":"Feature","properties":{"nodeId":"treasure_box","group":"treasures","thglKey":"treasures/treasure_box","source":"thgl-nodes-raw-ascii","gameX":-6674.22,"gameY":-5304.89},"geometry":{"type":"Point","coordinates":[1927.8832917911216,4665.579829024617]}},{"type":"Feature","properties":{"nodeId":"treasure_box","group":"treasures","thglKey":"treasures/treasure_box","source":"thgl-nodes-raw-ascii","gameX":-6797.7,"gameY":-5253.32},"geometry":{"type":"Point","coordinates":[1875.7899680708622,4687.336005767845]}},{"type":"Feature","properties":{"nodeId":"treasure_box","group":"treasures","thglKey":"treasures/treasure_box","source":"thgl-nodes-raw-ascii","gameX":-6473.63,"gameY":-5149.32},"geometry":{"type":"Point","coordinates":[2012.5075208569367,4731.211173138326]}},{"type":"Feature","properties":{"nodeId":"treasure_box","group":"treasures","thglKey":"treasures/treasure_box","source":"thgl-nodes-raw-ascii","gameX":-6069.18,"gameY":-4760.33},"geometry":{"type":"Point","coordinates":[2183.1355155010815,4895.316955402204]}},{"type":"Feature","properties":{"nodeId":"treasure_box","group":"treasures","thglKey":"treasures/treasure_box","source":"thgl-nodes-raw-ascii","gameX":-5170.38,"gameY":-5082.97},"geometry":{"type":"Point","coordinates":[2562.318211968277,4759.202686167473]}},{"type":"Feature","properties":{"nodeId":"treasure_box","group":"treasures","thglKey":"treasures/treasure_box","source":"thgl-nodes-raw-ascii","gameX":-5149.3,"gameY":-4758.21},"geometry":{"type":"Point","coordinates":[2571.211370892986,4896.211333813987]}},{"type":"Feature","properties":{"nodeId":"treasure_box","group":"treasures","thglKey":"treasures/treasure_box","source":"thgl-nodes-raw-ascii","gameX":-4029.81,"gameY":-5139.19},"geometry":{"type":"Point","coordinates":[3043.498016273561,4735.484783190855]}},{"type":"Feature","properties":{"nodeId":"treasure_box","group":"treasures","thglKey":"treasures/treasure_box","source":"thgl-nodes-raw-ascii","gameX":-3184.99,"gameY":-5648.71},"geometry":{"type":"Point","coordinates":[3399.907813369039,4520.530213204243]}},{"type":"Feature","properties":{"nodeId":"treasure_box","group":"treasures","thglKey":"treasures/treasure_box","source":"thgl-nodes-raw-ascii","gameX":-3485.17,"gameY":-4842.87},"geometry":{"type":"Point","coordinates":[3273.268892779895,4860.495260067979]}},{"type":"Feature","properties":{"nodeId":"treasure_box","group":"treasures","thglKey":"treasures/treasure_box","source":"thgl-nodes-raw-ascii","gameX":-3424.13,"gameY":-4480.5},"geometry":{"type":"Point","coordinates":[3299.0202410134925,5013.370686991451]}},{"type":"Feature","properties":{"nodeId":"treasure_box","group":"treasures","thglKey":"treasures/treasure_box","source":"thgl-nodes-raw-ascii","gameX":-4254.62,"gameY":-3982.55},"geometry":{"type":"Point","coordinates":[2948.655935729735,5223.4441446080955]}},{"type":"Feature","properties":{"nodeId":"treasure_box","group":"treasures","thglKey":"treasures/treasure_box","source":"thgl-nodes-raw-ascii","gameX":-4359.88,"gameY":-3907.93},"geometry":{"type":"Point","coordinates":[2904.2492038314963,5254.924577196415]}},{"type":"Feature","properties":{"nodeId":"treasure_box","group":"treasures","thglKey":"treasures/treasure_box","source":"thgl-nodes-raw-ascii","gameX":-4398.08,"gameY":-3804.12},"geometry":{"type":"Point","coordinates":[2888.1335173550315,5298.719588011124]}},{"type":"Feature","properties":{"nodeId":"treasure_box","group":"treasures","thglKey":"treasures/treasure_box","source":"thgl-nodes-raw-ascii","gameX":-7092.32,"gameY":-4901.14},"geometry":{"type":"Point","coordinates":[1751.4966814296015,4835.912510042229]}},{"type":"Feature","properties":{"nodeId":"treasure_box","group":"treasures","thglKey":"treasures/treasure_box","source":"thgl-nodes-raw-ascii","gameX":-5553.07,"gameY":-2592.06},"geometry":{"type":"Point","coordinates":[2400.870252343187,5810.05935111752]}},{"type":"Feature","properties":{"nodeId":"treasure_box","group":"treasures","thglKey":"treasures/treasure_box","source":"thgl-nodes-raw-ascii","gameX":-5601.26,"gameY":-2666.72},"geometry":{"type":"Point","coordinates":[2380.540018539499,5778.562043464826]}},{"type":"Feature","properties":{"nodeId":"treasure_box","group":"treasures","thglKey":"treasures/treasure_box","source":"thgl-nodes-raw-ascii","gameX":-5481.1,"gameY":-3112.3},"geometry":{"type":"Point","coordinates":[2431.232711916778,5590.582263878876]}},{"type":"Feature","properties":{"nodeId":"treasure_box","group":"treasures","thglKey":"treasures/treasure_box","source":"thgl-nodes-raw-ascii","gameX":-5476.56,"gameY":-3361.47},"geometry":{"type":"Point","coordinates":[2433.1480317231435,5485.463269131734]}},{"type":"Feature","properties":{"nodeId":"treasure_box","group":"treasures","thglKey":"treasures/treasure_box","source":"thgl-nodes-raw-ascii","gameX":-6406.92,"gameY":-3737.27},"geometry":{"type":"Point","coordinates":[2040.6509094654443,5326.922039344938]}},{"type":"Feature","properties":{"nodeId":"treasure_box","group":"treasures","thglKey":"treasures/treasure_box","source":"thgl-nodes-raw-ascii","gameX":-5712.67,"gameY":-3980.9},"geometry":{"type":"Point","coordinates":[2333.538745493872,5224.140241013492]}},{"type":"Feature","properties":{"nodeId":"treasure_box","group":"treasures","thglKey":"treasures/treasure_box","source":"thgl-nodes-raw-ascii","gameX":-5856.59,"gameY":-3942.31},"geometry":{"type":"Point","coordinates":[2272.822263878875,5240.420459367598]}},{"type":"Feature","properties":{"nodeId":"treasure_box","group":"treasures","thglKey":"treasures/treasure_box","source":"thgl-nodes-raw-ascii","gameX":-5858.26,"gameY":-4072.91},"geometry":{"type":"Point","coordinates":[2272.1177299412916,5185.323374188897]}},{"type":"Feature","properties":{"nodeId":"treasure_box","group":"treasures","thglKey":"treasures/treasure_box","source":"thgl-nodes-raw-ascii","gameX":-7156.32,"gameY":-5175.95},"geometry":{"type":"Point","coordinates":[1724.4965784323824,4719.976599031826]}},{"type":"Feature","properties":{"nodeId":"treasure_box","group":"treasures","thglKey":"treasures/treasure_box","source":"thgl-nodes-raw-ascii","gameX":-5977.41,"gameY":-4217.21},"geometry":{"type":"Point","coordinates":[2221.851131939438,5124.446579462355]}},{"type":"Feature","properties":{"nodeId":"treasure_box","group":"treasures","thglKey":"treasures/treasure_box","source":"thgl-nodes-raw-ascii","gameX":-6998.1,"gameY":-3955.84},"geometry":{"type":"Point","coordinates":[1791.2458955608197,5234.712468843341]}},{"type":"Feature","properties":{"nodeId":"treasure_box","group":"treasures","thglKey":"treasures/treasure_box","source":"thgl-nodes-raw-ascii","gameX":-8317.77,"gameY":-5888.54},"geometry":{"type":"Point","coordinates":[1234.5079905242558,4419.351545988258]}},{"type":"Feature","properties":{"nodeId":"treasure_box","group":"treasures","thglKey":"treasures/treasure_box","source":"thgl-nodes-raw-ascii","gameX":-7149.62,"gameY":-3071.16},"geometry":{"type":"Point","coordinates":[1727.3231517149038,5607.9382675867755]}},{"type":"Feature","properties":{"nodeId":"treasure_box","group":"treasures","thglKey":"treasures/treasure_box","source":"thgl-nodes-raw-ascii","gameX":-9250.9,"gameY":-3879.89},"geometry":{"type":"Point","coordinates":[840.8422700587086,5266.753997322073]}},{"type":"Feature","properties":{"nodeId":"treasure_box","group":"treasures","thglKey":"treasures/treasure_box","source":"thgl-nodes-raw-ascii","gameX":-9159.93,"gameY":-3661.74},"geometry":{"type":"Point","coordinates":[879.2203852095993,5358.7863796477495]}},{"type":"Feature","properties":{"nodeId":"treasure_box","group":"treasures","thglKey":"treasures/treasure_box","source":"thgl-nodes-raw-ascii","gameX":-8408.83,"gameY":-3771.25},"geometry":{"type":"Point","coordinates":[1196.091906478525,5312.586672159851]}},{"type":"Feature","properties":{"nodeId":"treasure_box","group":"treasures","thglKey":"treasures/treasure_box","source":"thgl-nodes-raw-ascii","gameX":-7367.65,"gameY":-4778.93},"geometry":{"type":"Point","coordinates":[1635.3413945823465,4887.470050468637]}},{"type":"Feature","properties":{"nodeId":"treasure_box","group":"treasures","thglKey":"treasures/treasure_box","source":"thgl-nodes-raw-ascii","gameX":-7003.42,"gameY":-3905.11},"geometry":{"type":"Point","coordinates":[1789.001511999176,5256.11426923473]}},{"type":"Feature","properties":{"nodeId":"treasure_box","group":"treasures","thglKey":"treasures/treasure_box","source":"thgl-nodes-raw-ascii","gameX":-6520.01,"gameY":-3668.29},"geometry":{"type":"Point","coordinates":[1992.9408837161395,5356.023087856627]}},{"type":"Feature","properties":{"nodeId":"treasure_box","group":"treasures","thglKey":"treasures/treasure_box","source":"thgl-nodes-raw-ascii","gameX":-7924.63,"gameY":-3540.58},"geometry":{"type":"Point","coordinates":[1400.3645607168605,5409.90094963436]}},{"type":"Feature","properties":{"nodeId":"treasure_box","group":"treasures","thglKey":"treasures/treasure_box","source":"thgl-nodes-raw-ascii","gameX":-6297.25,"gameY":-3274.97},"geometry":{"type":"Point","coordinates":[2086.918117210835,5521.955595838913]}},{"type":"Feature","properties":{"nodeId":"treasure_box","group":"treasures","thglKey":"treasures/treasure_box","source":"thgl-nodes-raw-ascii","gameX":-6255.56,"gameY":-2857.53},"geometry":{"type":"Point","coordinates":[2104.5061530538674,5698.063767638274]}},{"type":"Feature","properties":{"nodeId":"treasure_box","group":"treasures","thglKey":"treasures/treasure_box","source":"thgl-nodes-raw-ascii","gameX":-6244.74,"gameY":-2840.66},"geometry":{"type":"Point","coordinates":[2109.070857966835,5705.180826037697]}},{"type":"Feature","properties":{"nodeId":"treasure_box","group":"treasures","thglKey":"treasures/treasure_box","source":"thgl-nodes-raw-ascii","gameX":-6832.43,"gameY":-3097.71},"geometry":{"type":"Point","coordinates":[1861.1381934287774,5596.737443609023]}},{"type":"Feature","properties":{"nodeId":"treasure_box","group":"treasures","thglKey":"treasures/treasure_box","source":"thgl-nodes-raw-ascii","gameX":-7700.64,"gameY":-3060.91},"geometry":{"type":"Point","coordinates":[1494.860702441034,5612.262502832424]}},{"type":"Feature","properties":{"nodeId":"treasure_box","group":"treasures","thglKey":"treasures/treasure_box","source":"thgl-nodes-raw-ascii","gameX":-9236.34,"gameY":-2744.68},"geometry":{"type":"Point","coordinates":[846.9847934905757,5745.672543001338]}},{"type":"Feature","properties":{"nodeId":"treasure_box","group":"treasures","thglKey":"treasures/treasure_box","source":"thgl-nodes-raw-ascii","gameX":-9208.93,"gameY":-2422.7},"geometry":{"type":"Point","coordinates":[858.5484313523534,5881.508373673911]}},{"type":"Feature","properties":{"nodeId":"treasure_box","group":"treasures","thglKey":"treasures/treasure_box","source":"thgl-nodes-raw-ascii","gameX":-8424.02,"gameY":-2774.6},"geometry":{"type":"Point","coordinates":[1189.6836007827787,5733.049994850139]}},{"type":"Feature","properties":{"nodeId":"treasure_box","group":"treasures","thglKey":"treasures/treasure_box","source":"thgl-nodes-raw-ascii","gameX":-7639.36,"gameY":-2735.36},"geometry":{"type":"Point","coordinates":[1520.7133010608716,5749.604433000309]}},{"type":"Feature","properties":{"nodeId":"treasure_box","group":"treasures","thglKey":"treasures/treasure_box","source":"thgl-nodes-raw-ascii","gameX":-6869,"gameY":-2462.84},"geometry":{"type":"Point","coordinates":[1845.7101658255226,5864.574246575343]}},{"type":"Feature","properties":{"nodeId":"treasure_box","group":"treasures","thglKey":"treasures/treasure_box","source":"thgl-nodes-raw-ascii","gameX":-6596.82,"gameY":-1890.91},"geometry":{"type":"Point","coordinates":[1960.5365413533837,6105.858135750334]}},{"type":"Feature","properties":{"nodeId":"treasure_box","group":"treasures","thglKey":"treasures/treasure_box","source":"thgl-nodes-raw-ascii","gameX":-7629.93,"gameY":-2055.87},"geometry":{"type":"Point","coordinates":[1524.6915974868677,6036.265370275003]}},{"type":"Feature","properties":{"nodeId":"treasure_box","group":"treasures","thglKey":"treasures/treasure_box","source":"thgl-nodes-raw-ascii","gameX":-7880.33,"gameY":-1663.79},"geometry":{"type":"Point","coordinates":[1419.0536945102483,6201.674751261716]}},{"type":"Feature","properties":{"nodeId":"treasure_box","group":"treasures","thglKey":"treasures/treasure_box","source":"thgl-nodes-raw-ascii","gameX":-8943.16,"gameY":-1774.62},"geometry":{"type":"Point","coordinates":[970.670577814399,6154.918166649501]}},{"type":"Feature","properties":{"nodeId":"treasure_box","group":"treasures","thglKey":"treasures/treasure_box","source":"thgl-nodes-raw-ascii","gameX":-9171.57,"gameY":-1606.46},"geometry":{"type":"Point","coordinates":[874.3097414769802,6225.860937274694]}},{"type":"Feature","properties":{"nodeId":"treasure_box","group":"treasures","thglKey":"treasures/treasure_box","source":"thgl-nodes-raw-ascii","gameX":-7800.44,"gameY":-3215.02},"geometry":{"type":"Point","coordinates":[1452.7574168297458,5547.2470985683385]}},{"type":"Feature","properties":{"nodeId":"treasure_box","group":"treasures","thglKey":"treasures/treasure_box","source":"thgl-nodes-raw-ascii","gameX":-7886.43,"gameY":-3302.02},"geometry":{"type":"Point","coordinates":[1416.4802471933256,5510.543833556494]}},{"type":"Feature","properties":{"nodeId":"treasure_box","group":"treasures","thglKey":"treasures/treasure_box","source":"thgl-nodes-raw-ascii","gameX":-7904.33,"gameY":-3303.63},"geometry":{"type":"Point","coordinates":[1408.9286558862912,5509.86461221547]}},{"type":"Feature","properties":{"nodeId":"treasure_box","group":"treasures","thglKey":"treasures/treasure_box","source":"thgl-nodes-raw-ascii","gameX":-8824.3,"gameY":-2822.15},"geometry":{"type":"Point","coordinates":[1020.8148315995471,5712.989762076424]}},{"type":"Feature","properties":{"nodeId":"treasure_box","group":"treasures","thglKey":"treasures/treasure_box","source":"thgl-nodes-raw-ascii","gameX":-8021.86,"gameY":-3422.15},"geometry":{"type":"Point","coordinates":[1359.3454979915543,5459.863796477495]}},{"type":"Feature","properties":{"nodeId":"treasure_box","group":"treasures","thglKey":"treasures/treasure_box","source":"thgl-nodes-raw-ascii","gameX":-7573.6,"gameY":-5288.81},"geometry":{"type":"Point","coordinates":[1548.455906890514,4672.363604902667]}},{"type":"Feature","properties":{"nodeId":"treasure_box","group":"treasures","thglKey":"treasures/treasure_box","source":"thgl-nodes-raw-ascii","gameX":-7863.72,"gameY":-5476.39},"geometry":{"type":"Point","coordinates":[1426.061064991245,4593.227990524256]}},{"type":"Feature","properties":{"nodeId":"treasure_box","group":"treasures","thglKey":"treasures/treasure_box","source":"thgl-nodes-raw-ascii","gameX":-8630.65,"gameY":-6369},"geometry":{"type":"Point","coordinates":[1102.5112369966012,4216.656710268823]}},{"type":"Feature","properties":{"nodeId":"treasure_box","group":"treasures","thglKey":"treasures/treasure_box","source":"thgl-nodes-raw-ascii","gameX":-7421.77,"gameY":-5253.57},"geometry":{"type":"Point","coordinates":[1612.5094324853228,4687.2305366155115]}},{"type":"Feature","properties":{"nodeId":"treasure_box","group":"treasures","thglKey":"treasures/treasure_box","source":"thgl-nodes-raw-ascii","gameX":-6304.25,"gameY":-2136.64},"geometry":{"type":"Point","coordinates":[2083.9649809455145,6002.190396539294]}},{"type":"Feature","properties":{"nodeId":"treasure_box","group":"treasures","thglKey":"treasures/treasure_box","source":"thgl-nodes-raw-ascii","gameX":-11481.16,"gameY":-7204.03},"geometry":{"type":"Point","coordinates":[-100.05225666906988,3864.377085178701]}},{"type":"Feature","properties":{"nodeId":"treasure_box","group":"treasures","thglKey":"treasures/treasure_box","source":"thgl-nodes-raw-ascii","gameX":-11779.44,"gameY":-5939.77},"geometry":{"type":"Point","coordinates":[-225.8896117004843,4397.738807292203]}},{"type":"Feature","properties":{"nodeId":"treasure_box","group":"treasures","thglKey":"treasures/treasure_box","source":"thgl-nodes-raw-ascii","gameX":-12408.96,"gameY":-5304.48},"geometry":{"type":"Point","coordinates":[-491.46937480687984,4665.752798434442]}},{"type":"Feature","properties":{"nodeId":"treasure_box","group":"treasures","thglKey":"treasures/treasure_box","source":"thgl-nodes-raw-ascii","gameX":-12435.05,"gameY":-3563.83},"geometry":{"type":"Point","coordinates":[-502.47613554433997,5400.092318467401]}},{"type":"Feature","properties":{"nodeId":"treasure_box","group":"treasures","thglKey":"treasures/treasure_box","source":"thgl-nodes-raw-ascii","gameX":-12765.18,"gameY":-2875.83},"geometry":{"type":"Point","coordinates":[-641.7502605829644,5690.343425687506]}},{"type":"Feature","properties":{"nodeId":"treasure_box","group":"treasures","thglKey":"treasures/treasure_box","source":"thgl-nodes-raw-ascii","gameX":-12585.92,"gameY":-2550.46},"geometry":{"type":"Point","coordinates":[-566.124659594191,5827.609418065713]}},{"type":"Feature","properties":{"nodeId":"treasure_box","group":"treasures","thglKey":"treasures/treasure_box","source":"thgl-nodes-raw-ascii","gameX":-11898.13,"gameY":-2027.02},"geometry":{"type":"Point","coordinates":[-275.9621464620452,6048.436510454218]}},{"type":"Feature","properties":{"nodeId":"treasure_box","group":"treasures","thglKey":"treasures/treasure_box","source":"thgl-nodes-raw-ascii","gameX":-11954.54,"gameY":-3144.84},"geometry":{"type":"Point","coordinates":[-299.76020599443854,5576.854399011227]}},{"type":"Feature","properties":{"nodeId":"treasure_box","group":"treasures","thglKey":"treasures/treasure_box","source":"thgl-nodes-raw-ascii","gameX":-11478.37,"gameY":-3220.6},"geometry":{"type":"Point","coordinates":[-98.87522092903525,5544.893027088268]}},{"type":"Feature","properties":{"nodeId":"treasure_box","group":"treasures","thglKey":"treasures/treasure_box","source":"thgl-nodes-raw-ascii","gameX":-11484.82,"gameY":-4593.55},"geometry":{"type":"Point","coordinates":[-101.59632505922328,4965.67753630652]}},{"type":"Feature","properties":{"nodeId":"treasure_box","group":"treasures","thglKey":"treasures/treasure_box","source":"thgl-nodes-raw-ascii","gameX":-11420.69,"gameY":-4827.16},"geometry":{"type":"Point","coordinates":[-74.54137810279144,4867.122941600577]}},{"type":"Feature","properties":{"nodeId":"treasure_box","group":"treasures","thglKey":"treasures/treasure_box","source":"thgl-nodes-raw-ascii","gameX":-10321.99,"gameY":-4803.98},"geometry":{"type":"Point","coordinates":[388.9744525697807,4876.902041404882]}},{"type":"Feature","properties":{"nodeId":"treasure_box","group":"treasures","thglKey":"treasures/treasure_box","source":"thgl-nodes-raw-ascii","gameX":-9975.85,"gameY":-5530.42},"geometry":{"type":"Point","coordinates":[535.0028221238025,4570.433997322072]}},{"type":"Feature","properties":{"nodeId":"treasure_box","group":"treasures","thglKey":"treasures/treasure_box","source":"thgl-nodes-raw-ascii","gameX":-10052.61,"gameY":-5473.71},"geometry":{"type":"Point","coordinates":[502.6195735915128,4594.358619837265]}},{"type":"Feature","properties":{"nodeId":"treasure_box","group":"treasures","thglKey":"treasures/treasure_box","source":"thgl-nodes-raw-ascii","gameX":-10183.08,"gameY":-5262.77},"geometry":{"type":"Point","coordinates":[447.577332372026,4683.349271809661]}},{"type":"Feature","properties":{"nodeId":"treasure_box","group":"treasures","thglKey":"treasures/treasure_box","source":"thgl-nodes-raw-ascii","gameX":-10007.81,"gameY":-5141.32},"geometry":{"type":"Point","coordinates":[521.5196456895666,4734.586186012978]}},{"type":"Feature","properties":{"nodeId":"treasure_box","group":"treasures","thglKey":"treasures/treasure_box","source":"thgl-nodes-raw-ascii","gameX":-9999.54,"gameY":-4861.46},"geometry":{"type":"Point","coordinates":[525.0085652487379,4852.652573900505]}},{"type":"Feature","properties":{"nodeId":"treasure_box","group":"treasures","thglKey":"treasures/treasure_box","source":"thgl-nodes-raw-ascii","gameX":-9973.41,"gameY":-4848.51},"geometry":{"type":"Point","coordinates":[536.0322010505716,4858.115875991348]}},{"type":"Feature","properties":{"nodeId":"treasure_box","group":"treasures","thglKey":"treasures/treasure_box","source":"thgl-nodes-raw-ascii","gameX":-9874.45,"gameY":-4925.9},"geometry":{"type":"Point","coordinates":[577.7811103100213,4825.46684519518]}},{"type":"Feature","properties":{"nodeId":"treasure_box","group":"treasures","thglKey":"treasures/treasure_box","source":"thgl-nodes-raw-ascii","gameX":-9393.81,"gameY":-5045.87},"geometry":{"type":"Point","coordinates":[780.5518838191371,4774.854308373674]}},{"type":"Feature","properties":{"nodeId":"treasure_box","group":"treasures","thglKey":"treasures/treasure_box","source":"thgl-nodes-raw-ascii","gameX":-9398.89,"gameY":-4142.09},"geometry":{"type":"Point","coordinates":[778.4087506437329,5156.137950355341]}},{"type":"Feature","properties":{"nodeId":"treasure_box","group":"treasures","thglKey":"treasures/treasure_box","source":"thgl-nodes-raw-ascii","gameX":-10847.97,"gameY":-3750.52},"geometry":{"type":"Point","coordinates":[167.07579359357325,5321.332174271294]}},{"type":"Feature","properties":{"nodeId":"treasure_box","group":"treasures","thglKey":"treasures/treasure_box","source":"thgl-nodes-raw-ascii","gameX":-10835.32,"gameY":-3735.08},"geometry":{"type":"Point","coordinates":[172.41253270161718,5327.8459491193735]}},{"type":"Feature","properties":{"nodeId":"treasure_box","group":"treasures","thglKey":"treasures/treasure_box","source":"thgl-nodes-raw-ascii","gameX":-10672.72,"gameY":-3239.99},"geometry":{"type":"Point","coordinates":[241.00966937892704,5536.71283963333]}},{"type":"Feature","properties":{"nodeId":"treasure_box","group":"treasures","thglKey":"treasures/treasure_box","source":"thgl-nodes-raw-ascii","gameX":-10413.48,"gameY":-3097.75},"geometry":{"type":"Point","coordinates":[350.3769615820375,5596.72056854465]}},{"type":"Feature","properties":{"nodeId":"treasure_box","group":"treasures","thglKey":"treasures/treasure_box","source":"thgl-nodes-raw-ascii","gameX":-10250.25,"gameY":-3079.84},"geometry":{"type":"Point","coordinates":[419.23988052322585,5604.2763786177775]}},{"type":"Feature","properties":{"nodeId":"treasure_box","group":"treasures","thglKey":"treasures/treasure_box","source":"thgl-nodes-raw-ascii","gameX":-10686.59,"gameY":-2636.25},"geometry":{"type":"Point","coordinates":[235.15824080749815,5791.416623751159]}},{"type":"Feature","properties":{"nodeId":"treasure_box","group":"treasures","thglKey":"treasures/treasure_box","source":"thgl-nodes-raw-ascii","gameX":-9592.33,"gameY":-2856.32},"geometry":{"type":"Point","coordinates":[696.800939334638,5698.5742383355655]}},{"type":"Feature","properties":{"nodeId":"treasure_box","group":"treasures","thglKey":"treasures/treasure_box","source":"thgl-nodes-raw-ascii","gameX":-9366.98,"gameY":-847.68},"geometry":{"type":"Point","coordinates":[791.8708332475024,6545.972470903285]}},{"type":"Feature","properties":{"nodeId":"treasure_box","group":"treasures","thglKey":"treasures/treasure_box","source":"thgl-nodes-raw-ascii","gameX":-10455.11,"gameY":-992.06},"geometry":{"type":"Point","coordinates":[332.8142383355647,6485.061926047997]}},{"type":"Feature","properties":{"nodeId":"treasure_box","group":"treasures","thglKey":"treasures/treasure_box","source":"thgl-nodes-raw-ascii","gameX":-10481.36,"gameY":-644.6},"geometry":{"type":"Point","coordinates":[321.7399773406116,6631.647172726336]}},{"type":"Feature","properties":{"nodeId":"treasure_box","group":"treasures","thglKey":"treasures/treasure_box","source":"thgl-nodes-raw-ascii","gameX":-10492.98,"gameY":-612.37},"geometry":{"type":"Point","coordinates":[316.8377711401794,6645.244255845092]}},{"type":"Feature","properties":{"nodeId":"treasure_box","group":"treasures","thglKey":"treasures/treasure_box","source":"thgl-nodes-raw-ascii","gameX":-11440.79,"gameY":-313},"geometry":{"type":"Point","coordinates":[-83.02109795035571,6771.541456380678]}},{"type":"Feature","properties":{"nodeId":"treasure_box","group":"treasures","thglKey":"treasures/treasure_box","source":"thgl-nodes-raw-ascii","gameX":-11400.79,"gameY":68.4},"geometry":{"type":"Point","coordinates":[-66.14603357709379,6932.445195179731]}},{"type":"Feature","properties":{"nodeId":"treasure_box","group":"treasures","thglKey":"treasures/treasure_box","source":"thgl-nodes-raw-ascii","gameX":-10096.96,"gameY":-26.77},"geometry":{"type":"Point","coordinates":[483.90934596765925,6892.295198269647]}},{"type":"Feature","properties":{"nodeId":"treasure_box","group":"treasures","thglKey":"treasures/treasure_box","source":"thgl-nodes-raw-ascii","gameX":-10029.14,"gameY":164.38},"geometry":{"type":"Point","coordinates":[512.5210176125247,6972.936912143373]}},{"type":"Feature","properties":{"nodeId":"treasure_box","group":"treasures","thglKey":"treasures/treasure_box","source":"thgl-nodes-raw-ascii","gameX":-9893.29,"gameY":67.08},"geometry":{"type":"Point","coordinates":[569.832954990215,6931.888318055413]}},{"type":"Feature","properties":{"nodeId":"treasure_box","group":"treasures","thglKey":"treasures/treasure_box","source":"thgl-nodes-raw-ascii","gameX":-9665.21,"gameY":335.99},"geometry":{"type":"Point","coordinates":[666.0545720465551,7045.33515707076]}},{"type":"Feature","properties":{"nodeId":"treasure_box","group":"treasures","thglKey":"treasures/treasure_box","source":"thgl-nodes-raw-ascii","gameX":-9701.06,"gameY":449.76},"geometry":{"type":"Point","coordinates":[650.930295602019,7093.332058914409]}},{"type":"Feature","properties":{"nodeId":"treasure_box","group":"treasures","thglKey":"treasures/treasure_box","source":"thgl-nodes-raw-ascii","gameX":-9767.76,"gameY":550.97},"geometry":{"type":"Point","coordinates":[622.7911257596044,7136.030190544856]}},{"type":"Feature","properties":{"nodeId":"treasure_box","group":"treasures","thglKey":"treasures/treasure_box","source":"thgl-nodes-raw-ascii","gameX":-10308.14,"gameY":575.14},"geometry":{"type":"Point","coordinates":[394.8174436090228,7146.226948192399]}},{"type":"Feature","properties":{"nodeId":"treasure_box","group":"treasures","thglKey":"treasures/treasure_box","source":"thgl-nodes-raw-ascii","gameX":-10653.17,"gameY":912.69},"geometry":{"type":"Point","coordinates":[249.2573570913585,7288.631397672262]}},{"type":"Feature","properties":{"nodeId":"treasure_box","group":"treasures","thglKey":"treasures/treasure_box","source":"thgl-nodes-raw-ascii","gameX":-9637.12,"gameY":1044.56},"geometry":{"type":"Point","coordinates":[677.9050860026775,7344.264266144814]}},{"type":"Feature","properties":{"nodeId":"treasure_box","group":"treasures","thglKey":"treasures/treasure_box","source":"thgl-nodes-raw-ascii","gameX":-10550,"gameY":-3792.73},"geometry":{"type":"Point","coordinates":[292.78236687609433,5303.52476259141]}},{"type":"Feature","properties":{"nodeId":"treasure_box","group":"treasures","thglKey":"treasures/treasure_box","source":"thgl-nodes-raw-ascii","gameX":-3905.93,"gameY":3381.83},"geometry":{"type":"Point","coordinates":[3095.760090637553,8330.303808837161]}},{"type":"Feature","properties":{"nodeId":"treasure_box","group":"treasures","thglKey":"treasures/treasure_box","source":"thgl-nodes-raw-ascii","gameX":-5144.98,"gameY":-2813.45},"geometry":{"type":"Point","coordinates":[2573.0338778452983,5716.660088577608]}},{"type":"Feature","properties":{"nodeId":"treasure_box","group":"treasures","thglKey":"treasures/treasure_box","source":"thgl-nodes-raw-ascii","gameX":-6375.31,"gameY":-4561.63},"geometry":{"type":"Point","coordinates":[2053.9864290864143,4979.143837676383]}},{"type":"Feature","properties":{"nodeId":"treasure_box","group":"treasures","thglKey":"treasures/treasure_box","source":"thgl-nodes-raw-ascii","gameX":-5561.96,"gameY":-4580.5},"geometry":{"type":"Point","coordinates":[2397.1197692862293,4971.1830260582965]}},{"type":"Feature","properties":{"nodeId":"treasure_box","group":"treasures","thglKey":"treasures/treasure_box","source":"thgl-nodes-raw-ascii","gameX":-5574.54,"gameY":-4904.73},"geometry":{"type":"Point","coordinates":[2391.8125615408385,4834.397973014728]}},{"type":"Feature","properties":{"nodeId":"treasure_box","group":"treasures","thglKey":"treasures/treasure_box","source":"thgl-nodes-raw-ascii","gameX":-8293.44,"gameY":-1475.15},"geometry":{"type":"Point","coordinates":[1244.7722484292922,6281.257554846019]}},{"type":"Feature","properties":{"nodeId":"treasure_box","group":"treasures","thglKey":"treasures/treasure_box","source":"thgl-nodes-raw-ascii","gameX":-8558.48,"gameY":-1867.01},"geometry":{"type":"Point","coordinates":[1132.958071892059,6115.940986713359]}},{"type":"Feature","properties":{"nodeId":"treasure_box","group":"treasures","thglKey":"treasures/treasure_box","source":"thgl-nodes-raw-ascii","gameX":-8430.83,"gameY":-1667.9},"geometry":{"type":"Point","coordinates":[1186.810621073231,6199.940838397363]}},{"type":"Feature","properties":{"nodeId":"treasure_box","group":"treasures","thglKey":"treasures/treasure_box","source":"thgl-nodes-raw-ascii","gameX":-8101.89,"gameY":-885.94},"geometry":{"type":"Point","coordinates":[1325.5827129467502,6529.83147183026]}},{"type":"Feature","properties":{"nodeId":"treasure_box","group":"treasures","thglKey":"treasures/treasure_box","source":"thgl-nodes-raw-ascii","gameX":-8394.18,"gameY":-6083.05},"geometry":{"type":"Point","coordinates":[1202.2723988052321,4337.292326707179]}},{"type":"Feature","properties":{"nodeId":"treasure_box","group":"treasures","thglKey":"treasures/treasure_box","source":"thgl-nodes-raw-ascii","gameX":-8211.57,"gameY":-5867.69},"geometry":{"type":"Point","coordinates":[1279.3112864352663,4428.147673292821]}},{"type":"Feature","properties":{"nodeId":"treasure_box","group":"treasures","thglKey":"treasures/treasure_box","source":"thgl-nodes-raw-ascii","gameX":-8955.72,"gameY":-4314.32},"geometry":{"type":"Point","coordinates":[965.3718076011951,5083.478141930168]}},{"type":"Feature","properties":{"nodeId":"treasure_box","group":"treasures","thglKey":"treasures/treasure_box","source":"thgl-nodes-raw-ascii","gameX":-7717.94,"gameY":-4250.69},"geometry":{"type":"Point","coordinates":[1487.5622370995984,5110.322150581935]}},{"type":"Feature","properties":{"nodeId":"treasure_box","group":"treasures","thglKey":"treasures/treasure_box","source":"thgl-nodes-raw-ascii","gameX":-7320.48,"gameY":-4034.38},"geometry":{"type":"Point","coordinates":[1655.2413142445155,5201.578279946441]}},{"type":"Feature","properties":{"nodeId":"treasure_box","group":"treasures","thglKey":"treasures/treasure_box","source":"thgl-nodes-raw-ascii","gameX":-6690.79,"gameY":-3740.53},"geometry":{"type":"Point","coordinates":[1920.892796374498,5325.546721598516]}},{"type":"Feature","properties":{"nodeId":"treasure_box","group":"treasures","thglKey":"treasures/treasure_box","source":"thgl-nodes-raw-ascii","gameX":-5708,"gameY":-2394.92},"geometry":{"type":"Point","coordinates":[2335.50890925945,5893.228105881141]}},{"type":"Feature","properties":{"nodeId":"treasure_box","group":"treasures","thglKey":"treasures/treasure_box","source":"thgl-nodes-raw-ascii","gameX":-4695.32,"gameY":-1199.9},"geometry":{"type":"Point","coordinates":[2762.734913997322,6397.379091564528]}},{"type":"Feature","properties":{"nodeId":"treasure_box","group":"treasures","thglKey":"treasures/treasure_box","source":"thgl-nodes-raw-ascii","gameX":-9926.52,"gameY":-2110.27},"geometry":{"type":"Point","coordinates":[555.8139952621277,6013.315282727366]}},{"type":"Feature","properties":{"nodeId":"treasure_box","group":"treasures","thglKey":"treasures/treasure_box","source":"thgl-nodes-raw-ascii","gameX":-11774.25,"gameY":-3228.23},"geometry":{"type":"Point","coordinates":[-223.70007209805334,5541.674108559069]}},{"type":"Feature","properties":{"nodeId":"treasure_box","group":"treasures","thglKey":"treasures/treasure_box","source":"thgl-nodes-raw-ascii","gameX":-10563.74,"gameY":-1533.17},"geometry":{"type":"Point","coordinates":[286.98578226387895,6256.780273972603]}},{"type":"Feature","properties":{"nodeId":"treasure_box","group":"treasures","thglKey":"treasures/treasure_box","source":"thgl-nodes-raw-ascii","gameX":-9422.85,"gameY":-3335.13},"geometry":{"type":"Point","coordinates":[768.3005870841486,5496.575499021526]}},{"type":"Feature","properties":{"nodeId":"treasure_box","group":"treasures","thglKey":"treasures/treasure_box","source":"thgl-nodes-raw-ascii","gameX":-11753.58,"gameY":-4181.41},"geometry":{"type":"Point","coordinates":[-214.97988258317022,5139.549762076424]}},{"type":"Feature","properties":{"nodeId":"treasure_box","group":"treasures","thglKey":"treasures/treasure_box","source":"thgl-nodes-raw-ascii","gameX":-11673.97,"gameY":-4334.11},"geometry":{"type":"Point","coordinates":[-181.39428571428545,5075.129203831496]}},{"type":"Feature","properties":{"nodeId":"treasure_box","group":"treasures","thglKey":"treasures/treasure_box","source":"thgl-nodes-raw-ascii","gameX":-9530.42,"gameY":-2922.98},"geometry":{"type":"Point","coordinates":[722.9193202183541,5670.451943557524]}},{"type":"Feature","properties":{"nodeId":"treasure_box","group":"treasures","thglKey":"treasures/treasure_box","source":"thgl-nodes-raw-ascii","gameX":-9648.78,"gameY":-2831.39},"geometry":{"type":"Point","coordinates":[672.9860047378718,5709.091622206201]}},{"type":"Feature","properties":{"nodeId":"treasure_box","group":"treasures","thglKey":"treasures/treasure_box","source":"thgl-nodes-raw-ascii","gameX":-11516.47,"gameY":-5196.04},"geometry":{"type":"Point","coordinates":[-114.94871974456662,4711.501097950355]}},{"type":"Feature","properties":{"nodeId":"treasure_box","group":"treasures","thglKey":"treasures/treasure_box","source":"thgl-nodes-raw-ascii","gameX":-12261.56,"gameY":-3820.92},"geometry":{"type":"Point","coordinates":[-429.28476259140984,5291.632060974353]}},{"type":"Feature","properties":{"nodeId":"treasure_box","group":"treasures","thglKey":"treasures/treasure_box","source":"thgl-nodes-raw-ascii","gameX":-12559.43,"gameY":-4811.2},"geometry":{"type":"Point","coordinates":[-554.9491482129984,4873.856092285508]}},{"type":"Feature","properties":{"nodeId":"treasure_box","group":"treasures","thglKey":"treasures/treasure_box","source":"thgl-nodes-raw-ascii","gameX":-11624.01,"gameY":-3721.35},"geometry":{"type":"Point","coordinates":[-160.31733031208168,5333.638314965496]}},{"type":"Feature","properties":{"nodeId":"treasure_box","group":"treasures","thglKey":"treasures/treasure_box","source":"thgl-nodes-raw-ascii","gameX":-11115.7,"gameY":-5322.38},"geometry":{"type":"Point","coordinates":[54.126768977237305,4658.2012071274075]}},{"type":"Feature","properties":{"nodeId":"treasure_box","group":"treasures","thglKey":"treasures/treasure_box","source":"thgl-nodes-raw-ascii","gameX":-11114.77,"gameY":-4481.86},"geometry":{"type":"Point","coordinates":[54.51911422391577,5012.79693480276]}},{"type":"Feature","properties":{"nodeId":"treasure_box","group":"treasures","thglKey":"treasures/treasure_box","source":"thgl-nodes-raw-ascii","gameX":-10903.1,"gameY":-5981.27},"geometry":{"type":"Point","coordinates":[143.81773612112457,4380.230928004944]}},{"type":"Feature","properties":{"nodeId":"treasure_box","group":"treasures","thglKey":"treasures/treasure_box","source":"thgl-nodes-raw-ascii","gameX":-10872.75,"gameY":-6463.65},"geometry":{"type":"Point","coordinates":[156.6216912143372,4176.726089195592]}},{"type":"Feature","properties":{"nodeId":"treasure_box","group":"treasures","thglKey":"treasures/treasure_box","source":"thgl-nodes-raw-ascii","gameX":-9339.45,"gameY":-4406.54},"geometry":{"type":"Point","coordinates":[803.4850963023995,5044.572681017612]}},{"type":"Feature","properties":{"nodeId":"treasure_box","group":"treasures","thglKey":"treasures/treasure_box","source":"thgl-nodes-raw-ascii","gameX":-11727.07,"gameY":990.83},"geometry":{"type":"Point","coordinates":[-203.7959336697908,7321.596835925431]}},{"type":"Feature","properties":{"nodeId":"treasure_box","group":"treasures","thglKey":"treasures/treasure_box","source":"thgl-nodes-raw-ascii","gameX":-11425.37,"gameY":866.99},"geometry":{"type":"Point","coordinates":[-76.5157606344632,7269.351636625812]}},{"type":"Feature","properties":{"nodeId":"treasure_box","group":"treasures","thglKey":"treasures/treasure_box","source":"thgl-nodes-raw-ascii","gameX":-10061.83,"gameY":610.69},"geometry":{"type":"Point","coordinates":[498.7298712534762,7161.224661654135]}},{"type":"Feature","properties":{"nodeId":"treasure_box","group":"treasures","thglKey":"treasures/treasure_box","source":"thgl-nodes-raw-ascii","gameX":-10420.84,"gameY":202.98},"geometry":{"type":"Point","coordinates":[347.27194973735703,6989.22134926357]}},{"type":"Feature","properties":{"nodeId":"treasure_box","group":"treasures","thglKey":"treasures/treasure_box","source":"thgl-nodes-raw-ascii","gameX":-5232.55,"gameY":-2585.87},"geometry":{"type":"Point","coordinates":[2536.0901431661346,5812.670767329282]}},{"type":"Feature","properties":{"nodeId":"treasure_box","group":"treasures","thglKey":"treasures/treasure_box","source":"thgl-nodes-raw-ascii","gameX":-4747.52,"gameY":-1998.52},"geometry":{"type":"Point","coordinates":[2740.712954990215,6060.459993820166]}},{"type":"Feature","properties":{"nodeId":"treasure_box","group":"treasures","thglKey":"treasures/treasure_box","source":"thgl-nodes-raw-ascii","gameX":-4469.59,"gameY":-1941.4},"geometry":{"type":"Point","coordinates":[2857.9651210217326,6084.557585745185]}},{"type":"Feature","properties":{"nodeId":"treasure_box","group":"treasures","thglKey":"treasures/treasure_box","source":"thgl-nodes-raw-ascii","gameX":-5754.91,"gameY":-2625.98},"geometry":{"type":"Point","coordinates":[2315.718677515707,5795.749296528994]}},{"type":"Feature","properties":{"nodeId":"treasure_box","group":"treasures","thglKey":"treasures/treasure_box","source":"thgl-nodes-raw-ascii","gameX":-10640.91,"gameY":-3832.51},"geometry":{"type":"Point","coordinates":[254.42956432176337,5286.742511072201]}},{"type":"Feature","properties":{"nodeId":"treasure_box","group":"treasures","thglKey":"treasures/treasure_box","source":"thgl-nodes-raw-ascii","gameX":-7872.33,"gameY":-3519.68},"geometry":{"type":"Point","coordinates":[1422.4287073849007,5418.718170769389]}},{"type":"Feature","properties":{"nodeId":"treasure_box","group":"treasures","thglKey":"treasures/treasure_box","source":"thgl-nodes-raw-ascii","gameX":-8482.31,"gameY":-974.03},"geometry":{"type":"Point","coordinates":[1165.092413224843,6492.668361314244]}},{"type":"Feature","properties":{"nodeId":"treasure_box","group":"treasures","thglKey":"treasures/treasure_box","source":"thgl-nodes-raw-ascii","gameX":-10831.55,"gameY":-3721.59},"geometry":{"type":"Point","coordinates":[174.0030075187973,5333.537064579256]}},{"type":"Feature","properties":{"nodeId":"treasure_box","group":"treasures","thglKey":"treasures/treasure_box","source":"thgl-nodes-raw-ascii","gameX":-11321.34,"gameY":-699.38},"geometry":{"type":"Point","coordinates":[-32.627936965701984,6608.536772067155]}},{"type":"Feature","properties":{"nodeId":"collection_chest","group":"treasures","thglKey":"treasures/collection_chest","source":"thgl-nodes-raw-ascii","gameX":-2978.37,"gameY":1476.02},"geometry":{"type":"Point","coordinates":[3487.075958389124,7526.287148007004]}},{"type":"Feature","properties":{"nodeId":"collection_chest","group":"treasures","thglKey":"treasures/collection_chest","source":"thgl-nodes-raw-ascii","gameX":-3513.94,"gameY":758.8},"geometry":{"type":"Point","coordinates":[3261.1315027294263,7223.708806262231]}},{"type":"Feature","properties":{"nodeId":"collection_chest","group":"treasures","thglKey":"treasures/collection_chest","source":"thgl-nodes-raw-ascii","gameX":-3764.32,"gameY":3382.87},"geometry":{"type":"Point","coordinates":[3155.5020372849935,8330.742560510866]}},{"type":"Feature","properties":{"nodeId":"collection_chest","group":"treasures","thglKey":"treasures/collection_chest","source":"thgl-nodes-raw-ascii","gameX":-3827.05,"gameY":3355.25},"geometry":{"type":"Point","coordinates":[3129.037717581625,8319.09032856113]}},{"type":"Feature","properties":{"nodeId":"collection_chest","group":"treasures","thglKey":"treasures/collection_chest","source":"thgl-nodes-raw-ascii","gameX":-3826.55,"gameY":3347.97},"geometry":{"type":"Point","coordinates":[3129.248655886291,8316.019066845196]}},{"type":"Feature","properties":{"nodeId":"collection_chest","group":"treasures","thglKey":"treasures/collection_chest","source":"thgl-nodes-raw-ascii","gameX":-3609.07,"gameY":434.69},"geometry":{"type":"Point","coordinates":[3220.9983808837164,7086.974378411783]}},{"type":"Feature","properties":{"nodeId":"collection_chest","group":"treasures","thglKey":"treasures/collection_chest","source":"thgl-nodes-raw-ascii","gameX":-3897.49,"gameY":-5300.96},"geometry":{"type":"Point","coordinates":[3099.320729220311,4667.23780409929]}},{"type":"Feature","properties":{"nodeId":"collection_chest","group":"treasures","thglKey":"treasures/collection_chest","source":"thgl-nodes-raw-ascii","gameX":-4085.09,"gameY":-5818.67},"geometry":{"type":"Point","coordinates":[3020.1766773097124,4448.828064682253]}},{"type":"Feature","properties":{"nodeId":"collection_chest","group":"treasures","thglKey":"treasures/collection_chest","source":"thgl-nodes-raw-ascii","gameX":-3867.68,"gameY":3334.79},"geometry":{"type":"Point","coordinates":[3111.8968709444844,8310.458733134206]}},{"type":"Feature","properties":{"nodeId":"collection_chest","group":"treasures","thglKey":"treasures/collection_chest","source":"thgl-nodes-raw-ascii","gameX":-3867.27,"gameY":3344.58},"geometry":{"type":"Point","coordinates":[3112.06984035431,8314.588905139562]}},{"type":"Feature","properties":{"nodeId":"collection_chest","group":"treasures","thglKey":"treasures/collection_chest","source":"thgl-nodes-raw-ascii","gameX":-3852.98,"gameY":3382},"geometry":{"type":"Point","coordinates":[3118.0984571016584,8330.375527860748]}},{"type":"Feature","properties":{"nodeId":"collection_chest","group":"treasures","thglKey":"treasures/collection_chest","source":"thgl-nodes-raw-ascii","gameX":-4256.38,"gameY":-3984.3},"geometry":{"type":"Point","coordinates":[2947.913432897312,5222.705860541766]}},{"type":"Feature","properties":{"nodeId":"collection_chest","group":"treasures","thglKey":"treasures/collection_chest","source":"thgl-nodes-raw-ascii","gameX":-4191.7,"gameY":-385.43},"geometry":{"type":"Point","coordinates":[2975.2004119888766,6740.984933566793]}},{"type":"Feature","properties":{"nodeId":"collection_chest","group":"treasures","thglKey":"treasures/collection_chest","source":"thgl-nodes-raw-ascii","gameX":-4217.01,"gameY":-419.63},"geometry":{"type":"Point","coordinates":[2964.522715006695,6726.556753527655]}},{"type":"Feature","properties":{"nodeId":"collection_chest","group":"treasures","thglKey":"treasures/collection_chest","source":"thgl-nodes-raw-ascii","gameX":-4204.23,"gameY":-386.24},"geometry":{"type":"Point","coordinates":[2969.914298073952,6740.643213513235]}},{"type":"Feature","properties":{"nodeId":"collection_chest","group":"treasures","thglKey":"treasures/collection_chest","source":"thgl-nodes-raw-ascii","gameX":-4400.15,"gameY":-3793.36},"geometry":{"type":"Point","coordinates":[2887.2602327737154,5303.2589803275305]}},{"type":"Feature","properties":{"nodeId":"collection_chest","group":"treasures","thglKey":"treasures/collection_chest","source":"thgl-nodes-raw-ascii","gameX":-4411.52,"gameY":-3795.48},"geometry":{"type":"Point","coordinates":[2882.4634957256153,5302.364601915749]}},{"type":"Feature","properties":{"nodeId":"collection_chest","group":"treasures","thglKey":"treasures/collection_chest","source":"thgl-nodes-raw-ascii","gameX":-4422.43,"gameY":-3805.43},"geometry":{"type":"Point","coordinates":[2877.860821917808,5298.166929652899]}},{"type":"Feature","properties":{"nodeId":"collection_chest","group":"treasures","thglKey":"treasures/collection_chest","source":"thgl-nodes-raw-ascii","gameX":-4422.07,"gameY":-3804.5},"geometry":{"type":"Point","coordinates":[2878.0126974971677,5298.559274899578]}},{"type":"Feature","properties":{"nodeId":"collection_chest","group":"treasures","thglKey":"treasures/collection_chest","source":"thgl-nodes-raw-ascii","gameX":-4416.08,"gameY":-3815.99},"geometry":{"type":"Point","coordinates":[2880.5397383870636,5293.711912658358]}},{"type":"Feature","properties":{"nodeId":"collection_chest","group":"treasures","thglKey":"treasures/collection_chest","source":"thgl-nodes-raw-ascii","gameX":-4414.52,"gameY":-3812.35},"geometry":{"type":"Point","coordinates":[2881.1978658976204,5295.247543516325]}},{"type":"Feature","properties":{"nodeId":"collection_chest","group":"treasures","thglKey":"treasures/collection_chest","source":"thgl-nodes-raw-ascii","gameX":-4369.88,"gameY":-3779.05},"geometry":{"type":"Point","coordinates":[2900.030437738181,5309.296034607066]}},{"type":"Feature","properties":{"nodeId":"collection_chest","group":"treasures","thglKey":"treasures/collection_chest","source":"thgl-nodes-raw-ascii","gameX":-4396.38,"gameY":-3926.45},"geometry":{"type":"Point","coordinates":[2888.850707590895,5247.111422391595]}},{"type":"Feature","properties":{"nodeId":"collection_chest","group":"treasures","thglKey":"treasures/collection_chest","source":"thgl-nodes-raw-ascii","gameX":-4400.11,"gameY":-3920.74},"geometry":{"type":"Point","coordinates":[2887.2771078380883,5249.520337830879]}},{"type":"Feature","properties":{"nodeId":"collection_chest","group":"treasures","thglKey":"treasures/collection_chest","source":"thgl-nodes-raw-ascii","gameX":-4438.63,"gameY":-3906.42},"geometry":{"type":"Point","coordinates":[2871.026420846637,5255.561610876506]}},{"type":"Feature","properties":{"nodeId":"collection_chest","group":"treasures","thglKey":"treasures/collection_chest","source":"thgl-nodes-raw-ascii","gameX":-4474.07,"gameY":-3887.16},"geometry":{"type":"Point","coordinates":[2856.075113811927,5263.686954372232]}},{"type":"Feature","properties":{"nodeId":"collection_chest","group":"treasures","thglKey":"treasures/collection_chest","source":"thgl-nodes-raw-ascii","gameX":-4482.92,"gameY":-3999.23},"geometry":{"type":"Point","coordinates":[2852.3415058193427,5216.407242764446]}},{"type":"Feature","properties":{"nodeId":"collection_chest","group":"treasures","thglKey":"treasures/collection_chest","source":"thgl-nodes-raw-ascii","gameX":-4480.29,"gameY":-3900.33},"geometry":{"type":"Point","coordinates":[2853.4510413018847,5258.130839427336]}},{"type":"Feature","properties":{"nodeId":"collection_chest","group":"treasures","thglKey":"treasures/collection_chest","source":"thgl-nodes-raw-ascii","gameX":-4516.38,"gameY":-3961.89},"geometry":{"type":"Point","coordinates":[2838.2255144711094,5232.160115356885]}},{"type":"Feature","properties":{"nodeId":"collection_chest","group":"treasures","thglKey":"treasures/collection_chest","source":"thgl-nodes-raw-ascii","gameX":-4503.57,"gameY":-3933.48},"geometry":{"type":"Point","coordinates":[2843.6297538366466,5244.1456298279945]}},{"type":"Feature","properties":{"nodeId":"collection_chest","group":"treasures","thglKey":"treasures/collection_chest","source":"thgl-nodes-raw-ascii","gameX":-4457.86,"gameY":-3897.19},"geometry":{"type":"Point","coordinates":[2862.9137336491917,5259.455531980636]}},{"type":"Feature","properties":{"nodeId":"collection_chest","group":"treasures","thglKey":"treasures/collection_chest","source":"thgl-nodes-raw-ascii","gameX":-4468.68,"gameY":-3957.12},"geometry":{"type":"Point","coordinates":[2858.3490287362238,5234.172466783397]}},{"type":"Feature","properties":{"nodeId":"collection_chest","group":"treasures","thglKey":"treasures/collection_chest","source":"thgl-nodes-raw-ascii","gameX":-4366.77,"gameY":-3924.06},"geometry":{"type":"Point","coordinates":[2901.342473993202,5248.119707487898]}},{"type":"Feature","properties":{"nodeId":"collection_chest","group":"treasures","thglKey":"treasures/collection_chest","source":"thgl-nodes-raw-ascii","gameX":-4420.87,"gameY":-3878.94},"geometry":{"type":"Point","coordinates":[2878.5189494283654,5267.154780100937]}},{"type":"Feature","properties":{"nodeId":"collection_chest","group":"treasures","thglKey":"treasures/collection_chest","source":"thgl-nodes-raw-ascii","gameX":-4484.2,"gameY":-3991.69},"geometry":{"type":"Point","coordinates":[2851.8015037593987,5219.588192398805]}},{"type":"Feature","properties":{"nodeId":"collection_chest","group":"treasures","thglKey":"treasures/collection_chest","source":"thgl-nodes-raw-ascii","gameX":-4436.5,"gameY":-4017},"geometry":{"type":"Point","coordinates":[2871.9250180245135,5208.910495416624]}},{"type":"Feature","properties":{"nodeId":"collection_chest","group":"treasures","thglKey":"treasures/collection_chest","source":"thgl-nodes-raw-ascii","gameX":-4400.53,"gameY":-3912},"geometry":{"type":"Point","coordinates":[2887.099919662169,5253.207539396436]}},{"type":"Feature","properties":{"nodeId":"collection_chest","group":"treasures","thglKey":"treasures/collection_chest","source":"thgl-nodes-raw-ascii","gameX":-4587.76,"gameY":-4140.61},"geometry":{"type":"Point","coordinates":[2808.1119620970235,5156.762327737151]}},{"type":"Feature","properties":{"nodeId":"collection_chest","group":"treasures","thglKey":"treasures/collection_chest","source":"thgl-nodes-raw-ascii","gameX":-4434.24,"gameY":-4292.94},"geometry":{"type":"Point","coordinates":[2872.8784591616027,5092.497863837677]}},{"type":"Feature","properties":{"nodeId":"collection_chest","group":"treasures","thglKey":"treasures/collection_chest","source":"thgl-nodes-raw-ascii","gameX":-4591.56,"gameY":-4578.16},"geometry":{"type":"Point","coordinates":[2806.5088309815633,4972.170217324132]}},{"type":"Feature","properties":{"nodeId":"collection_chest","group":"treasures","thglKey":"treasures/collection_chest","source":"thgl-nodes-raw-ascii","gameX":-4581.05,"gameY":-4587.99},"geometry":{"type":"Point","coordinates":[2810.942754145638,4968.023170254403]}},{"type":"Feature","properties":{"nodeId":"collection_chest","group":"treasures","thglKey":"treasures/collection_chest","source":"thgl-nodes-raw-ascii","gameX":-4587.65,"gameY":-4587.19},"geometry":{"type":"Point","coordinates":[2808.15836852405,4968.360671541869]}},{"type":"Feature","properties":{"nodeId":"collection_chest","group":"treasures","thglKey":"treasures/collection_chest","source":"thgl-nodes-raw-ascii","gameX":-4404.08,"gameY":-1642.85},"geometry":{"type":"Point","coordinates":[2885.602257699042,6210.508847461118]}},{"type":"Feature","properties":{"nodeId":"collection_chest","group":"treasures","thglKey":"treasures/collection_chest","source":"thgl-nodes-raw-ascii","gameX":-4671.89,"gameY":-3170.43},"geometry":{"type":"Point","coordinates":[2772.61948295396,5566.058576578433]}},{"type":"Feature","properties":{"nodeId":"collection_chest","group":"treasures","thglKey":"treasures/collection_chest","source":"thgl-nodes-raw-ascii","gameX":-4686.01,"gameY":-3169.14},"geometry":{"type":"Point","coordinates":[2766.6625852301986,5566.60279740447]}},{"type":"Feature","properties":{"nodeId":"collection_chest","group":"treasures","thglKey":"treasures/collection_chest","source":"thgl-nodes-raw-ascii","gameX":-4713.72,"gameY":-4174.14},"geometry":{"type":"Point","coordinates":[2754.9723843856214,5142.616805026265]}},{"type":"Feature","properties":{"nodeId":"collection_chest","group":"treasures","thglKey":"treasures/collection_chest","source":"thgl-nodes-raw-ascii","gameX":-5265.72,"gameY":-5291.96},"geometry":{"type":"Point","coordinates":[2522.096496034607,4671.034693583274]}},{"type":"Feature","properties":{"nodeId":"collection_chest","group":"treasures","thglKey":"treasures/collection_chest","source":"thgl-nodes-raw-ascii","gameX":-5296.22,"gameY":-5284.29},"geometry":{"type":"Point","coordinates":[2509.229259449995,4674.270487176846]}},{"type":"Feature","properties":{"nodeId":"collection_chest","group":"treasures","thglKey":"treasures/collection_chest","source":"thgl-nodes-raw-ascii","gameX":-5303.99,"gameY":-5272.74},"geometry":{"type":"Point","coordinates":[2505.9512781954886,4679.143162014626]}},{"type":"Feature","properties":{"nodeId":"collection_chest","group":"treasures","thglKey":"treasures/collection_chest","source":"thgl-nodes-raw-ascii","gameX":-5293.67,"gameY":-5260.41},"geometry":{"type":"Point","coordinates":[2510.30504480379,4684.3449006076835]}},{"type":"Feature","properties":{"nodeId":"collection_chest","group":"treasures","thglKey":"treasures/collection_chest","source":"thgl-nodes-raw-ascii","gameX":-5591.08,"gameY":-3854.06},"geometry":{"type":"Point","coordinates":[2384.8347224224945,5277.651070141106]}},{"type":"Feature","properties":{"nodeId":"collection_chest","group":"treasures","thglKey":"treasures/collection_chest","source":"thgl-nodes-raw-ascii","gameX":-5526.2,"gameY":-1155.54},"geometry":{"type":"Point","coordinates":[2412.2060768359256,6416.093537954474]}},{"type":"Feature","properties":{"nodeId":"collection_chest","group":"treasures","thglKey":"treasures/collection_chest","source":"thgl-nodes-raw-ascii","gameX":-5739.78,"gameY":-3820.04},"geometry":{"type":"Point","coordinates":[2322.1016706148935,5292.003312390565]}},{"type":"Feature","properties":{"nodeId":"collection_chest","group":"treasures","thglKey":"treasures/collection_chest","source":"thgl-nodes-raw-ascii","gameX":-5747,"gameY":-5079.65},"geometry":{"type":"Point","coordinates":[2319.0557214955197,4760.6033165104545]}},{"type":"Feature","properties":{"nodeId":"collection_chest","group":"treasures","thglKey":"treasures/collection_chest","source":"thgl-nodes-raw-ascii","gameX":-6135.47,"gameY":-3627.92},"geometry":{"type":"Point","coordinates":[2155.1693150684932,5373.054246575342]}},{"type":"Feature","properties":{"nodeId":"collection_chest","group":"treasures","thglKey":"treasures/collection_chest","source":"thgl-nodes-raw-ascii","gameX":-6054.9,"gameY":-3646.83},"geometry":{"type":"Point","coordinates":[2189.159913482336,5365.076559892883]}},{"type":"Feature","properties":{"nodeId":"collection_chest","group":"treasures","thglKey":"treasures/collection_chest","source":"thgl-nodes-raw-ascii","gameX":-6134.18,"gameY":-998.84},"geometry":{"type":"Point","coordinates":[2155.7135358945307,6482.201602636729]}},{"type":"Feature","properties":{"nodeId":"collection_chest","group":"treasures","thglKey":"treasures/collection_chest","source":"thgl-nodes-raw-ascii","gameX":-6008.22,"gameY":-1008.72},"geometry":{"type":"Point","coordinates":[2208.8531136059323,6478.033461736533]}},{"type":"Feature","properties":{"nodeId":"collection_chest","group":"treasures","thglKey":"treasures/collection_chest","source":"thgl-nodes-raw-ascii","gameX":-6134.48,"gameY":-815.49},"geometry":{"type":"Point","coordinates":[2155.5869729117317,6559.552678957668]}},{"type":"Feature","properties":{"nodeId":"collection_chest","group":"treasures","thglKey":"treasures/collection_chest","source":"thgl-nodes-raw-ascii","gameX":-6052.66,"gameY":-1826.84},"geometry":{"type":"Point","coordinates":[2190.104917087239,6132.887770110207]}},{"type":"Feature","properties":{"nodeId":"collection_chest","group":"treasures","thglKey":"treasures/collection_chest","source":"thgl-nodes-raw-ascii","gameX":-6161.42,"gameY":-3237.67},"geometry":{"type":"Point","coordinates":[2144.2216170563393,5537.691593366979]}},{"type":"Feature","properties":{"nodeId":"collection_chest","group":"treasures","thglKey":"treasures/collection_chest","source":"thgl-nodes-raw-ascii","gameX":-6652.7,"gameY":-3056.02},"geometry":{"type":"Point","coordinates":[1936.9620764239367,5614.325479452054]}},{"type":"Feature","properties":{"nodeId":"collection_chest","group":"treasures","thglKey":"treasures/collection_chest","source":"thgl-nodes-raw-ascii","gameX":-6651.03,"gameY":-3068.61},"geometry":{"type":"Point","coordinates":[1937.6666103615203,5609.014052940571]}},{"type":"Feature","properties":{"nodeId":"collection_chest","group":"treasures","thglKey":"treasures/collection_chest","source":"thgl-nodes-raw-ascii","gameX":-6655.86,"gameY":-3070.54},"geometry":{"type":"Point","coordinates":[1935.628946338449,5608.19983108456]}},{"type":"Feature","properties":{"nodeId":"collection_chest","group":"treasures","thglKey":"treasures/collection_chest","source":"thgl-nodes-raw-ascii","gameX":-6520.66,"gameY":-3453.29},"geometry":{"type":"Point","coordinates":[1992.6666639200741,5446.726558862911]}},{"type":"Feature","properties":{"nodeId":"collection_chest","group":"treasures","thglKey":"treasures/collection_chest","source":"thgl-nodes-raw-ascii","gameX":-6632.78,"gameY":-118.49},"geometry":{"type":"Point","coordinates":[1945.365858481821,6853.600675661757]}},{"type":"Feature","properties":{"nodeId":"collection_chest","group":"treasures","thglKey":"treasures/collection_chest","source":"thgl-nodes-raw-ascii","gameX":-6599.19,"gameY":-5616.34},"geometry":{"type":"Point","coordinates":[1959.536693789268,4534.186359048305]}},{"type":"Feature","properties":{"nodeId":"collection_chest","group":"treasures","thglKey":"treasures/collection_chest","source":"thgl-nodes-raw-ascii","gameX":-6595.6,"gameY":-5614.36},"geometry":{"type":"Point","coordinates":[1961.0512308167679,4535.021674734782]}},{"type":"Feature","properties":{"nodeId":"collection_chest","group":"treasures","thglKey":"treasures/collection_chest","source":"thgl-nodes-raw-ascii","gameX":-6594.32,"gameY":-5616.51},"geometry":{"type":"Point","coordinates":[1961.5912328767124,4534.114640024719]}},{"type":"Feature","properties":{"nodeId":"collection_chest","group":"treasures","thglKey":"treasures/collection_chest","source":"thgl-nodes-raw-ascii","gameX":-6785.79,"gameY":-2492.14},"geometry":{"type":"Point","coordinates":[1880.8145184880009,5852.213261921928]}},{"type":"Feature","properties":{"nodeId":"collection_chest","group":"treasures","thglKey":"treasures/collection_chest","source":"thgl-nodes-raw-ascii","gameX":-6783.37,"gameY":-2494.69},"geometry":{"type":"Point","coordinates":[1881.835459882583,5851.137476568132]}},{"type":"Feature","properties":{"nodeId":"collection_chest","group":"treasures","thglKey":"treasures/collection_chest","source":"thgl-nodes-raw-ascii","gameX":-6811.5,"gameY":-3104.31},"geometry":{"type":"Point","coordinates":[1869.9680708620867,5593.9530579874345]}},{"type":"Feature","properties":{"nodeId":"collection_chest","group":"treasures","thglKey":"treasures/collection_chest","source":"thgl-nodes-raw-ascii","gameX":-6809.36,"gameY":-3605.61},"geometry":{"type":"Point","coordinates":[1870.8708868060564,5382.466313729529]}},{"type":"Feature","properties":{"nodeId":"collection_chest","group":"treasures","thglKey":"treasures/collection_chest","source":"thgl-nodes-raw-ascii","gameX":-6679.22,"gameY":-159.47},"geometry":{"type":"Point","coordinates":[1925.7739087444638,6836.31217221135]}},{"type":"Feature","properties":{"nodeId":"collection_chest","group":"treasures","thglKey":"treasures/collection_chest","source":"thgl-nodes-raw-ascii","gameX":-7092.24,"gameY":-3070.83},"geometry":{"type":"Point","coordinates":[1751.530431558348,5608.0774868678545]}},{"type":"Feature","properties":{"nodeId":"collection_chest","group":"treasures","thglKey":"treasures/collection_chest","source":"thgl-nodes-raw-ascii","gameX":-6922.61,"gameY":-3049.02},"geometry":{"type":"Point","coordinates":[1823.0933607992586,5617.278615717375]}},{"type":"Feature","properties":{"nodeId":"collection_chest","group":"treasures","thglKey":"treasures/collection_chest","source":"thgl-nodes-raw-ascii","gameX":-7153.63,"gameY":-3096.95},"geometry":{"type":"Point","coordinates":[1725.631426511484,5597.058069832115]}},{"type":"Feature","properties":{"nodeId":"collection_chest","group":"treasures","thglKey":"treasures/collection_chest","source":"thgl-nodes-raw-ascii","gameX":-7136.57,"gameY":-3369.16},"geometry":{"type":"Point","coordinates":[1732.8286414666804,5482.219038005974]}},{"type":"Feature","properties":{"nodeId":"collection_chest","group":"treasures","thglKey":"treasures/collection_chest","source":"thgl-nodes-raw-ascii","gameX":-7138.36,"gameY":-3364.54},"geometry":{"type":"Point","coordinates":[1732.0734823359771,5484.1681079410855]}},{"type":"Feature","properties":{"nodeId":"collection_chest","group":"treasures","thglKey":"treasures/collection_chest","source":"thgl-nodes-raw-ascii","gameX":-6925.8,"gameY":-3893.38},"geometry":{"type":"Point","coordinates":[1821.7475744154908,5261.062881862189]}},{"type":"Feature","properties":{"nodeId":"collection_chest","group":"treasures","thglKey":"treasures/collection_chest","source":"thgl-nodes-raw-ascii","gameX":-7109.77,"gameY":-4.38},"geometry":{"type":"Point","coordinates":[1744.1349345967658,6901.74101555258]}},{"type":"Feature","properties":{"nodeId":"collection_chest","group":"treasures","thglKey":"treasures/collection_chest","source":"thgl-nodes-raw-ascii","gameX":-7230.82,"gameY":-2280.09},"geometry":{"type":"Point","coordinates":[1693.0667710371822,5941.672196930683]}},{"type":"Feature","properties":{"nodeId":"collection_chest","group":"treasures","thglKey":"treasures/collection_chest","source":"thgl-nodes-raw-ascii","gameX":-7242.23,"gameY":-2271.68},"geometry":{"type":"Point","coordinates":[1688.2531589247092,5945.220179215161]}},{"type":"Feature","properties":{"nodeId":"collection_chest","group":"treasures","thglKey":"treasures/collection_chest","source":"thgl-nodes-raw-ascii","gameX":-7596.57,"gameY":-2779.49},"geometry":{"type":"Point","coordinates":[1538.7654011741683,5730.987018230508]}},{"type":"Feature","properties":{"nodeId":"collection_chest","group":"treasures","thglKey":"treasures/collection_chest","source":"thgl-nodes-raw-ascii","gameX":-7534.46,"gameY":-3126.99},"geometry":{"type":"Point","coordinates":[1564.9681573797507,5584.384896487795]}},{"type":"Feature","properties":{"nodeId":"collection_chest","group":"treasures","thglKey":"treasures/collection_chest","source":"thgl-nodes-raw-ascii","gameX":-7797.4,"gameY":-3387.48},"geometry":{"type":"Point","coordinates":[1454.0399217221136,5474.49025852302]}},{"type":"Feature","properties":{"nodeId":"collection_chest","group":"treasures","thglKey":"treasures/collection_chest","source":"thgl-nodes-raw-ascii","gameX":-7856.42,"gameY":-3395.87},"geometry":{"type":"Point","coordinates":[1429.1407642393656,5470.950713770729]}},{"type":"Feature","properties":{"nodeId":"collection_chest","group":"treasures","thglKey":"treasures/collection_chest","source":"thgl-nodes-raw-ascii","gameX":-7991.4,"gameY":-2987.81},"geometry":{"type":"Point","coordinates":[1372.1958595117933,5643.1016829745595]}},{"type":"Feature","properties":{"nodeId":"collection_chest","group":"treasures","thglKey":"treasures/collection_chest","source":"thgl-nodes-raw-ascii","gameX":-8003.52,"gameY":-3327.8},"geometry":{"type":"Point","coordinates":[1367.0827150066946,5499.667854567927]}},{"type":"Feature","properties":{"nodeId":"collection_chest","group":"treasures","thglKey":"treasures/collection_chest","source":"thgl-nodes-raw-ascii","gameX":-8028.66,"gameY":-3512.85},"geometry":{"type":"Point","coordinates":[1356.4767370480997,5421.599588011123]}},{"type":"Feature","properties":{"nodeId":"collection_chest","group":"treasures","thglKey":"treasures/collection_chest","source":"thgl-nodes-raw-ascii","gameX":-8023.9,"gameY":-3481.22},"geometry":{"type":"Point","coordinates":[1358.484869708518,5434.943545164281]}},{"type":"Feature","properties":{"nodeId":"collection_chest","group":"treasures","thglKey":"treasures/collection_chest","source":"thgl-nodes-raw-ascii","gameX":-7955.26,"gameY":-3423.84},"geometry":{"type":"Point","coordinates":[1387.4424801730352,5459.150825007725]}},{"type":"Feature","properties":{"nodeId":"collection_chest","group":"treasures","thglKey":"treasures/collection_chest","source":"thgl-nodes-raw-ascii","gameX":-8059,"gameY":-3498.31},"geometry":{"type":"Point","coordinates":[1343.6770007209805,5427.733673910805]}},{"type":"Feature","properties":{"nodeId":"collection_chest","group":"treasures","thglKey":"treasures/collection_chest","source":"thgl-nodes-raw-ascii","gameX":-7975.1,"gameY":-3370.31},"geometry":{"type":"Point","coordinates":[1379.0724482438973,5481.733879905243]}},{"type":"Feature","properties":{"nodeId":"collection_chest","group":"treasures","thglKey":"treasures/collection_chest","source":"thgl-nodes-raw-ascii","gameX":-7956.58,"gameY":-3383.81},"geometry":{"type":"Point","coordinates":[1386.8856030487177,5476.0385456792665]}},{"type":"Feature","properties":{"nodeId":"collection_chest","group":"treasures","thglKey":"treasures/collection_chest","source":"thgl-nodes-raw-ascii","gameX":-8335.31,"gameY":-3238.93},"geometry":{"type":"Point","coordinates":[1227.1082747965806,5537.160028839221]}},{"type":"Feature","properties":{"nodeId":"collection_chest","group":"treasures","thglKey":"treasures/collection_chest","source":"thgl-nodes-raw-ascii","gameX":-8332.5,"gameY":-3255.04},"geometry":{"type":"Point","coordinates":[1228.2937480688022,5530.36359666289]}},{"type":"Feature","properties":{"nodeId":"collection_chest","group":"treasures","thglKey":"treasures/collection_chest","source":"thgl-nodes-raw-ascii","gameX":-8256.2,"gameY":-3109.32},"geometry":{"type":"Point","coordinates":[1260.482933360799,5591.839456174684]}},{"type":"Feature","properties":{"nodeId":"collection_chest","group":"treasures","thglKey":"treasures/collection_chest","source":"thgl-nodes-raw-ascii","gameX":-8317.05,"gameY":-3357.06},"geometry":{"type":"Point","coordinates":[1234.8117416829748,5487.323744978886]}},{"type":"Feature","properties":{"nodeId":"collection_chest","group":"treasures","thglKey":"treasures/collection_chest","source":"thgl-nodes-raw-ascii","gameX":-8297.1,"gameY":-3337.29},"geometry":{"type":"Point","coordinates":[1243.2281800391388,5495.66424554537]}},{"type":"Feature","properties":{"nodeId":"collection_chest","group":"treasures","thglKey":"treasures/collection_chest","source":"thgl-nodes-raw-ascii","gameX":-8419.63,"gameY":-3890.28},"geometry":{"type":"Point","coordinates":[1191.5356390977447,5262.370699351117]}},{"type":"Feature","properties":{"nodeId":"collection_chest","group":"treasures","thglKey":"treasures/collection_chest","source":"thgl-nodes-raw-ascii","gameX":-8369.77,"gameY":-3852.07},"geometry":{"type":"Point","coordinates":[1212.570406839015,5278.490604593676]}},{"type":"Feature","properties":{"nodeId":"collection_chest","group":"treasures","thglKey":"treasures/collection_chest","source":"thgl-nodes-raw-ascii","gameX":-8305.28,"gameY":-5885.69},"geometry":{"type":"Point","coordinates":[1239.7772293748067,4420.553894324854]}},{"type":"Feature","properties":{"nodeId":"collection_chest","group":"treasures","thglKey":"treasures/collection_chest","source":"thgl-nodes-raw-ascii","gameX":-8346.57,"gameY":-5856.18},"geometry":{"type":"Point","coordinates":[1222.3579441755073,4433.003473066227]}},{"type":"Feature","properties":{"nodeId":"collection_chest","group":"treasures","thglKey":"treasures/collection_chest","source":"thgl-nodes-raw-ascii","gameX":-8313.72,"gameY":-2258.95},"geometry":{"type":"Point","coordinates":[1236.216590792049,5950.590668451951]}},{"type":"Feature","properties":{"nodeId":"collection_chest","group":"treasures","thglKey":"treasures/collection_chest","source":"thgl-nodes-raw-ascii","gameX":-8461.29,"gameY":-2648.53},"geometry":{"type":"Point","coordinates":[1173.9602595529916,5786.235978988567]}},{"type":"Feature","properties":{"nodeId":"collection_chest","group":"treasures","thglKey":"treasures/collection_chest","source":"thgl-nodes-raw-ascii","gameX":-8460.13,"gameY":-2644.94},"geometry":{"type":"Point","coordinates":[1174.449636419817,5787.750516016067]}},{"type":"Feature","properties":{"nodeId":"collection_chest","group":"treasures","thglKey":"treasures/collection_chest","source":"thgl-nodes-raw-ascii","gameX":-8643.66,"gameY":-2699.24},"geometry":{"type":"Point","coordinates":[1097.0226223091977,5764.842616129365]}},{"type":"Feature","properties":{"nodeId":"collection_chest","group":"treasures","thglKey":"treasures/collection_chest","source":"thgl-nodes-raw-ascii","gameX":-8499.68,"gameY":-2951.51},"geometry":{"type":"Point","coordinates":[1157.764416520754,5658.415803893295]}},{"type":"Feature","properties":{"nodeId":"collection_chest","group":"treasures","thglKey":"treasures/collection_chest","source":"thgl-nodes-raw-ascii","gameX":-8547.99,"gameY":-3622.95},"geometry":{"type":"Point","coordinates":[1137.383557523947,5375.15097332372]}},{"type":"Feature","properties":{"nodeId":"collection_chest","group":"treasures","thglKey":"treasures/collection_chest","source":"thgl-nodes-raw-ascii","gameX":-8597.89,"gameY":-4158.21},"geometry":{"type":"Point","coordinates":[1116.3319147183029,5149.337299412916]}},{"type":"Feature","properties":{"nodeId":"collection_chest","group":"treasures","thglKey":"treasures/collection_chest","source":"thgl-nodes-raw-ascii","gameX":-8584.68,"gameY":-4156.27},"geometry":{"type":"Point","coordinates":[1121.9049047275723,5150.155740035018]}},{"type":"Feature","properties":{"nodeId":"collection_chest","group":"treasures","thglKey":"treasures/collection_chest","source":"thgl-nodes-raw-ascii","gameX":-8828.76,"gameY":-2782.47},"geometry":{"type":"Point","coordinates":[1018.933261921928,5729.7298259347]}},{"type":"Feature","properties":{"nodeId":"collection_chest","group":"treasures","thglKey":"treasures/collection_chest","source":"thgl-nodes-raw-ascii","gameX":-8751.43,"gameY":-3512.46},"geometry":{"type":"Point","coordinates":[1051.5569801215365,5421.764119888763]}},{"type":"Feature","properties":{"nodeId":"collection_chest","group":"treasures","thglKey":"treasures/collection_chest","source":"thgl-nodes-raw-ascii","gameX":-8929.33,"gameY":-1686.94},"geometry":{"type":"Point","coordinates":[976.5051313214543,6191.908307755691]}},{"type":"Feature","properties":{"nodeId":"collection_chest","group":"treasures","thglKey":"treasures/collection_chest","source":"thgl-nodes-raw-ascii","gameX":-9179.04,"gameY":-2785.27},"geometry":{"type":"Point","coordinates":[871.1583232052731,5728.548571428571]}},{"type":"Feature","properties":{"nodeId":"collection_chest","group":"treasures","thglKey":"treasures/collection_chest","source":"thgl-nodes-raw-ascii","gameX":-9181.31,"gameY":-2781.76},"geometry":{"type":"Point","coordinates":[870.200663302091,5730.029358327325]}},{"type":"Feature","properties":{"nodeId":"collection_chest","group":"treasures","thglKey":"treasures/collection_chest","source":"thgl-nodes-raw-ascii","gameX":-9192.52,"gameY":-3313.77},"geometry":{"type":"Point","coordinates":[865.471426511484,5505.586783396848]}},{"type":"Feature","properties":{"nodeId":"collection_chest","group":"treasures","thglKey":"treasures/collection_chest","source":"thgl-nodes-raw-ascii","gameX":-9195.91,"gameY":-3331.46},"geometry":{"type":"Point","coordinates":[864.0412648058503,5498.123786177774]}},{"type":"Feature","properties":{"nodeId":"collection_chest","group":"treasures","thglKey":"treasures/collection_chest","source":"thgl-nodes-raw-ascii","gameX":-9100.52,"gameY":-5951.51},"geometry":{"type":"Point","coordinates":[904.2840745699864,4392.785975898651]}},{"type":"Feature","properties":{"nodeId":"collection_chest","group":"treasures","thglKey":"treasures/collection_chest","source":"thgl-nodes-raw-ascii","gameX":-9170.85,"gameY":-1625.99},"geometry":{"type":"Point","coordinates":[874.6134926356987,6217.621687094448]}},{"type":"Feature","properties":{"nodeId":"collection_chest","group":"treasures","thglKey":"treasures/collection_chest","source":"thgl-nodes-raw-ascii","gameX":-9443.33,"gameY":-1360.71},"geometry":{"type":"Point","coordinates":[759.6605541250386,6329.537114017922]}},{"type":"Feature","properties":{"nodeId":"collection_chest","group":"treasures","thglKey":"treasures/collection_chest","source":"thgl-nodes-raw-ascii","gameX":-9419.66,"gameY":-1360.99},"geometry":{"type":"Point","coordinates":[769.6463734679164,6329.418988567309]}},{"type":"Feature","properties":{"nodeId":"collection_chest","group":"treasures","thglKey":"treasures/collection_chest","source":"thgl-nodes-raw-ascii","gameX":-9338.68,"gameY":-1575.8},"geometry":{"type":"Point","coordinates":[803.809941291585,6238.795674116799]}},{"type":"Feature","properties":{"nodeId":"collection_chest","group":"treasures","thglKey":"treasures/collection_chest","source":"thgl-nodes-raw-ascii","gameX":-9340.63,"gameY":-1574.93},"geometry":{"type":"Point","coordinates":[802.987281903389,6239.162706766917]}},{"type":"Feature","properties":{"nodeId":"collection_chest","group":"treasures","thglKey":"treasures/collection_chest","source":"thgl-nodes-raw-ascii","gameX":-9488.84,"gameY":-4184.3},"geometry":{"type":"Point","coordinates":[740.4609496343598,5138.330538675456]}},{"type":"Feature","properties":{"nodeId":"collection_chest","group":"treasures","thglKey":"treasures/collection_chest","source":"thgl-nodes-raw-ascii","gameX":-9718.58,"gameY":182.34},"geometry":{"type":"Point","coordinates":[643.5390174065301,6980.513816046967]}},{"type":"Feature","properties":{"nodeId":"collection_chest","group":"treasures","thglKey":"treasures/collection_chest","source":"thgl-nodes-raw-ascii","gameX":-9715.91,"gameY":1030.09},"geometry":{"type":"Point","coordinates":[644.6654279534454,7338.159711607786]}},{"type":"Feature","properties":{"nodeId":"collection_chest","group":"treasures","thglKey":"treasures/collection_chest","source":"thgl-nodes-raw-ascii","gameX":-9972.57,"gameY":-4335.23},"geometry":{"type":"Point","coordinates":[536.3865774024102,5074.656702029046]}},{"type":"Feature","properties":{"nodeId":"collection_chest","group":"treasures","thglKey":"treasures/collection_chest","source":"thgl-nodes-raw-ascii","gameX":-9865.11,"gameY":-62.1},"geometry":{"type":"Point","coordinates":[581.721437841178,6877.390297661963]}},{"type":"Feature","properties":{"nodeId":"collection_chest","group":"treasures","thglKey":"treasures/collection_chest","source":"thgl-nodes-raw-ascii","gameX":-9838.87,"gameY":-110.3},"geometry":{"type":"Point","coordinates":[592.7914800700378,6857.055845092183]}},{"type":"Feature","properties":{"nodeId":"collection_chest","group":"treasures","thglKey":"treasures/collection_chest","source":"thgl-nodes-raw-ascii","gameX":-9781.98,"gameY":-5831.47},"geometry":{"type":"Point","coordinates":[616.79204037491,4443.42804408281]}},{"type":"Feature","properties":{"nodeId":"collection_chest","group":"treasures","thglKey":"treasures/collection_chest","source":"thgl-nodes-raw-ascii","gameX":-9759.65,"gameY":175.8},"geometry":{"type":"Point","coordinates":[626.2125450612835,6977.754743021938]}},{"type":"Feature","properties":{"nodeId":"collection_chest","group":"treasures","thglKey":"treasures/collection_chest","source":"thgl-nodes-raw-ascii","gameX":-9838.91,"gameY":168.22},"geometry":{"type":"Point","coordinates":[592.7746050056649,6974.5569183232055]}},{"type":"Feature","properties":{"nodeId":"collection_chest","group":"treasures","thglKey":"treasures/collection_chest","source":"thgl-nodes-raw-ascii","gameX":-9736.92,"gameY":244.98},"geometry":{"type":"Point","coordinates":[635.8018003913894,7006.940166855495]}},{"type":"Feature","properties":{"nodeId":"collection_chest","group":"treasures","thglKey":"treasures/collection_chest","source":"thgl-nodes-raw-ascii","gameX":-9747.82,"gameY":54.06},"geometry":{"type":"Point","coordinates":[631.2033453496757,6926.395484601916]}},{"type":"Feature","properties":{"nodeId":"collection_chest","group":"treasures","thglKey":"treasures/collection_chest","source":"thgl-nodes-raw-ascii","gameX":-9903.95,"gameY":285.03},"geometry":{"type":"Point","coordinates":[565.3357503347406,7023.836325059223]}},{"type":"Feature","properties":{"nodeId":"collection_chest","group":"treasures","thglKey":"treasures/collection_chest","source":"thgl-nodes-raw-ascii","gameX":-10044.63,"gameY":-5978.61},"geometry":{"type":"Point","coordinates":[505.9861489339791,4381.353119785766]}},{"type":"Feature","properties":{"nodeId":"collection_chest","group":"treasures","thglKey":"treasures/collection_chest","source":"thgl-nodes-raw-ascii","gameX":-10046.94,"gameY":-5976.69},"geometry":{"type":"Point","coordinates":[505.0116139664227,4382.163122875683]}},{"type":"Feature","properties":{"nodeId":"collection_chest","group":"treasures","thglKey":"treasures/collection_chest","source":"thgl-nodes-raw-ascii","gameX":-10456.5,"gameY":-4143.96},"geometry":{"type":"Point","coordinates":[332.22782984859407,5155.349041095891]}},{"type":"Feature","properties":{"nodeId":"collection_chest","group":"treasures","thglKey":"treasures/collection_chest","source":"thgl-nodes-raw-ascii","gameX":-10454.34,"gameY":-4206.48},"geometry":{"type":"Point","coordinates":[333.1390833247502,5128.973315480483]}},{"type":"Feature","properties":{"nodeId":"collection_chest","group":"treasures","thglKey":"treasures/collection_chest","source":"thgl-nodes-raw-ascii","gameX":-10333.85,"gameY":-4229.05},"geometry":{"type":"Point","coordinates":[383.9709959831083,5119.45156040787]}},{"type":"Feature","properties":{"nodeId":"collection_chest","group":"treasures","thglKey":"treasures/collection_chest","source":"thgl-nodes-raw-ascii","gameX":-10440.09,"gameY":-4197.65},"geometry":{"type":"Point","coordinates":[339.15082500772473,5132.698485940879]}},{"type":"Feature","properties":{"nodeId":"collection_chest","group":"treasures","thglKey":"treasures/collection_chest","source":"thgl-nodes-raw-ascii","gameX":-10543.53,"gameY":-3821.18},"geometry":{"type":"Point","coordinates":[295.5119085384692,5291.522373055927]}},{"type":"Feature","properties":{"nodeId":"collection_chest","group":"treasures","thglKey":"treasures/collection_chest","source":"thgl-nodes-raw-ascii","gameX":-10699.22,"gameY":-3812.49},"geometry":{"type":"Point","coordinates":[229.82993923164102,5295.188480791019]}},{"type":"Feature","properties":{"nodeId":"collection_chest","group":"treasures","thglKey":"treasures/collection_chest","source":"thgl-nodes-raw-ascii","gameX":-10702.92,"gameY":-3798.46},"geometry":{"type":"Point","coordinates":[228.268995777114,5301.107409619941]}},{"type":"Feature","properties":{"nodeId":"collection_chest","group":"treasures","thglKey":"treasures/collection_chest","source":"thgl-nodes-raw-ascii","gameX":-10705.78,"gameY":-3811.34},"geometry":{"type":"Point","coordinates":[227.06242867442552,5295.67363889175]}},{"type":"Feature","properties":{"nodeId":"collection_chest","group":"treasures","thglKey":"treasures/collection_chest","source":"thgl-nodes-raw-ascii","gameX":-10557.58,"gameY":-3793.46},"geometry":{"type":"Point","coordinates":[289.58454217736124,5303.216792666598]}},{"type":"Feature","properties":{"nodeId":"collection_chest","group":"treasures","thglKey":"treasures/collection_chest","source":"thgl-nodes-raw-ascii","gameX":-10661.35,"gameY":-3839.74},"geometry":{"type":"Point","coordinates":[245.8064064270263,5283.692343186734]}},{"type":"Feature","properties":{"nodeId":"collection_chest","group":"treasures","thglKey":"treasures/collection_chest","source":"thgl-nodes-raw-ascii","gameX":-10654.02,"gameY":-3828.54},"geometry":{"type":"Point","coordinates":[248.89876197342653,5288.417361211247]}},{"type":"Feature","properties":{"nodeId":"collection_chest","group":"treasures","thglKey":"treasures/collection_chest","source":"thgl-nodes-raw-ascii","gameX":-10514.22,"gameY":-3865.24},"geometry":{"type":"Point","coordinates":[307.87711195797743,5272.934489648779]}},{"type":"Feature","properties":{"nodeId":"collection_chest","group":"treasures","thglKey":"treasures/collection_chest","source":"thgl-nodes-raw-ascii","gameX":-10760.15,"gameY":-3885.7},"geometry":{"type":"Point","coordinates":[204.12499742506967,5264.302894221856]}},{"type":"Feature","properties":{"nodeId":"collection_chest","group":"treasures","thglKey":"treasures/collection_chest","source":"thgl-nodes-raw-ascii","gameX":-10639.71,"gameY":-3872.45},"geometry":{"type":"Point","coordinates":[254.93581625296153,5269.892759295499]}},{"type":"Feature","properties":{"nodeId":"collection_chest","group":"treasures","thglKey":"treasures/collection_chest","source":"thgl-nodes-raw-ascii","gameX":-10601.68,"gameY":-3861.21},"geometry":{"type":"Point","coordinates":[270.9797837058398,5274.634652384386]}},{"type":"Feature","properties":{"nodeId":"collection_chest","group":"treasures","thglKey":"treasures/collection_chest","source":"thgl-nodes-raw-ascii","gameX":-10607.24,"gameY":-3862.76},"geometry":{"type":"Point","coordinates":[268.6341497579566,5273.9807436399215]}},{"type":"Feature","properties":{"nodeId":"collection_chest","group":"treasures","thglKey":"treasures/collection_chest","source":"thgl-nodes-raw-ascii","gameX":-10599.48,"gameY":-3867.04},"geometry":{"type":"Point","coordinates":[271.9079122463695,5272.1751117519825]}},{"type":"Feature","properties":{"nodeId":"collection_chest","group":"treasures","thglKey":"treasures/collection_chest","source":"thgl-nodes-raw-ascii","gameX":-10568.65,"gameY":-3853.71},"geometry":{"type":"Point","coordinates":[284.91436811206114,5277.798726954373]}},{"type":"Feature","properties":{"nodeId":"collection_chest","group":"treasures","thglKey":"treasures/collection_chest","source":"thgl-nodes-raw-ascii","gameX":-10532.75,"gameY":-5300.78},"geometry":{"type":"Point","coordinates":[300.05973838706353,4667.313741888969]}},{"type":"Feature","properties":{"nodeId":"collection_chest","group":"treasures","thglKey":"treasures/collection_chest","source":"thgl-nodes-raw-ascii","gameX":-10521.17,"gameY":-5296.45},"geometry":{"type":"Point","coordinates":[304.94506952312287,4669.140467607374]}},{"type":"Feature","properties":{"nodeId":"collection_chest","group":"treasures","thglKey":"treasures/collection_chest","source":"thgl-nodes-raw-ascii","gameX":-10543.7,"gameY":-5326.3},"geometry":{"type":"Point","coordinates":[295.4401895148828,4656.547450818828]}},{"type":"Feature","properties":{"nodeId":"collection_chest","group":"treasures","thglKey":"treasures/collection_chest","source":"thgl-nodes-raw-ascii","gameX":-10549.39,"gameY":-5331},"geometry":{"type":"Point","coordinates":[293.03971160778684,4654.56463075497]}},{"type":"Feature","properties":{"nodeId":"collection_chest","group":"treasures","thglKey":"treasures/collection_chest","source":"thgl-nodes-raw-ascii","gameX":-10684.35,"gameY":132.53},"geometry":{"type":"Point","coordinates":[236.1032444124007,6959.500142136162]}},{"type":"Feature","properties":{"nodeId":"collection_chest","group":"treasures","thglKey":"treasures/collection_chest","source":"thgl-nodes-raw-ascii","gameX":-10832.06,"gameY":-3727.79},"geometry":{"type":"Point","coordinates":[173.7878504480381,5330.921429601401]}},{"type":"Feature","properties":{"nodeId":"collection_chest","group":"treasures","thglKey":"treasures/collection_chest","source":"thgl-nodes-raw-ascii","gameX":-10829.27,"gameY":-3754.87},"geometry":{"type":"Point","coordinates":[174.96488618807274,5319.497011020703]}},{"type":"Feature","properties":{"nodeId":"collection_chest","group":"treasures","thglKey":"treasures/collection_chest","source":"thgl-nodes-raw-ascii","gameX":-10889.09,"gameY":427.63},"geometry":{"type":"Point","coordinates":[149.72822741785964,7083.995929549903]}},{"type":"Feature","properties":{"nodeId":"collection_chest","group":"treasures","thglKey":"treasures/collection_chest","source":"thgl-nodes-raw-ascii","gameX":-11075.92,"gameY":-4387.7},"geometry":{"type":"Point","coordinates":[70.90902049644656,5052.520836337419]}},{"type":"Feature","properties":{"nodeId":"collection_chest","group":"treasures","thglKey":"treasures/collection_chest","source":"thgl-nodes-raw-ascii","gameX":-11089.27,"gameY":-94.53},"geometry":{"type":"Point","coordinates":[65.27696776187024,6863.708839221341]}},{"type":"Feature","properties":{"nodeId":"collection_chest","group":"treasures","thglKey":"treasures/collection_chest","source":"thgl-nodes-raw-ascii","gameX":-11109.89,"gameY":-2278.86},"geometry":{"type":"Point","coordinates":[56.57787207745415,5942.19110516016]}},{"type":"Feature","properties":{"nodeId":"collection_chest","group":"treasures","thglKey":"treasures/collection_chest","source":"thgl-nodes-raw-ascii","gameX":-11051.55,"gameY":1246.87},"geometry":{"type":"Point","coordinates":[81.19015346585672,7429.614122978679]}},{"type":"Feature","properties":{"nodeId":"collection_chest","group":"treasures","thglKey":"treasures/collection_chest","source":"thgl-nodes-raw-ascii","gameX":-11050.78,"gameY":1242.16},"geometry":{"type":"Point","coordinates":[81.51499845504144,7427.627084148728]}},{"type":"Feature","properties":{"nodeId":"collection_chest","group":"treasures","thglKey":"treasures/collection_chest","source":"thgl-nodes-raw-ascii","gameX":-11358.12,"gameY":-4540.69},"geometry":{"type":"Point","coordinates":[-48.1445586569166,4987.977933875786]}},{"type":"Feature","properties":{"nodeId":"collection_chest","group":"treasures","thglKey":"treasures/collection_chest","source":"thgl-nodes-raw-ascii","gameX":-11367.94,"gameY":-4760.14},"geometry":{"type":"Point","coordinates":[-52.28738696055228,4895.397111957977]}},{"type":"Feature","properties":{"nodeId":"collection_chest","group":"treasures","thglKey":"treasures/collection_chest","source":"thgl-nodes-raw-ascii","gameX":-11446.63,"gameY":1026.58},"geometry":{"type":"Point","coordinates":[-85.48485734885125,7336.678924709034]}},{"type":"Feature","properties":{"nodeId":"collection_chest","group":"treasures","thglKey":"treasures/collection_chest","source":"thgl-nodes-raw-ascii","gameX":-11649.69,"gameY":-2332.01},"geometry":{"type":"Point","coordinates":[-171.15112163971594,5919.768363374189]}},{"type":"Feature","properties":{"nodeId":"collection_chest","group":"treasures","thglKey":"treasures/collection_chest","source":"thgl-nodes-raw-ascii","gameX":-11592.85,"gameY":-1252.99},"geometry":{"type":"Point","coordinates":[-147.17165516531068,6374.981662375116]}},{"type":"Feature","properties":{"nodeId":"collection_chest","group":"treasures","thglKey":"treasures/collection_chest","source":"thgl-nodes-raw-ascii","gameX":-11735.95,"gameY":1500.06},"geometry":{"type":"Point","coordinates":[-207.54219796065536,7536.429061695335]}},{"type":"Feature","properties":{"nodeId":"collection_chest","group":"treasures","thglKey":"treasures/collection_chest","source":"thgl-nodes-raw-ascii","gameX":-11738.57,"gameY":1508.29},"geometry":{"type":"Point","coordinates":[-208.6475146771036,7539.901106190133]}},{"type":"Feature","properties":{"nodeId":"collection_chest","group":"treasures","thglKey":"treasures/collection_chest","source":"thgl-nodes-raw-ascii","gameX":-12003.62,"gameY":-3121.84},"geometry":{"type":"Point","coordinates":[-320.46590998043087,5586.557561025852]}},{"type":"Feature","properties":{"nodeId":"collection_chest","group":"treasures","thglKey":"treasures/collection_chest","source":"thgl-nodes-raw-ascii","gameX":-12003.98,"gameY":-3126.89},"geometry":{"type":"Point","coordinates":[-320.6177855597897,5584.427084148729]}},{"type":"Feature","properties":{"nodeId":"collection_chest","group":"treasures","thglKey":"treasures/collection_chest","source":"thgl-nodes-raw-ascii","gameX":-12028.7,"gameY":-422.2},"geometry":{"type":"Point","coordinates":[-331.04657534246604,6725.472530641672]}},{"type":"Feature","properties":{"nodeId":"collection_chest","group":"treasures","thglKey":"treasures/collection_chest","source":"thgl-nodes-raw-ascii","gameX":-11997.34,"gameY":-276.3},"geometry":{"type":"Point","coordinates":[-317.8165248738285,6787.024327943146]}},{"type":"Feature","properties":{"nodeId":"collection_chest","group":"treasures","thglKey":"treasures/collection_chest","source":"thgl-nodes-raw-ascii","gameX":-11791.11,"gameY":-1766.25},"geometry":{"type":"Point","coordinates":[-230.8129117313835,6158.449273869605]}},{"type":"Feature","properties":{"nodeId":"collection_chest","group":"treasures","thglKey":"treasures/collection_chest","source":"thgl-nodes-raw-ascii","gameX":-11802.04,"gameY":-1767.87},"geometry":{"type":"Point","coordinates":[-235.42402307137743,6157.765833762489]}},{"type":"Feature","properties":{"nodeId":"collection_chest","group":"treasures","thglKey":"treasures/collection_chest","source":"thgl-nodes-raw-ascii","gameX":-12055.65,"gameY":-5045.49},"geometry":{"type":"Point","coordinates":[-342.41614996395083,4775.01462148522]}},{"type":"Feature","properties":{"nodeId":"collection_chest","group":"treasures","thglKey":"treasures/collection_chest","source":"thgl-nodes-raw-ascii","gameX":-12153.8,"gameY":-450.87},"geometry":{"type":"Point","coordinates":[-383.8233391698421,6713.377328252137]}},{"type":"Feature","properties":{"nodeId":"collection_chest","group":"treasures","thglKey":"treasures/collection_chest","source":"thgl-nodes-raw-ascii","gameX":-12162.47,"gameY":-449.9},"geometry":{"type":"Point","coordinates":[-387.48100937274666,6713.786548563189]}}]}