{"type":"FeatureCollection","features":[{"type":"Feature","properties":{"nodeId":"mine_copper","group":"mining","thglKey":"mining/mine_copper","source":"thgl-nodes-raw-ascii"},"geometry":{"type":"Point","coordinates":[6747.397458028633,6044.956028427232]}},{"type":"Feature","properties":{"nodeId":"mine_redstone","group":"mining","thglKey":"mining/mine_redstone","source":"thgl-nodes-raw-ascii"},"geometry":{"type":"Point","coordinates":[6755.784365022144,6045.112122772685]}},{"type":"Feature","properties":{"nodeId":"mine_sulfur","group":"mining","thglKey":"mining/mine_sulfur","source":"thgl-nodes-raw-ascii"},"geometry":{"type":"Point","coordinates":[-609.5357626944071,6678.84672777835]}},{"type":"Feature","properties":{"nodeId":"wshop","group":"exploration","thglKey":"exploration/wshop","source":"thgl-nodes-raw-ascii"},"geometry":{"type":"Point","coordinates":[289.69423009578753,5065.409166752498]}},{"type":"Feature","properties":{"nodeId":"wshop","group":"exploration","thglKey":"exploration/wshop","source":"thgl-nodes-raw-ascii"},"geometry":{"type":"Point","coordinates":[317.4663672880833,5057.7099186321975]}},{"type":"Feature","properties":{"nodeId":"wshop","group":"exploration","thglKey":"exploration/wshop","source":"thgl-nodes-raw-ascii"},"geometry":{"type":"Point","coordinates":[301.9666206612423,5066.50604593676]}},{"type":"Feature","properties":{"nodeId":"wshop","group":"exploration","thglKey":"exploration/wshop","source":"thgl-nodes-raw-ascii"},"geometry":{"type":"Point","coordinates":[304.4894427850448,5066.004012771656]}},{"type":"Feature","properties":{"nodeId":"wshop","group":"exploration","thglKey":"exploration/wshop","source":"thgl-nodes-raw-ascii"},"geometry":{"type":"Point","coordinates":[311.50946956432153,5063.3250963024]}},{"type":"Feature","properties":{"nodeId":"wshop","group":"exploration","thglKey":"exploration/wshop","source":"thgl-nodes-raw-ascii"},"geometry":{"type":"Point","coordinates":[280.06700587084174,5055.431784941807]}},{"type":"Feature","properties":{"nodeId":"tshop","group":"exploration","thglKey":"exploration/tshop","source":"thgl-nodes-raw-ascii"},"geometry":{"type":"Point","coordinates":[619.7493954063243,6878.786709238851]}},{"type":"Feature","properties":{"nodeId":"sshop","group":"exploration","thglKey":"exploration/sshop","source":"thgl-nodes-raw-ascii"},"geometry":{"type":"Point","coordinates":[610.4259223400969,6944.190239983521]}},{"type":"Feature","properties":{"nodeId":"tshop","group":"exploration","thglKey":"exploration/tshop","source":"thgl-nodes-raw-ascii"},"geometry":{"type":"Point","coordinates":[606.6163765578328,6950.5816706148935]}},{"type":"Feature","properties":{"nodeId":"tshop","group":"exploration","thglKey":"exploration/tshop","source":"thgl-nodes-raw-ascii"},"geometry":{"type":"Point","coordinates":[575.0051622206198,6985.3232093933475]}},{"type":"Feature","properties":{"nodeId":"tshop","group":"exploration","thglKey":"exploration/tshop","source":"thgl-nodes-raw-ascii"},"geometry":{"type":"Point","coordinates":[563.8507446698942,6987.230091667524]}},{"type":"Feature","properties":{"nodeId":"tshop","group":"exploration","thglKey":"exploration/tshop","source":"thgl-nodes-raw-ascii"},"geometry":{"type":"Point","coordinates":[617.6357935935731,6989.702288598208]}},{"type":"Feature","properties":{"nodeId":"vshop","group":"exploration","thglKey":"exploration/vshop","source":"thgl-nodes-raw-ascii"},"geometry":{"type":"Point","coordinates":[2223.424731692244,4908.504818209908]}},{"type":"Feature","properties":{"nodeId":"vshop","group":"exploration","thglKey":"exploration/vshop","source":"thgl-nodes-raw-ascii"},"geometry":{"type":"Point","coordinates":[2892.9893171284375,5100.184455659697]}},{"type":"Feature","properties":{"nodeId":"vshop","group":"exploration","thglKey":"exploration/vshop","source":"thgl-nodes-raw-ascii"},"geometry":{"type":"Point","coordinates":[2651.895272427644,5114.093727469358]}},{"type":"Feature","properties":{"nodeId":"vshop","group":"exploration","thglKey":"exploration/vshop","source":"thgl-nodes-raw-ascii"},"geometry":{"type":"Point","coordinates":[2482.098374703883,4666.9720218354105]}},{"type":"Feature","properties":{"nodeId":"vshop","group":"exploration","thglKey":"exploration/vshop","source":"thgl-nodes-raw-ascii"},"geometry":{"type":"Point","coordinates":[1027.2779812545064,5694.798442682048]}},{"type":"Feature","properties":{"nodeId":"vshop","group":"exploration","thglKey":"exploration/vshop","source":"thgl-nodes-raw-ascii"},"geometry":{"type":"Point","coordinates":[1414.3202389535481,5768.614193016789]}},{"type":"Feature","properties":{"nodeId":"vshop","group":"exploration","thglKey":"exploration/vshop","source":"thgl-nodes-raw-ascii"},"geometry":{"type":"Point","coordinates":[1790.7143310330623,5271.601359563292]}},{"type":"Feature","properties":{"nodeId":"vshop","group":"exploration","thglKey":"exploration/vshop","source":"thgl-nodes-raw-ascii"},"geometry":{"type":"Point","coordinates":[1281.1422309197653,4985.147141827171]}},{"type":"Feature","properties":{"nodeId":"vshop","group":"exploration","thglKey":"exploration/vshop","source":"thgl-nodes-raw-ascii"},"geometry":{"type":"Point","coordinates":[1217.4599567411678,5490.525788443712]}},{"type":"Feature","properties":{"nodeId":"vshop","group":"exploration","thglKey":"exploration/vshop","source":"thgl-nodes-raw-ascii"},"geometry":{"type":"Point","coordinates":[1553.214675043774,6223.0765516531055]}},{"type":"Feature","properties":{"nodeId":"vshop","group":"exploration","thglKey":"exploration/vshop","source":"thgl-nodes-raw-ascii"},"geometry":{"type":"Point","coordinates":[1277.6490925945,5559.48995777114]}},{"type":"Feature","properties":{"nodeId":"vshop","group":"exploration","thglKey":"exploration/vshop","source":"thgl-nodes-raw-ascii"},"geometry":{"type":"Point","coordinates":[946.0161087650632,5645.907162426614]}},{"type":"Feature","properties":{"nodeId":"vshop","group":"exploration","thglKey":"exploration/vshop","source":"thgl-nodes-raw-ascii"},"geometry":{"type":"Point","coordinates":[1116.8634792460607,5486.416710268823]}},{"type":"Feature","properties":{"nodeId":"vshop","group":"exploration","thglKey":"exploration/vshop","source":"thgl-nodes-raw-ascii"},"geometry":{"type":"Point","coordinates":[1037.5886455865689,5386.3349222371]}},{"type":"Feature","properties":{"nodeId":"vshop","group":"exploration","thglKey":"exploration/vshop","source":"thgl-nodes-raw-ascii"},"geometry":{"type":"Point","coordinates":[855.0679493253681,5510.096644350602]}},{"type":"Feature","properties":{"nodeId":"vshop","group":"exploration","thglKey":"exploration/vshop","source":"thgl-nodes-raw-ascii"},"geometry":{"type":"Point","coordinates":[1127.929302708827,4903.36636110825]}},{"type":"Feature","properties":{"nodeId":"vshop","group":"exploration","thglKey":"exploration/vshop","source":"thgl-nodes-raw-ascii"},"geometry":{"type":"Point","coordinates":[1403.0139458234626,5895.978741373983]}},{"type":"Feature","properties":{"nodeId":"vshop","group":"exploration","thglKey":"exploration/vshop","source":"thgl-nodes-raw-ascii"},"geometry":{"type":"Point","coordinates":[1545.338238747554,5498.88316407457]}},{"type":"Feature","properties":{"nodeId":"wshop","group":"exploration","thglKey":"exploration/wshop","source":"thgl-nodes-raw-ascii"},"geometry":{"type":"Point","coordinates":[513.9596168503452,4926.35863631682]}},{"type":"Feature","properties":{"nodeId":"wshop","group":"exploration","thglKey":"exploration/wshop","source":"thgl-nodes-raw-ascii"},"geometry":{"type":"Point","coordinates":[302.29568441652043,6025.7901740653]}},{"type":"Feature","properties":{"nodeId":"wshop","group":"exploration","thglKey":"exploration/wshop","source":"thgl-nodes-raw-ascii"},"geometry":{"type":"Point","coordinates":[-446.20623339169845,4571.092124832629]}},{"type":"Feature","properties":{"nodeId":"vshop","group":"exploration","thglKey":"exploration/vshop","source":"thgl-nodes-raw-ascii"},"geometry":{"type":"Point","coordinates":[1806.5557977134615,5474.2877577505415]}},{"type":"Feature","properties":{"nodeId":"vshop","group":"exploration","thglKey":"exploration/vshop","source":"thgl-nodes-raw-ascii"},"geometry":{"type":"Point","coordinates":[1884.0882809764137,5490.487819548873]}},{"type":"Feature","properties":{"nodeId":"vshop","group":"exploration","thglKey":"exploration/vshop","source":"thgl-nodes-raw-ascii"},"geometry":{"type":"Point","coordinates":[1853.1689442785046,5649.290612833453]}},{"type":"Feature","properties":{"nodeId":"vshop","group":"exploration","thglKey":"exploration/vshop","source":"thgl-nodes-raw-ascii"},"geometry":{"type":"Point","coordinates":[2154.553375218869,6478.872996189103]}},{"type":"Feature","properties":{"nodeId":"vshop","group":"exploration","thglKey":"exploration/vshop","source":"thgl-nodes-raw-ascii"},"geometry":{"type":"Point","coordinates":[2347.840362550211,6130.647605314657]}},{"type":"Feature","properties":{"nodeId":"tshop","group":"exploration","thglKey":"exploration/tshop","source":"thgl-nodes-raw-ascii"},"geometry":{"type":"Point","coordinates":[1933.73472036255,7011.040807498198]}},{"type":"Feature","properties":{"nodeId":"ushop","group":"exploration","thglKey":"exploration/ushop","source":"thgl-nodes-raw-ascii"},"geometry":{"type":"Point","coordinates":[2863.778580698321,7892.560420228654]}},{"type":"Feature","properties":{"nodeId":"warehouse","group":"services","thglKey":"services/warehouse","source":"thgl-nodes-raw-ascii"},"geometry":{"type":"Point","coordinates":[319.3184056030486,5062.067904006592]}},{"type":"Feature","properties":{"nodeId":"warehouse","group":"services","thglKey":"services/warehouse","source":"thgl-nodes-raw-ascii"},"geometry":{"type":"Point","coordinates":[309.5224307343703,5059.612582140282]}},{"type":"Feature","properties":{"nodeId":"warehouse","group":"services","thglKey":"services/warehouse","source":"thgl-nodes-raw-ascii"},"geometry":{"type":"Point","coordinates":[645.2518364404159,6964.385473272222]}},{"type":"Feature","properties":{"nodeId":"smithy","group":"services","thglKey":"services/smithy","source":"thgl-nodes-raw-ascii"},"geometry":{"type":"Point","coordinates":[311.9397837058399,5069.636370378]}},{"type":"Feature","properties":{"nodeId":"vsmithy","group":"exploration","thglKey":"exploration/vsmithy","source":"thgl-nodes-raw-ascii"},"geometry":{"type":"Point","coordinates":[632.2074116798844,6977.421460500565]}},{"type":"Feature","properties":{"nodeId":"smithy","group":"services","thglKey":"services/smithy","source":"thgl-nodes-raw-ascii"},"geometry":{"type":"Point","coordinates":[-271.9838500360493,6006.797289113194]}},{"type":"Feature","properties":{"nodeId":"smithy","group":"services","thglKey":"services/smithy","source":"thgl-nodes-raw-ascii"},"geometry":{"type":"Point","coordinates":[2861.6987290143165,5223.625551550109]}},{"type":"Feature","properties":{"nodeId":"smithy","group":"services","thglKey":"services/smithy","source":"thgl-nodes-raw-ascii"},"geometry":{"type":"Point","coordinates":[2884.6530353280464,5242.445467092389]}},{"type":"Feature","properties":{"nodeId":"smithy","group":"services","thglKey":"services/smithy","source":"thgl-nodes-raw-ascii"},"geometry":{"type":"Point","coordinates":[1374.0478978267586,5487.977653723349]}},{"type":"Feature","properties":{"nodeId":"smithy","group":"services","thglKey":"services/smithy","source":"thgl-nodes-raw-ascii"},"geometry":{"type":"Point","coordinates":[988.7226779276956,4409.205413533835]}},{"type":"Feature","properties":{"nodeId":"wsmithy","group":"exploration","thglKey":"exploration/wsmithy","source":"thgl-nodes-raw-ascii"},"geometry":{"type":"Point","coordinates":[1591.5927901946645,6531.983042537851]}},{"type":"Feature","properties":{"nodeId":"smithy","group":"services","thglKey":"services/smithy","source":"thgl-nodes-raw-ascii"},"geometry":{"type":"Point","coordinates":[255.8850386239575,5279.625452672777]}},{"type":"Feature","properties":{"nodeId":"smithy","group":"services","thglKey":"services/smithy","source":"thgl-nodes-raw-ascii"},"geometry":{"type":"Point","coordinates":[533.108596147904,5201.09312184571]}},{"type":"Feature","properties":{"nodeId":"smithy","group":"services","thglKey":"services/smithy","source":"thgl-nodes-raw-ascii"},"geometry":{"type":"Point","coordinates":[-183.16194870738485,5143.144150787929]}},{"type":"Feature","properties":{"nodeId":"smithy","group":"services","thglKey":"services/smithy","source":"thgl-nodes-raw-ascii"},"geometry":{"type":"Point","coordinates":[-248.29125965598965,5724.561837470388]}},{"type":"Feature","properties":{"nodeId":"smithy","group":"services","thglKey":"services/smithy","source":"thgl-nodes-raw-ascii"},"geometry":{"type":"Point","coordinates":[-432.8791513029148,4693.1072777835]}},{"type":"Feature","properties":{"nodeId":"smithy","group":"services","thglKey":"services/smithy","source":"thgl-nodes-raw-ascii"},"geometry":{"type":"Point","coordinates":[113.77590277062541,7450.615140591205]}},{"type":"Feature","properties":{"nodeId":"vsmithy","group":"exploration","thglKey":"exploration/vsmithy","source":"thgl-nodes-raw-ascii"},"geometry":{"type":"Point","coordinates":[632.9414769801213,6976.143174374291]}},{"type":"Feature","properties":{"nodeId":"smithy","group":"services","thglKey":"services/smithy","source":"thgl-nodes-raw-ascii"},"geometry":{"type":"Point","coordinates":[2641.8925780203936,6411.263050777629]}},{"type":"Feature","properties":{"nodeId":"smithy","group":"services","thglKey":"services/smithy","source":"thgl-nodes-raw-ascii"},"geometry":{"type":"Point","coordinates":[-310.02446389947505,6793.116226181893]}},{"type":"Feature","properties":{"nodeId":"smithy","group":"services","thglKey":"services/smithy","source":"thgl-nodes-raw-ascii"},"geometry":{"type":"Point","coordinates":[1952.4997919456175,5515.728697085179]}},{"type":"Feature","properties":{"nodeId":"smithy","group":"services","thglKey":"services/smithy","source":"thgl-nodes-raw-ascii"},"geometry":{"type":"Point","coordinates":[1278.239719847564,6187.908917499228]}},{"type":"Feature","properties":{"nodeId":"wsmithy","group":"exploration","thglKey":"exploration/wsmithy","source":"thgl-nodes-raw-ascii"},"geometry":{"type":"Point","coordinates":[2214.3248532289626,6544.149963950973]}},{"type":"Feature","properties":{"nodeId":"wsmithy","group":"exploration","thglKey":"exploration/wsmithy","source":"thgl-nodes-raw-ascii"},"geometry":{"type":"Point","coordinates":[3146.8198166649504,8317.571572767536]}},{"type":"Feature","properties":{"nodeId":"furniture_shop","group":"services","thglKey":"services/furniture_shop","source":"thgl-nodes-raw-ascii"},"geometry":{"type":"Point","coordinates":[291.08642290658133,5055.393816046967]}},{"type":"Feature","properties":{"nodeId":"furniture_shop","group":"services","thglKey":"services/furniture_shop","source":"thgl-nodes-raw-ascii"},"geometry":{"type":"Point","coordinates":[590.8719414975795,6883.8112596559895]}},{"type":"Feature","properties":{"nodeId":"furniture_shop","group":"services","thglKey":"services/furniture_shop","source":"thgl-nodes-raw-ascii"},"geometry":{"type":"Point","coordinates":[957.0777134617368,6472.388752703677]}},{"type":"Feature","properties":{"nodeId":"furniture_shop","group":"services","thglKey":"services/furniture_shop","source":"thgl-nodes-raw-ascii"},"geometry":{"type":"Point","coordinates":[2745.1004717272635,5123.159855803893]}},{"type":"Feature","properties":{"nodeId":"furniture_shop","group":"services","thglKey":"services/furniture_shop","source":"thgl-nodes-raw-ascii"},"geometry":{"type":"Point","coordinates":[1428.9424822329795,5771.217171696364]}},{"type":"Feature","properties":{"nodeId":"furniture_shop","group":"services","thglKey":"services/furniture_shop","source":"thgl-nodes-raw-ascii"},"geometry":{"type":"Point","coordinates":[1922.6351467710372,6995.515748274797]}},{"type":"Feature","properties":{"nodeId":"furniture_shop","group":"services","thglKey":"services/furniture_shop","source":"thgl-nodes-raw-ascii"},"geometry":{"type":"Point","coordinates":[127.60501802451306,5212.87613554434]}},{"type":"Feature","properties":{"nodeId":"dye_shop","group":"services","thglKey":"services/dye_shop","source":"thgl-nodes-raw-ascii"},"geometry":{"type":"Point","coordinates":[296.3261303944792,5058.557890616954]}},{"type":"Feature","properties":{"nodeId":"dye_shop","group":"services","thglKey":"services/dye_shop","source":"thgl-nodes-raw-ascii"},"geometry":{"type":"Point","coordinates":[565.0699680708622,7017.280362550212]}},{"type":"Feature","properties":{"nodeId":"dye_shop","group":"services","thglKey":"services/dye_shop","source":"thgl-nodes-raw-ascii"},"geometry":{"type":"Point","coordinates":[-176.65239262539893,5836.451951797301]}},{"type":"Feature","properties":{"nodeId":"dye_shop","group":"services","thglKey":"services/dye_shop","source":"thgl-nodes-raw-ascii"},"geometry":{"type":"Point","coordinates":[2733.3216767947265,5209.619248120301]}},{"type":"Feature","properties":{"nodeId":"dye_shop","group":"services","thglKey":"services/dye_shop","source":"thgl-nodes-raw-ascii"},"geometry":{"type":"Point","coordinates":[1562.5887733031207,5594.15133999382]}},{"type":"Feature","properties":{"nodeId":"dye_shop","group":"services","thglKey":"services/dye_shop","source":"thgl-nodes-raw-ascii"},"geometry":{"type":"Point","coordinates":[1040.3856875064373,5430.581341023792]}},{"type":"Feature","properties":{"nodeId":"dye_shop","group":"services","thglKey":"services/dye_shop","source":"thgl-nodes-raw-ascii"},"geometry":{"type":"Point","coordinates":[1127.735239468534,5674.080082397775]}},{"type":"Feature","properties":{"nodeId":"dye_shop","group":"services","thglKey":"services/dye_shop","source":"thgl-nodes-raw-ascii"},"geometry":{"type":"Point","coordinates":[350.208210938305,5170.321441961067]}},{"type":"Feature","properties":{"nodeId":"dye_shop","group":"services","thglKey":"services/dye_shop","source":"thgl-nodes-raw-ascii"},"geometry":{"type":"Point","coordinates":[601.1868245957362,6829.034800700381]}},{"type":"Feature","properties":{"nodeId":"dye_shop","group":"services","thglKey":"services/dye_shop","source":"thgl-nodes-raw-ascii"},"geometry":{"type":"Point","coordinates":[546.3302090843547,4747.128577608404]}},{"type":"Feature","properties":{"nodeId":"dye_shop","group":"services","thglKey":"services/dye_shop","source":"thgl-nodes-raw-ascii"},"geometry":{"type":"Point","coordinates":[2100.287386960552,6550.195455762694]}},{"type":"Feature","properties":{"nodeId":"dye_shop","group":"services","thglKey":"services/dye_shop","source":"thgl-nodes-raw-ascii"},"geometry":{"type":"Point","coordinates":[3132.1638232567725,8365.678162529612]}},{"type":"Feature","properties":{"nodeId":"general_shop","group":"services","thglKey":"services/general_shop","source":"thgl-nodes-raw-ascii"},"geometry":{"type":"Point","coordinates":[940.0634298073956,6445.291618086311]}},{"type":"Feature","properties":{"nodeId":"general_shop","group":"services","thglKey":"services/general_shop","source":"thgl-nodes-raw-ascii"},"geometry":{"type":"Point","coordinates":[-276.05495931609863,6014.711694304254]}},{"type":"Feature","properties":{"nodeId":"general_shop","group":"services","thglKey":"services/general_shop","source":"thgl-nodes-raw-ascii"},"geometry":{"type":"Point","coordinates":[2870.545481511999,5240.859211041302]}},{"type":"Feature","properties":{"nodeId":"general_shop","group":"services","thglKey":"services/general_shop","source":"thgl-nodes-raw-ascii"},"geometry":{"type":"Point","coordinates":[2753.639254300134,5139.878825831702]}},{"type":"Feature","properties":{"nodeId":"general_shop","group":"services","thglKey":"services/general_shop","source":"thgl-nodes-raw-ascii"},"geometry":{"type":"Point","coordinates":[1371.0314800700382,5500.507389020497]}},{"type":"Feature","properties":{"nodeId":"general_shop","group":"services","thglKey":"services/general_shop","source":"thgl-nodes-raw-ascii"},"geometry":{"type":"Point","coordinates":[1277.6026861674732,6209.049154392832]}},{"type":"Feature","properties":{"nodeId":"general_shop","group":"services","thglKey":"services/general_shop","source":"thgl-nodes-raw-ascii"},"geometry":{"type":"Point","coordinates":[253.73346791636646,5270.841981666495]}},{"type":"Feature","properties":{"nodeId":"general_shop","group":"services","thglKey":"services/general_shop","source":"thgl-nodes-raw-ascii"},"geometry":{"type":"Point","coordinates":[-387.6075723555466,4600.526455865692]}},{"type":"Feature","properties":{"nodeId":"general_shop","group":"services","thglKey":"services/general_shop","source":"thgl-nodes-raw-ascii"},"geometry":{"type":"Point","coordinates":[749.8434854258934,5123.725170460398]}},{"type":"Feature","properties":{"nodeId":"general_shop","group":"services","thglKey":"services/general_shop","source":"thgl-nodes-raw-ascii"},"geometry":{"type":"Point","coordinates":[64.83821608816584,4698.157140797199]}},{"type":"Feature","properties":{"nodeId":"general_shop","group":"services","thglKey":"services/general_shop","source":"thgl-nodes-raw-ascii"},"geometry":{"type":"Point","coordinates":[85.50173241322487,7427.627084148728]}},{"type":"Feature","properties":{"nodeId":"general_shop","group":"services","thglKey":"services/general_shop","source":"thgl-nodes-raw-ascii"},"geometry":{"type":"Point","coordinates":[625.4826985271401,6976.843489545782]}},{"type":"Feature","properties":{"nodeId":"general_shop","group":"services","thglKey":"services/general_shop","source":"thgl-nodes-raw-ascii"},"geometry":{"type":"Point","coordinates":[-328.49422185600974,6727.569257390051]}},{"type":"Feature","properties":{"nodeId":"general_shop","group":"services","thglKey":"services/general_shop","source":"thgl-nodes-raw-ascii"},"geometry":{"type":"Point","coordinates":[2207.0601380162734,6478.978465341436]}},{"type":"Feature","properties":{"nodeId":"general_shop","group":"services","thglKey":"services/general_shop","source":"thgl-nodes-raw-ascii"},"geometry":{"type":"Point","coordinates":[3129.299281079411,8317.238290246163]}},{"type":"Feature","properties":{"nodeId":"general_shop","group":"services","thglKey":"services/general_shop","source":"thgl-nodes-raw-ascii"},"geometry":{"type":"Point","coordinates":[352.49900092697465,4368.933072407045]}},{"type":"Feature","properties":{"nodeId":"grocer","group":"services","thglKey":"services/grocer","source":"thgl-nodes-raw-ascii"},"geometry":{"type":"Point","coordinates":[951.1545658667216,6458.496355958388]}},{"type":"Feature","properties":{"nodeId":"grocer","group":"services","thglKey":"services/grocer","source":"thgl-nodes-raw-ascii"},"geometry":{"type":"Point","coordinates":[-263.1919414975798,6005.8944731692245]}},{"type":"Feature","properties":{"nodeId":"grocer","group":"services","thglKey":"services/grocer","source":"thgl-nodes-raw-ascii"},"geometry":{"type":"Point","coordinates":[-286.42046760737463,6179.180290452157]}},{"type":"Feature","properties":{"nodeId":"grocer","group":"services","thglKey":"services/grocer","source":"thgl-nodes-raw-ascii"},"geometry":{"type":"Point","coordinates":[2585.234549387166,5085.043304150788]}},{"type":"Feature","properties":{"nodeId":"grocer","group":"services","thglKey":"services/grocer","source":"thgl-nodes-raw-ascii"},"geometry":{"type":"Point","coordinates":[2861.660760119477,5255.405516531053]}},{"type":"Feature","properties":{"nodeId":"grocer","group":"services","thglKey":"services/grocer","source":"thgl-nodes-raw-ascii"},"geometry":{"type":"Point","coordinates":[1381.5657390050471,5481.067314862499]}},{"type":"Feature","properties":{"nodeId":"grocer","group":"services","thglKey":"services/grocer","source":"thgl-nodes-raw-ascii"},"geometry":{"type":"Point","coordinates":[1922.4199897002782,5599.53448552889]}},{"type":"Feature","properties":{"nodeId":"grocer","group":"services","thglKey":"services/grocer","source":"thgl-nodes-raw-ascii"},"geometry":{"type":"Point","coordinates":[248.65829230610768,5266.969154392831]}},{"type":"Feature","properties":{"nodeId":"grocer","group":"services","thglKey":"services/grocer","source":"thgl-nodes-raw-ascii"},"geometry":{"type":"Point","coordinates":[1833.104492738696,5620.164251725203]}},{"type":"Feature","properties":{"nodeId":"grocer","group":"services","thglKey":"services/grocer","source":"thgl-nodes-raw-ascii"},"geometry":{"type":"Point","coordinates":[-102.3430466577403,6737.879921722113]}},{"type":"Feature","properties":{"nodeId":"vgrocer","group":"exploration","thglKey":"exploration/vgrocer","source":"thgl-nodes-raw-ascii"},"geometry":{"type":"Point","coordinates":[610.5693603872697,6972.076283860336]}},{"type":"Feature","properties":{"nodeId":"wgrocer","group":"exploration","thglKey":"exploration/wgrocer","source":"thgl-nodes-raw-ascii"},"geometry":{"type":"Point","coordinates":[2245.446690699351,6499.949951591307]}},{"type":"Feature","properties":{"nodeId":"wgrocer","group":"exploration","thglKey":"exploration/wgrocer","source":"thgl-nodes-raw-ascii"},"geometry":{"type":"Point","coordinates":[3164.374102379236,8362.919089504583]}},{"type":"Feature","properties":{"nodeId":"street_vendor","group":"services","thglKey":"services/street_vendor","source":"thgl-nodes-raw-ascii"},"geometry":{"type":"Point","coordinates":[946.5603295911012,6452.957116077866]}},{"type":"Feature","properties":{"nodeId":"street_vendor","group":"services","thglKey":"services/street_vendor","source":"thgl-nodes-raw-ascii"},"geometry":{"type":"Point","coordinates":[780.6700092697495,6535.898057472448]}},{"type":"Feature","properties":{"nodeId":"street_vendor","group":"services","thglKey":"services/street_vendor","source":"thgl-nodes-raw-ascii"},"geometry":{"type":"Point","coordinates":[-132.49034916057235,5836.734609125554]}},{"type":"Feature","properties":{"nodeId":"street_vendor","group":"services","thglKey":"services/street_vendor","source":"thgl-nodes-raw-ascii"},"geometry":{"type":"Point","coordinates":[-284.81311772582166,6007.400572664537]}},{"type":"Feature","properties":{"nodeId":"street_vendor","group":"services","thglKey":"services/street_vendor","source":"thgl-nodes-raw-ascii"},"geometry":{"type":"Point","coordinates":[2358.8682171181376,4926.90707590895]}},{"type":"Feature","properties":{"nodeId":"street_vendor","group":"services","thglKey":"services/street_vendor","source":"thgl-nodes-raw-ascii"},"geometry":{"type":"Point","coordinates":[2244.818094551447,4917.786103615203]}},{"type":"Feature","properties":{"nodeId":"street_vendor","group":"services","thglKey":"services/street_vendor","source":"thgl-nodes-raw-ascii"},"geometry":{"type":"Point","coordinates":[2763.3677289113193,5099.387108868061]}},{"type":"Feature","properties":{"nodeId":"street_vendor","group":"services","thglKey":"services/street_vendor","source":"thgl-nodes-raw-ascii"},"geometry":{"type":"Point","coordinates":[2676.6467730971262,5033.949827994644]}},{"type":"Feature","properties":{"nodeId":"street_vendor","group":"services","thglKey":"services/street_vendor","source":"thgl-nodes-raw-ascii"},"geometry":{"type":"Point","coordinates":[2563.001652075394,5094.628340714801]}},{"type":"Feature","properties":{"nodeId":"street_vendor","group":"services","thglKey":"services/street_vendor","source":"thgl-nodes-raw-ascii"},"geometry":{"type":"Point","coordinates":[2598.477256154084,4969.9891152538885]}},{"type":"Feature","properties":{"nodeId":"street_vendor","group":"services","thglKey":"services/street_vendor","source":"thgl-nodes-raw-ascii"},"geometry":{"type":"Point","coordinates":[2771.5901040271915,5563.991381192708]}},{"type":"Feature","properties":{"nodeId":"street_vendor","group":"services","thglKey":"services/street_vendor","source":"thgl-nodes-raw-ascii"},"geometry":{"type":"Point","coordinates":[2692.138082191781,5611.701406942013]}},{"type":"Feature","properties":{"nodeId":"street_vendor","group":"services","thglKey":"services/street_vendor","source":"thgl-nodes-raw-ascii"},"geometry":{"type":"Point","coordinates":[2357.353680090637,4752.8745370275]}},{"type":"Feature","properties":{"nodeId":"street_vendor","group":"services","thglKey":"services/street_vendor","source":"thgl-nodes-raw-ascii"},"geometry":{"type":"Point","coordinates":[1934.2578473581216,4953.05498815532]}},{"type":"Feature","properties":{"nodeId":"street_vendor","group":"services","thglKey":"services/street_vendor","source":"thgl-nodes-raw-ascii"},"geometry":{"type":"Point","coordinates":[2412.4887341641775,4748.4785827582655]}},{"type":"Feature","properties":{"nodeId":"street_vendor","group":"services","thglKey":"services/street_vendor","source":"thgl-nodes-raw-ascii"},"geometry":{"type":"Point","coordinates":[2656.9493542074365,5619.008309815635]}},{"type":"Feature","properties":{"nodeId":"street_vendor","group":"services","thglKey":"services/street_vendor","source":"thgl-nodes-raw-ascii"},"geometry":{"type":"Point","coordinates":[2418.1587557935936,5796.892582140282]}},{"type":"Feature","properties":{"nodeId":"street_vendor","group":"services","thglKey":"services/street_vendor","source":"thgl-nodes-raw-ascii"},"geometry":{"type":"Point","coordinates":[821.6511031002166,6027.907994644144]}},{"type":"Feature","properties":{"nodeId":"street_vendor","group":"services","thglKey":"services/street_vendor","source":"thgl-nodes-raw-ascii"},"geometry":{"type":"Point","coordinates":[1372.96789370687,5789.3789597280875]}},{"type":"Feature","properties":{"nodeId":"street_vendor","group":"services","thglKey":"services/street_vendor","source":"thgl-nodes-raw-ascii"},"geometry":{"type":"Point","coordinates":[1700.7238314965496,5941.440164795551]}},{"type":"Feature","properties":{"nodeId":"street_vendor","group":"services","thglKey":"services/street_vendor","source":"thgl-nodes-raw-ascii"},"geometry":{"type":"Point","coordinates":[1892.7958141930167,5855.145304356782]}},{"type":"Feature","properties":{"nodeId":"street_vendor","group":"services","thglKey":"services/street_vendor","source":"thgl-nodes-raw-ascii"},"geometry":{"type":"Point","coordinates":[1554.1512411164897,5743.158158409723]}},{"type":"Feature","properties":{"nodeId":"street_vendor","group":"services","thglKey":"services/street_vendor","source":"thgl-nodes-raw-ascii"},"geometry":{"type":"Point","coordinates":[1866.095243588423,5365.063903594602]}},{"type":"Feature","properties":{"nodeId":"street_vendor","group":"services","thglKey":"services/street_vendor","source":"thgl-nodes-raw-ascii"},"geometry":{"type":"Point","coordinates":[1813.3733237202598,5256.3589576681425]}},{"type":"Feature","properties":{"nodeId":"street_vendor","group":"services","thglKey":"services/street_vendor","source":"thgl-nodes-raw-ascii"},"geometry":{"type":"Point","coordinates":[1210.119303738799,4902.902296837985]}},{"type":"Feature","properties":{"nodeId":"street_vendor","group":"services","thglKey":"services/street_vendor","source":"thgl-nodes-raw-ascii"},"geometry":{"type":"Point","coordinates":[1491.354907817489,5507.084445359976]}},{"type":"Feature","properties":{"nodeId":"street_vendor","group":"services","thglKey":"services/street_vendor","source":"thgl-nodes-raw-ascii"},"geometry":{"type":"Point","coordinates":[1413.7380492326706,5305.870396539293]}},{"type":"Feature","properties":{"nodeId":"street_vendor","group":"services","thglKey":"services/street_vendor","source":"thgl-nodes-raw-ascii"},"geometry":{"type":"Point","coordinates":[1389.8303017818516,5573.255791533629]}},{"type":"Feature","properties":{"nodeId":"street_vendor","group":"services","thglKey":"services/street_vendor","source":"thgl-nodes-raw-ascii"},"geometry":{"type":"Point","coordinates":[1226.5513976722632,5453.94064888248]}},{"type":"Feature","properties":{"nodeId":"street_vendor","group":"services","thglKey":"services/street_vendor","source":"thgl-nodes-raw-ascii"},"geometry":{"type":"Point","coordinates":[1181.6384138428261,5273.925899680708]}},{"type":"Feature","properties":{"nodeId":"street_vendor","group":"services","thglKey":"services/street_vendor","source":"thgl-nodes-raw-ascii"},"geometry":{"type":"Point","coordinates":[1132.75557111958,5629.964445359975]}},{"type":"Feature","properties":{"nodeId":"street_vendor","group":"services","thglKey":"services/street_vendor","source":"thgl-nodes-raw-ascii"},"geometry":{"type":"Point","coordinates":[1238.106598001854,5618.805809043156]}},{"type":"Feature","properties":{"nodeId":"street_vendor","group":"services","thglKey":"services/street_vendor","source":"thgl-nodes-raw-ascii"},"geometry":{"type":"Point","coordinates":[1267.760304871768,5734.4295313626535]}},{"type":"Feature","properties":{"nodeId":"street_vendor","group":"services","thglKey":"services/street_vendor","source":"thgl-nodes-raw-ascii"},"geometry":{"type":"Point","coordinates":[1246.573661551138,5863.8908064682255]}},{"type":"Feature","properties":{"nodeId":"street_vendor","group":"services","thglKey":"services/street_vendor","source":"thgl-nodes-raw-ascii"},"geometry":{"type":"Point","coordinates":[1166.8980451127816,5529.844688433413]}},{"type":"Feature","properties":{"nodeId":"street_vendor","group":"services","thglKey":"services/street_vendor","source":"thgl-nodes-raw-ascii"},"geometry":{"type":"Point","coordinates":[1150.5250139046245,5625.349115253888]}},{"type":"Feature","properties":{"nodeId":"street_vendor","group":"services","thglKey":"services/street_vendor","source":"thgl-nodes-raw-ascii"},"geometry":{"type":"Point","coordinates":[1327.0888124420642,5637.3852549181165]}},{"type":"Feature","properties":{"nodeId":"street_vendor","group":"services","thglKey":"services/street_vendor","source":"thgl-nodes-raw-ascii"},"geometry":{"type":"Point","coordinates":[856.1015470182307,5743.461909568442]}},{"type":"Feature","properties":{"nodeId":"street_vendor","group":"services","thglKey":"services/street_vendor","source":"thgl-nodes-raw-ascii"},"geometry":{"type":"Point","coordinates":[1261.9426264290864,5870.008017303533]}},{"type":"Feature","properties":{"nodeId":"street_vendor","group":"services","thglKey":"services/street_vendor","source":"thgl-nodes-raw-ascii"},"geometry":{"type":"Point","coordinates":[1634.4765475332167,5728.10138222268]}},{"type":"Feature","properties":{"nodeId":"street_vendor","group":"services","thglKey":"services/street_vendor","source":"thgl-nodes-raw-ascii"},"geometry":{"type":"Point","coordinates":[1887.155323926254,5841.4132207230405]}},{"type":"Feature","properties":{"nodeId":"street_vendor","group":"services","thglKey":"services/street_vendor","source":"thgl-nodes-raw-ascii"},"geometry":{"type":"Point","coordinates":[1781.6608589968073,5773.668274796581]}},{"type":"Feature","properties":{"nodeId":"street_vendor","group":"services","thglKey":"services/street_vendor","source":"thgl-nodes-raw-ascii"},"geometry":{"type":"Point","coordinates":[2143.491770522196,6458.070260582964]}},{"type":"Feature","properties":{"nodeId":"street_vendor","group":"services","thglKey":"services/street_vendor","source":"thgl-nodes-raw-ascii"},"geometry":{"type":"Point","coordinates":[308.89805335255977,4752.013908744464]}},{"type":"Feature","properties":{"nodeId":"street_vendor","group":"services","thglKey":"services/street_vendor","source":"thgl-nodes-raw-ascii"},"geometry":{"type":"Point","coordinates":[194.2108971057783,5098.298667215986]}},{"type":"Feature","properties":{"nodeId":"street_vendor","group":"services","thglKey":"services/street_vendor","source":"thgl-nodes-raw-ascii"},"geometry":{"type":"Point","coordinates":[527.8688886600061,5072.0326295190025]}},{"type":"Feature","properties":{"nodeId":"street_vendor","group":"services","thglKey":"services/street_vendor","source":"thgl-nodes-raw-ascii"},"geometry":{"type":"Point","coordinates":[448.4717107838092,5110.777777320012]}},{"type":"Feature","properties":{"nodeId":"street_vendor","group":"services","thglKey":"services/street_vendor","source":"thgl-nodes-raw-ascii"},"geometry":{"type":"Point","coordinates":[669.6573982902461,6018.403114635905]}},{"type":"Feature","properties":{"nodeId":"street_vendor","group":"services","thglKey":"services/street_vendor","source":"thgl-nodes-raw-ascii"},"geometry":{"type":"Point","coordinates":[393.58134514368123,5815.142964259965]}},{"type":"Feature","properties":{"nodeId":"street_vendor","group":"services","thglKey":"services/street_vendor","source":"thgl-nodes-raw-ascii"},"geometry":{"type":"Point","coordinates":[661.1481470800288,5817.176409516943]}},{"type":"Feature","properties":{"nodeId":"street_vendor","group":"services","thglKey":"services/street_vendor","source":"thgl-nodes-raw-ascii"},"geometry":{"type":"Point","coordinates":[581.4261242146464,4960.488454011742]}},{"type":"Feature","properties":{"nodeId":"street_vendor","group":"services","thglKey":"services/street_vendor","source":"thgl-nodes-raw-ascii"},"geometry":{"type":"Point","coordinates":[594.4578926768977,5151.1513688330415]}},{"type":"Feature","properties":{"nodeId":"street_vendor","group":"services","thglKey":"services/street_vendor","source":"thgl-nodes-raw-ascii"},"geometry":{"type":"Point","coordinates":[777.9067174786281,5002.363926253991]}},{"type":"Feature","properties":{"nodeId":"street_vendor","group":"services","thglKey":"services/street_vendor","source":"thgl-nodes-raw-ascii"},"geometry":{"type":"Point","coordinates":[29.906832835513196,4976.156951282316]}},{"type":"Feature","properties":{"nodeId":"street_vendor","group":"services","thglKey":"services/street_vendor","source":"thgl-nodes-raw-ascii"},"geometry":{"type":"Point","coordinates":[218.89489751776728,4686.03240704501]}},{"type":"Feature","properties":{"nodeId":"street_vendor","group":"services","thglKey":"services/street_vendor","source":"thgl-nodes-raw-ascii"},"geometry":{"type":"Point","coordinates":[81.03405912040373,4678.4048779482955]}},{"type":"Feature","properties":{"nodeId":"street_vendor","group":"services","thglKey":"services/street_vendor","source":"thgl-nodes-raw-ascii"},"geometry":{"type":"Point","coordinates":[181.63053661551166,5220.170382119683]}},{"type":"Feature","properties":{"nodeId":"street_vendor","group":"services","thglKey":"services/street_vendor","source":"thgl-nodes-raw-ascii"},"geometry":{"type":"Point","coordinates":[140.00397157276777,4740.521989906272]}},{"type":"Feature","properties":{"nodeId":"street_vendor","group":"services","thglKey":"services/street_vendor","source":"thgl-nodes-raw-ascii"},"geometry":{"type":"Point","coordinates":[257.6273890204965,4764.522550211144]}},{"type":"Feature","properties":{"nodeId":"street_vendor","group":"services","thglKey":"services/street_vendor","source":"thgl-nodes-raw-ascii"},"geometry":{"type":"Point","coordinates":[-28.329014316613296,3940.4287815428984]}},{"type":"Feature","properties":{"nodeId":"street_vendor","group":"services","thglKey":"services/street_vendor","source":"thgl-nodes-raw-ascii"},"geometry":{"type":"Point","coordinates":[352.19524976825625,4349.767218045113]}},{"type":"Feature","properties":{"nodeId":"street_vendor","group":"services","thglKey":"services/street_vendor","source":"thgl-nodes-raw-ascii"},"geometry":{"type":"Point","coordinates":[699.454543207333,5968.106985271397]}},{"type":"Feature","properties":{"nodeId":"street_vendor","group":"services","thglKey":"services/street_vendor","source":"thgl-nodes-raw-ascii"},"geometry":{"type":"Point","coordinates":[1886.8178226387886,5501.258329385107]}},{"type":"Feature","properties":{"nodeId":"street_vendor","group":"services","thglKey":"services/street_vendor","source":"thgl-nodes-raw-ascii"},"geometry":{"type":"Point","coordinates":[1814.6600473787207,5633.309926871974]}},{"type":"Feature","properties":{"nodeId":"street_vendor","group":"services","thglKey":"services/street_vendor","source":"thgl-nodes-raw-ascii"},"geometry":{"type":"Point","coordinates":[1709.2963641981664,5586.055527860747]}},{"type":"Feature","properties":{"nodeId":"street_vendor","group":"services","thglKey":"services/street_vendor","source":"thgl-nodes-raw-ascii"},"geometry":{"type":"Point","coordinates":[-463.23317334432,4746.656075805954]}},{"type":"Feature","properties":{"nodeId":"street_vendor","group":"services","thglKey":"services/street_vendor","source":"thgl-nodes-raw-ascii"},"geometry":{"type":"Point","coordinates":[660.5153321660315,6995.401841590277]}},{"type":"Feature","properties":{"nodeId":"street_vendor","group":"services","thglKey":"services/street_vendor","source":"thgl-nodes-raw-ascii"},"geometry":{"type":"Point","coordinates":[-379.61722937480687,6710.968412812854]}},{"type":"Feature","properties":{"nodeId":"street_vendor","group":"services","thglKey":"services/street_vendor","source":"thgl-nodes-raw-ascii"},"geometry":{"type":"Point","coordinates":[632.515381604697,7121.184352662478]}},{"type":"Feature","properties":{"nodeId":"street_vendor","group":"services","thglKey":"services/street_vendor","source":"thgl-nodes-raw-ascii"},"geometry":{"type":"Point","coordinates":[505.0453640951692,7265.208808322174]}},{"type":"Feature","properties":{"nodeId":"street_vendor","group":"services","thglKey":"services/street_vendor","source":"thgl-nodes-raw-ascii"},"geometry":{"type":"Point","coordinates":[524.0719991760221,7382.498943248532]}},{"type":"Feature","properties":{"nodeId":"street_vendor","group":"services","thglKey":"services/street_vendor","source":"thgl-nodes-raw-ascii"},"geometry":{"type":"Point","coordinates":[625.5333237202594,6881.6175012874655]}},{"type":"Feature","properties":{"nodeId":"street_vendor","group":"services","thglKey":"services/street_vendor","source":"thgl-nodes-raw-ascii"},"geometry":{"type":"Point","coordinates":[623.601128849521,7036.454654444329]}},{"type":"Feature","properties":{"nodeId":"street_vendor","group":"services","thglKey":"services/street_vendor","source":"thgl-nodes-raw-ascii"},"geometry":{"type":"Point","coordinates":[674.8296055206511,6992.516205582449]}},{"type":"Feature","properties":{"nodeId":"street_vendor","group":"services","thglKey":"services/street_vendor","source":"thgl-nodes-raw-ascii"},"geometry":{"type":"Point","coordinates":[-371.89266865794644,6732.382869502523]}},{"type":"Feature","properties":{"nodeId":"street_vendor","group":"services","thglKey":"services/street_vendor","source":"thgl-nodes-raw-ascii"},"geometry":{"type":"Point","coordinates":[1285.9220929034918,6202.2105345555665]}},{"type":"Feature","properties":{"nodeId":"street_vendor","group":"services","thglKey":"services/street_vendor","source":"thgl-nodes-raw-ascii"},"geometry":{"type":"Point","coordinates":[2361.673696570193,6091.15573591513]}},{"type":"Feature","properties":{"nodeId":"street_vendor","group":"services","thglKey":"services/street_vendor","source":"thgl-nodes-raw-ascii"},"geometry":{"type":"Point","coordinates":[2525.273226902874,6284.455379544753]}},{"type":"Feature","properties":{"nodeId":"street_vendor","group":"services","thglKey":"services/street_vendor","source":"thgl-nodes-raw-ascii"},"geometry":{"type":"Point","coordinates":[2647.6554125038624,6278.899264599856]}},{"type":"Feature","properties":{"nodeId":"street_vendor","group":"services","thglKey":"services/street_vendor","source":"thgl-nodes-raw-ascii"},"geometry":{"type":"Point","coordinates":[1956.878871150479,6998.911854979916]}},{"type":"Feature","properties":{"nodeId":"street_vendor","group":"services","thglKey":"services/street_vendor","source":"thgl-nodes-raw-ascii"},"geometry":{"type":"Point","coordinates":[2857.6318385003606,7885.84836337419]}},{"type":"Feature","properties":{"nodeId":"black_market","group":"services","thglKey":"services/black_market","source":"thgl-nodes-raw-ascii"},"geometry":{"type":"Point","coordinates":[-92.28550829127613,5422.628966937893]}},{"type":"Feature","properties":{"nodeId":"black_market","group":"services","thglKey":"services/black_market","source":"thgl-nodes-raw-ascii"},"geometry":{"type":"Point","coordinates":[2366.4324647234525,5792.829910392419]}},{"type":"Feature","properties":{"nodeId":"black_market","group":"services","thglKey":"services/black_market","source":"thgl-nodes-raw-ascii"},"geometry":{"type":"Point","coordinates":[934.7899721907512,4870.253266041817]}},{"type":"Feature","properties":{"nodeId":"black_market","group":"services","thglKey":"services/black_market","source":"thgl-nodes-raw-ascii"},"geometry":{"type":"Point","coordinates":[385.61631475950117,5115.882484292924]}},{"type":"Feature","properties":{"nodeId":"black_market","group":"services","thglKey":"services/black_market","source":"thgl-nodes-raw-ascii"},"geometry":{"type":"Point","coordinates":[224.13460500566512,5274.832934390772]}},{"type":"Feature","properties":{"nodeId":"black_market","group":"services","thglKey":"services/black_market","source":"thgl-nodes-raw-ascii"},"geometry":{"type":"Point","coordinates":[349.6133649191468,5503.072398805232]}},{"type":"Feature","properties":{"nodeId":"black_market","group":"services","thglKey":"services/black_market","source":"thgl-nodes-raw-ascii"},"geometry":{"type":"Point","coordinates":[624.4153507055311,5526.338893809867]}},{"type":"Feature","properties":{"nodeId":"church","group":"services","thglKey":"services/church","source":"thgl-nodes-raw-ascii"},"geometry":{"type":"Point","coordinates":[-280.90654032341143,6047.031661345143]}},{"type":"Feature","properties":{"nodeId":"church","group":"services","thglKey":"services/church","source":"thgl-nodes-raw-ascii"},"geometry":{"type":"Point","coordinates":[2902.266383767638,5253.144257905036]}},{"type":"Feature","properties":{"nodeId":"church","group":"services","thglKey":"services/church","source":"thgl-nodes-raw-ascii"},"geometry":{"type":"Point","coordinates":[773.983265011845,5645.620286332269]}},{"type":"Feature","properties":{"nodeId":"church","group":"services","thglKey":"services/church","source":"thgl-nodes-raw-ascii"},"geometry":{"type":"Point","coordinates":[1463.6798022453393,5393.211510969204]}},{"type":"Feature","properties":{"nodeId":"church","group":"services","thglKey":"services/church","source":"thgl-nodes-raw-ascii"},"geometry":{"type":"Point","coordinates":[1181.5202883922132,5730.34154701823]}},{"type":"Feature","properties":{"nodeId":"church","group":"services","thglKey":"services/church","source":"thgl-nodes-raw-ascii"},"geometry":{"type":"Point","coordinates":[316.242925121022,5262.109135853332]}},{"type":"Feature","properties":{"nodeId":"church","group":"services","thglKey":"services/church","source":"thgl-nodes-raw-ascii"},"geometry":{"type":"Point","coordinates":[1869.1833803687302,5593.058679575652]}},{"type":"Feature","properties":{"nodeId":"church","group":"services","thglKey":"services/church","source":"thgl-nodes-raw-ascii"},"geometry":{"type":"Point","coordinates":[-469.0128828921617,4865.182309197651]}},{"type":"Feature","properties":{"nodeId":"vchurch","group":"exploration","thglKey":"exploration/vchurch","source":"thgl-nodes-raw-ascii"},"geometry":{"type":"Point","coordinates":[639.6577526006795,6994.140430528376]}},{"type":"Feature","properties":{"nodeId":"smuggler","group":"services","thglKey":"services/smuggler","source":"thgl-nodes-raw-ascii"},"geometry":{"type":"Point","coordinates":[-261.47490369760055,6017.348423112577]}},{"type":"Feature","properties":{"nodeId":"smuggler","group":"services","thglKey":"services/smuggler","source":"thgl-nodes-raw-ascii"},"geometry":{"type":"Point","coordinates":[2931.7302461633535,5196.5537295293025]}},{"type":"Feature","properties":{"nodeId":"smuggler","group":"services","thglKey":"services/smuggler","source":"thgl-nodes-raw-ascii"},"geometry":{"type":"Point","coordinates":[981.955777114018,4349.455029354207]}},{"type":"Feature","properties":{"nodeId":"smuggler","group":"services","thglKey":"services/smuggler","source":"thgl-nodes-raw-ascii"},"geometry":{"type":"Point","coordinates":[1502.3911999176023,5422.46021629416]}},{"type":"Feature","properties":{"nodeId":"smuggler","group":"services","thglKey":"services/smuggler","source":"thgl-nodes-raw-ascii"},"geometry":{"type":"Point","coordinates":[2401.2963477186113,7264.5338057472445]}},{"type":"Feature","properties":{"nodeId":"smuggler","group":"services","thglKey":"services/smuggler","source":"thgl-nodes-raw-ascii"},"geometry":{"type":"Point","coordinates":[2553.176145844062,6254.6033906684515]}},{"type":"Feature","properties":{"nodeId":"smuggler","group":"services","thglKey":"services/smuggler","source":"thgl-nodes-raw-ascii"},"geometry":{"type":"Point","coordinates":[336.80097229374815,5216.89661963127]}},{"type":"Feature","properties":{"nodeId":"smuggler","group":"services","thglKey":"services/smuggler","source":"thgl-nodes-raw-ascii"},"geometry":{"type":"Point","coordinates":[724.8135461942526,5861.401734473169]}},{"type":"Feature","properties":{"nodeId":"smuggler","group":"services","thglKey":"services/smuggler","source":"thgl-nodes-raw-ascii"},"geometry":{"type":"Point","coordinates":[772.7640416108763,5106.035884231125]}},{"type":"Feature","properties":{"nodeId":"smuggler","group":"services","thglKey":"services/smuggler","source":"thgl-nodes-raw-ascii"},"geometry":{"type":"Point","coordinates":[125.63907302502811,5163.157977134617]}},{"type":"Feature","properties":{"nodeId":"smuggler","group":"services","thglKey":"services/smuggler","source":"thgl-nodes-raw-ascii"},"geometry":{"type":"Point","coordinates":[206.85875785353792,7376.508295396025]}},{"type":"Feature","properties":{"nodeId":"smuggler","group":"services","thglKey":"services/smuggler","source":"thgl-nodes-raw-ascii"},"geometry":{"type":"Point","coordinates":[627.8367700072101,6863.814308373674]}},{"type":"Feature","properties":{"nodeId":"smuggler","group":"services","thglKey":"services/smuggler","source":"thgl-nodes-raw-ascii"},"geometry":{"type":"Point","coordinates":[2162.788406633021,6484.475517561025]}},{"type":"Feature","properties":{"nodeId":"smuggler","group":"services","thglKey":"services/smuggler","source":"thgl-nodes-raw-ascii"},"geometry":{"type":"Point","coordinates":[3170.153811927078,8382.135569059636]}},{"type":"Feature","properties":{"nodeId":"wbank","group":"exploration","thglKey":"exploration/wbank","source":"thgl-nodes-raw-ascii"},"geometry":{"type":"Point","coordinates":[-266.2294530847665,6014.555599958801]}},{"type":"Feature","properties":{"nodeId":"vbank","group":"exploration","thglKey":"exploration/vbank","source":"thgl-nodes-raw-ascii"},"geometry":{"type":"Point","coordinates":[2886.10850963024,5249.777682562571]}},{"type":"Feature","properties":{"nodeId":"vbank","group":"exploration","thglKey":"exploration/vbank","source":"thgl-nodes-raw-ascii"},"geometry":{"type":"Point","coordinates":[1426.4280976413636,5469.056487794829]}},{"type":"Feature","properties":{"nodeId":"wbank","group":"exploration","thglKey":"exploration/wbank","source":"thgl-nodes-raw-ascii"},"geometry":{"type":"Point","coordinates":[229.0874363992174,5300.976627871048]}},{"type":"Feature","properties":{"nodeId":"sbank","group":"exploration","thglKey":"exploration/sbank","source":"thgl-nodes-raw-ascii"},"geometry":{"type":"Point","coordinates":[615.2817221135032,6908.440416108765]}},{"type":"Feature","properties":{"nodeId":"ubank","group":"exploration","thglKey":"exploration/ubank","source":"thgl-nodes-raw-ascii"},"geometry":{"type":"Point","coordinates":[2212.1521886909054,6541.171515089093]}},{"type":"Feature","properties":{"nodeId":"vinn","group":"exploration","thglKey":"exploration/vinn","source":"thgl-nodes-raw-ascii"},"geometry":{"type":"Point","coordinates":[-286.403592543001,6005.548534349572]}},{"type":"Feature","properties":{"nodeId":"uinn","group":"exploration","thglKey":"exploration/uinn","source":"thgl-nodes-raw-ascii"},"geometry":{"type":"Point","coordinates":[2873.080959934082,5254.890827067669]}},{"type":"Feature","properties":{"nodeId":"uinn","group":"exploration","thglKey":"exploration/uinn","source":"thgl-nodes-raw-ascii"},"geometry":{"type":"Point","coordinates":[1402.364255845092,5472.904002471933]}},{"type":"Feature","properties":{"nodeId":"vinn","group":"exploration","thglKey":"exploration/vinn","source":"thgl-nodes-raw-ascii"},"geometry":{"type":"Point","coordinates":[244.61671438871147,5284.59094036461]}},{"type":"Feature","properties":{"nodeId":"vinn","group":"exploration","thglKey":"exploration/vinn","source":"thgl-nodes-raw-ascii"},"geometry":{"type":"Point","coordinates":[141.2569451024822,4734.012433824287]}},{"type":"Feature","properties":{"nodeId":"vinn","group":"exploration","thglKey":"exploration/vinn","source":"thgl-nodes-raw-ascii"},"geometry":{"type":"Point","coordinates":[-392.0204016891542,4598.104884128129]}},{"type":"Feature","properties":{"nodeId":"uinn","group":"exploration","thglKey":"exploration/uinn","source":"thgl-nodes-raw-ascii"},"geometry":{"type":"Point","coordinates":[954.3439530332679,6450.543981872489]}},{"type":"Feature","properties":{"nodeId":"sinn","group":"exploration","thglKey":"exploration/sinn","source":"thgl-nodes-raw-ascii"},"geometry":{"type":"Point","coordinates":[635.7385188999898,6966.039229580801]}},{"type":"Feature","properties":{"nodeId":"tinn","group":"exploration","thglKey":"exploration/tinn","source":"thgl-nodes-raw-ascii"},"geometry":{"type":"Point","coordinates":[2210.051243176434,6547.97638479761]}},{"type":"Feature","properties":{"nodeId":"tinn","group":"exploration","thglKey":"exploration/tinn","source":"thgl-nodes-raw-ascii"},"geometry":{"type":"Point","coordinates":[3087.698028633227,8342.28932330827]}},{"type":"Feature","properties":{"nodeId":"tannery","group":"services","thglKey":"services/tannery","source":"thgl-nodes-raw-ascii"},"geometry":{"type":"Point","coordinates":[-251.91517973014695,5962.947434339273]}},{"type":"Feature","properties":{"nodeId":"tannery","group":"services","thglKey":"services/tannery","source":"thgl-nodes-raw-ascii"},"geometry":{"type":"Point","coordinates":[2856.89355443403,5262.193511175198]}},{"type":"Feature","properties":{"nodeId":"tannery","group":"services","thglKey":"services/tannery","source":"thgl-nodes-raw-ascii"},"geometry":{"type":"Point","coordinates":[1372.0186713358742,5493.664550417138]}},{"type":"Feature","properties":{"nodeId":"tannery","group":"services","thglKey":"services/tannery","source":"thgl-nodes-raw-ascii"},"geometry":{"type":"Point","coordinates":[283.40826861674765,5268.285409413946]}},{"type":"Feature","properties":{"nodeId":"tannery","group":"services","thglKey":"services/tannery","source":"thgl-nodes-raw-ascii"},"geometry":{"type":"Point","coordinates":[320.86247399320195,4517.480045318777]}},{"type":"Feature","properties":{"nodeId":"wtannery","group":"exploration","thglKey":"exploration/wtannery","source":"thgl-nodes-raw-ascii"},"geometry":{"type":"Point","coordinates":[587.60239777526,6975.328952518282]}},{"type":"Feature","properties":{"nodeId":"saddlery","group":"services","thglKey":"services/saddlery","source":"thgl-nodes-raw-ascii"},"geometry":{"type":"Point","coordinates":[-332.8986136574313,6234.193000308992]}},{"type":"Feature","properties":{"nodeId":"saddlery","group":"services","thglKey":"services/saddlery","source":"thgl-nodes-raw-ascii"},"geometry":{"type":"Point","coordinates":[2861.69029148213,5154.914508188279]}},{"type":"Feature","properties":{"nodeId":"saddlery","group":"services","thglKey":"services/saddlery","source":"thgl-nodes-raw-ascii"},"geometry":{"type":"Point","coordinates":[1371.4997631063961,5520.997935935729]}},{"type":"Feature","properties":{"nodeId":"saddlery","group":"services","thglKey":"services/saddlery","source":"thgl-nodes-raw-ascii"},"geometry":{"type":"Point","coordinates":[401.4324688433416,5135.031463590483]}},{"type":"Feature","properties":{"nodeId":"saddlery","group":"services","thglKey":"services/saddlery","source":"thgl-nodes-raw-ascii"},"geometry":{"type":"Point","coordinates":[235.00636522813852,5370.219235760635]}},{"type":"Feature","properties":{"nodeId":"saddlery","group":"services","thglKey":"services/saddlery","source":"thgl-nodes-raw-ascii"},"geometry":{"type":"Point","coordinates":[596.2677433309304,7020.668031723144]}},{"type":"Feature","properties":{"nodeId":"saddlery","group":"services","thglKey":"services/saddlery","source":"thgl-nodes-raw-ascii"},"geometry":{"type":"Point","coordinates":[2234.359773406118,6500.527922546092]}},{"type":"Feature","properties":{"nodeId":"saddlery","group":"services","thglKey":"services/saddlery","source":"thgl-nodes-raw-ascii"},"geometry":{"type":"Point","coordinates":[3091.9041384282627,8331.670689051396]}},{"type":"Feature","properties":{"nodeId":"fishing_shop","group":"services","thglKey":"services/fishing_shop","source":"thgl-nodes-raw-ascii"},"geometry":{"type":"Point","coordinates":[2668.8251807601196,5026.988863940673]}},{"type":"Feature","properties":{"nodeId":"fishing_shop","group":"services","thglKey":"services/fishing_shop","source":"thgl-nodes-raw-ascii"},"geometry":{"type":"Point","coordinates":[2948.1370275002573,5223.524301163869]}},{"type":"Feature","properties":{"nodeId":"fishing_shop","group":"services","thglKey":"services/fishing_shop","source":"thgl-nodes-raw-ascii"},"geometry":{"type":"Point","coordinates":[2696.015128231538,5429.682743845916]}},{"type":"Feature","properties":{"nodeId":"fishing_shop","group":"services","thglKey":"services/fishing_shop","source":"thgl-nodes-raw-ascii"},"geometry":{"type":"Point","coordinates":[2529.631212277269,4658.618864970646]}},{"type":"Feature","properties":{"nodeId":"fishing_shop","group":"services","thglKey":"services/fishing_shop","source":"thgl-nodes-raw-ascii"},"geometry":{"type":"Point","coordinates":[770.1990318261405,6006.278380883716]}},{"type":"Feature","properties":{"nodeId":"fishing_shop","group":"services","thglKey":"services/fishing_shop","source":"thgl-nodes-raw-ascii"},"geometry":{"type":"Point","coordinates":[1793.8235616438358,5236.252318467401]}},{"type":"Feature","properties":{"nodeId":"fishing_shop","group":"services","thglKey":"services/fishing_shop","source":"thgl-nodes-raw-ascii"},"geometry":{"type":"Point","coordinates":[1681.72672777835,5277.220755999588]}},{"type":"Feature","properties":{"nodeId":"fishing_shop","group":"services","thglKey":"services/fishing_shop","source":"thgl-nodes-raw-ascii"},"geometry":{"type":"Point","coordinates":[420.539260479967,5227.844317643424]}},{"type":"Feature","properties":{"nodeId":"fishing_shop","group":"services","thglKey":"services/fishing_shop","source":"thgl-nodes-raw-ascii"},"geometry":{"type":"Point","coordinates":[488.64702029045236,5044.758306725718]}},{"type":"Feature","properties":{"nodeId":"fishing_shop","group":"services","thglKey":"services/fishing_shop","source":"thgl-nodes-raw-ascii"},"geometry":{"type":"Point","coordinates":[-33.72481614996416,4938.8250901225665]}},{"type":"Feature","properties":{"nodeId":"fishing_shop","group":"services","thglKey":"services/fishing_shop","source":"thgl-nodes-raw-ascii"},"geometry":{"type":"Point","coordinates":[692.6665485631892,7231.483992172211]}},{"type":"Feature","properties":{"nodeId":"fishing_shop","group":"services","thglKey":"services/fishing_shop","source":"thgl-nodes-raw-ascii"},"geometry":{"type":"Point","coordinates":[634.2914821299825,6875.268258317025]}},{"type":"Feature","properties":{"nodeId":"fishing_shop","group":"services","thglKey":"services/fishing_shop","source":"thgl-nodes-raw-ascii"},"geometry":{"type":"Point","coordinates":[245.66296837985354,7367.720605623648]}},{"type":"Feature","properties":{"nodeId":"fishing_shop","group":"services","thglKey":"services/fishing_shop","source":"thgl-nodes-raw-ascii"},"geometry":{"type":"Point","coordinates":[-440.6712122772682,6877.571704603975]}},{"type":"Feature","properties":{"nodeId":"fishing_shop","group":"services","thglKey":"services/fishing_shop","source":"thgl-nodes-raw-ascii"},"geometry":{"type":"Point","coordinates":[2095.148929858894,5524.697793799568]}},{"type":"Feature","properties":{"nodeId":"fishing_shop","group":"services","thglKey":"services/fishing_shop","source":"thgl-nodes-raw-ascii"},"geometry":{"type":"Point","coordinates":[2982.4609084354724,8364.956753527655]}},{"type":"Feature","properties":{"nodeId":"fishing_shop","group":"services","thglKey":"services/fishing_shop","source":"thgl-nodes-raw-ascii"},"geometry":{"type":"Point","coordinates":[376.9256566072719,4357.162715006694]}},{"type":"Feature","properties":{"nodeId":"butcher","group":"services","thglKey":"services/butcher","source":"thgl-nodes-raw-ascii"},"geometry":{"type":"Point","coordinates":[2891.3313420537647,5212.16316407457]}},{"type":"Feature","properties":{"nodeId":"butcher","group":"services","thglKey":"services/butcher","source":"thgl-nodes-raw-ascii"},"geometry":{"type":"Point","coordinates":[1334.070870326501,5510.666177773201]}},{"type":"Feature","properties":{"nodeId":"butcher","group":"services","thglKey":"services/butcher","source":"thgl-nodes-raw-ascii"},"geometry":{"type":"Point","coordinates":[239.11544340302848,5256.401145329076]}},{"type":"Feature","properties":{"nodeId":"butcher","group":"services","thglKey":"services/butcher","source":"thgl-nodes-raw-ascii"},"geometry":{"type":"Point","coordinates":[1965.25312184571,6420.008552889072]}},{"type":"Feature","properties":{"nodeId":"butcher","group":"services","thglKey":"services/butcher","source":"thgl-nodes-raw-ascii"},"geometry":{"type":"Point","coordinates":[-369.6440663302093,6742.436189102894]}},{"type":"Feature","properties":{"nodeId":"wbutcher","group":"exploration","thglKey":"exploration/wbutcher","source":"thgl-nodes-raw-ascii"},"geometry":{"type":"Point","coordinates":[620.230334740962,6884.929232670718]}},{"type":"Feature","properties":{"nodeId":"butcher","group":"services","thglKey":"services/butcher","source":"thgl-nodes-raw-ascii"},"geometry":{"type":"Point","coordinates":[355.3129179112161,4369.743075496961]}},{"type":"Feature","properties":{"nodeId":"research_institute","group":"services","thglKey":"services/research_institute","source":"thgl-nodes-raw-ascii"},"geometry":{"type":"Point","coordinates":[2882.1850571634563,5242.605780203934]}},{"type":"Feature","properties":{"nodeId":"research_institute","group":"services","thglKey":"services/research_institute","source":"thgl-nodes-raw-ascii"},"geometry":{"type":"Point","coordinates":[2306.7917684622516,4761.565195179731]}},{"type":"Feature","properties":{"nodeId":"research_institute","group":"services","thglKey":"services/research_institute","source":"thgl-nodes-raw-ascii"},"geometry":{"type":"Point","coordinates":[2013.055960449068,5196.6085734885155]}},{"type":"Feature","properties":{"nodeId":"research_institute","group":"services","thglKey":"services/research_institute","source":"thgl-nodes-raw-ascii"},"geometry":{"type":"Point","coordinates":[-293.67674528787757,4746.192011535688]}},{"type":"Feature","properties":{"nodeId":"research_institute","group":"services","thglKey":"services/research_institute","source":"thgl-nodes-raw-ascii"},"geometry":{"type":"Point","coordinates":[512.0400782778862,4680.8770748789775]}},{"type":"Feature","properties":{"nodeId":"research_institute","group":"services","thglKey":"services/research_institute","source":"thgl-nodes-raw-ascii"},"geometry":{"type":"Point","coordinates":[1945.1253888145018,6861.755550520136]}},{"type":"Feature","properties":{"nodeId":"contribution_shop","group":"services","thglKey":"services/contribution_shop","source":"thgl-nodes-raw-ascii"},"geometry":{"type":"Point","coordinates":[2901.355130291482,5323.762183541045]}},{"type":"Feature","properties":{"nodeId":"contribution_shop","group":"services","thglKey":"services/contribution_shop","source":"thgl-nodes-raw-ascii"},"geometry":{"type":"Point","coordinates":[1461.8868266556801,5387.372738696055]}},{"type":"Feature","properties":{"nodeId":"contribution_shop","group":"services","thglKey":"services/contribution_shop","source":"thgl-nodes-raw-ascii"},"geometry":{"type":"Point","coordinates":[1330.324606035637,5435.162921001132]}},{"type":"Feature","properties":{"nodeId":"contribution_shop","group":"services","thglKey":"services/contribution_shop","source":"thgl-nodes-raw-ascii"},"geometry":{"type":"Point","coordinates":[1426.6263796477494,5479.472621279226]}},{"type":"Feature","properties":{"nodeId":"contribution_shop","group":"services","thglKey":"services/contribution_shop","source":"thgl-nodes-raw-ascii"},"geometry":{"type":"Point","coordinates":[273.481511999176,5303.356011947677]}},{"type":"Feature","properties":{"nodeId":"contribution_shop","group":"services","thglKey":"services/contribution_shop","source":"thgl-nodes-raw-ascii"},"geometry":{"type":"Point","coordinates":[-323.1195138531259,4887.440519105984]}},{"type":"Feature","properties":{"nodeId":"contribution_shop","group":"services","thglKey":"services/contribution_shop","source":"thgl-nodes-raw-ascii"},"geometry":{"type":"Point","coordinates":[681.0944731692247,7002.168742403955]}},{"type":"Feature","properties":{"nodeId":"contribution_shop","group":"services","thglKey":"services/contribution_shop","source":"thgl-nodes-raw-ascii"},"geometry":{"type":"Point","coordinates":[2201.4112102173244,6539.315258008034]}},{"type":"Feature","properties":{"nodeId":"contribution_shop","group":"services","thglKey":"services/contribution_shop","source":"thgl-nodes-raw-ascii"},"geometry":{"type":"Point","coordinates":[3147.2670058708413,8330.658185188999]}},{"type":"Feature","properties":{"nodeId":"witch_shop","group":"services","thglKey":"services/witch_shop","source":"thgl-nodes-raw-ascii"},"geometry":{"type":"Point","coordinates":[1632.9493542074365,4947.258403543105]}},{"type":"Feature","properties":{"nodeId":"witch_shop","group":"services","thglKey":"services/witch_shop","source":"thgl-nodes-raw-ascii"},"geometry":{"type":"Point","coordinates":[-100.7652281388404,4962.800337830879]}},{"type":"Feature","properties":{"nodeId":"witch_shop","group":"services","thglKey":"services/witch_shop","source":"thgl-nodes-raw-ascii"},"geometry":{"type":"Point","coordinates":[195.08418168709449,5447.637812339067]}},{"type":"Feature","properties":{"nodeId":"witch_shop","group":"services","thglKey":"services/witch_shop","source":"thgl-nodes-raw-ascii"},"geometry":{"type":"Point","coordinates":[150.60151199917584,7083.363114635905]}},{"type":"Feature","properties":{"nodeId":"witch_shop","group":"services","thglKey":"services/witch_shop","source":"thgl-nodes-raw-ascii"},"geometry":{"type":"Point","coordinates":[1744.2530600473788,6899.568351014523]}},{"type":"Feature","properties":{"nodeId":"stoneshop","group":"services","thglKey":"services/stoneshop","source":"thgl-nodes-raw-ascii"},"geometry":{"type":"Point","coordinates":[1273.5442331857041,4979.671183438047]}},{"type":"Feature","properties":{"nodeId":"stoneshop","group":"services","thglKey":"services/stoneshop","source":"thgl-nodes-raw-ascii"},"geometry":{"type":"Point","coordinates":[2164.1510680811616,6557.700640642703]}},{"type":"Feature","properties":{"nodeId":"stoneshop","group":"services","thglKey":"services/stoneshop","source":"thgl-nodes-raw-ascii"},"geometry":{"type":"Point","coordinates":[275.69636419816663,5597.171976516634]}},{"type":"Feature","properties":{"nodeId":"stoneshop","group":"services","thglKey":"services/stoneshop","source":"thgl-nodes-raw-ascii"},"geometry":{"type":"Point","coordinates":[276.7088680605622,5591.518829951591]}},{"type":"Feature","properties":{"nodeId":"stoneshop","group":"services","thglKey":"services/stoneshop","source":"thgl-nodes-raw-ascii"},"geometry":{"type":"Point","coordinates":[421.28176331239064,5589.527572355547]}},{"type":"Feature","properties":{"nodeId":"stoneshop","group":"services","thglKey":"services/stoneshop","source":"thgl-nodes-raw-ascii"},"geometry":{"type":"Point","coordinates":[686.9543392728395,4915.891877639303]}},{"type":"Feature","properties":{"nodeId":"stoneshop","group":"services","thglKey":"services/stoneshop","source":"thgl-nodes-raw-ascii"},"geometry":{"type":"Point","coordinates":[2405.941209187352,6516.922047584715]}},{"type":"Feature","properties":{"nodeId":"pet_shop","group":"services","thglKey":"services/pet_shop","source":"thgl-nodes-raw-ascii"},"geometry":{"type":"Point","coordinates":[1410.1478792872595,5388.397898856731]}},{"type":"Feature","properties":{"nodeId":"pet_shop","group":"services","thglKey":"services/pet_shop","source":"thgl-nodes-raw-ascii"},"geometry":{"type":"Point","coordinates":[558.3157235554639,4759.730031929137]}},{"type":"Feature","properties":{"nodeId":"tunnel","group":"exploration","thglKey":"exploration/tunnel","source":"thgl-nodes-raw-ascii"},"geometry":{"type":"Point","coordinates":[2281.145889380987,5193.933875785354]}},{"type":"Feature","properties":{"nodeId":"tunnel","group":"exploration","thglKey":"exploration/tunnel","source":"thgl-nodes-raw-ascii"},"geometry":{"type":"Point","coordinates":[1999.3365331136058,5200.460306931713]}},{"type":"Feature","properties":{"nodeId":"teleport_gate","group":"exploration","thglKey":"exploration/teleport_gate","source":"thgl-nodes-raw-ascii"},"geometry":{"type":"Point","coordinates":[3480.2710886806058,5006.5869111134]}},{"type":"Feature","properties":{"nodeId":"teleport_gate","group":"exploration","thglKey":"exploration/teleport_gate","source":"thgl-nodes-raw-ascii"},"geometry":{"type":"Point","coordinates":[2775.694963435987,4663.93029148213]}},{"type":"Feature","properties":{"nodeId":"teleport_gate","group":"exploration","thglKey":"exploration/teleport_gate","source":"thgl-nodes-raw-ascii"},"geometry":{"type":"Point","coordinates":[2949.3393758368525,4587.591719023586]}},{"type":"Feature","properties":{"nodeId":"teleport_gate","group":"exploration","thglKey":"exploration/teleport_gate","source":"thgl-nodes-raw-ascii"},"geometry":{"type":"Point","coordinates":[2804.791793181584,4972.022560510866]}},{"type":"Feature","properties":{"nodeId":"dungeon","group":"exploration","thglKey":"exploration/dungeon","source":"thgl-nodes-raw-ascii"},"geometry":{"type":"Point","coordinates":[-182.5502276238538,5888.815276547532]}},{"type":"Feature","properties":{"nodeId":"dungeon","group":"exploration","thglKey":"exploration/dungeon","source":"thgl-nodes-raw-ascii"},"geometry":{"type":"Point","coordinates":[-106.83603254712114,5958.146478525079]}},{"type":"Feature","properties":{"nodeId":"skill_learning","group":"exploration","thglKey":"exploration/skill_learning","source":"thgl-nodes-raw-ascii"},"geometry":{"type":"Point","coordinates":[134.57863837676382,5362.473581213308]}},{"type":"Feature","properties":{"nodeId":"skill_learning","group":"exploration","thglKey":"exploration/skill_learning","source":"thgl-nodes-raw-ascii"},"geometry":{"type":"Point","coordinates":[137.53177464208466,5358.254815119992]}},{"type":"Feature","properties":{"nodeId":"skill_learning","group":"exploration","thglKey":"exploration/skill_learning","source":"thgl-nodes-raw-ascii"},"geometry":{"type":"Point","coordinates":[1737.6760037079,6340.497468328355]}},{"type":"Feature","properties":{"nodeId":"skill_learning","group":"exploration","thglKey":"exploration/skill_learning","source":"thgl-nodes-raw-ascii"},"geometry":{"type":"Point","coordinates":[1977.3356679369656,4534.75167370481]}},{"type":"Feature","properties":{"nodeId":"skill_learning","group":"exploration","thglKey":"exploration/skill_learning","source":"thgl-nodes-raw-ascii"},"geometry":{"type":"Point","coordinates":[278.86043876815324,5308.4733752188695]}},{"type":"Feature","properties":{"nodeId":"skill_learning","group":"exploration","thglKey":"exploration/skill_learning","source":"thgl-nodes-raw-ascii"},"geometry":{"type":"Point","coordinates":[434.954784220826,5188.238541559378]}},{"type":"Feature","properties":{"nodeId":"skill_learning","group":"exploration","thglKey":"exploration/skill_learning","source":"thgl-nodes-raw-ascii"},"geometry":{"type":"Point","coordinates":[282.6573282521372,5309.317128437532]}},{"type":"Feature","properties":{"nodeId":"skill_learning","group":"exploration","thglKey":"exploration/skill_learning","source":"thgl-nodes-raw-ascii"},"geometry":{"type":"Point","coordinates":[106.73478216088165,5599.990112266969]}},{"type":"Feature","properties":{"nodeId":"skill_learning","group":"exploration","thglKey":"exploration/skill_learning","source":"thgl-nodes-raw-ascii"},"geometry":{"type":"Point","coordinates":[228.99040477907133,5277.984352662478]}},{"type":"Feature","properties":{"nodeId":"skill_learning","group":"exploration","thglKey":"exploration/skill_learning","source":"thgl-nodes-raw-ascii"},"geometry":{"type":"Point","coordinates":[-303.0508435472243,5564.6495087032645]}},{"type":"Feature","properties":{"nodeId":"skill_learning","group":"exploration","thglKey":"exploration/skill_learning","source":"thgl-nodes-raw-ascii"},"geometry":{"type":"Point","coordinates":[1720.8346894633844,6409.149448964878]}},{"type":"Feature","properties":{"nodeId":"skill_learning","group":"exploration","thglKey":"exploration/skill_learning","source":"thgl-nodes-raw-ascii"},"geometry":{"type":"Point","coordinates":[2.10938304665774,4334.782160881657]}},{"type":"Feature","properties":{"nodeId":"skill_learning","group":"exploration","thglKey":"exploration/skill_learning","source":"thgl-nodes-raw-ascii"},"geometry":{"type":"Point","coordinates":[1926.2885982078483,5609.693274281594]}},{"type":"Feature","properties":{"nodeId":"skill_learning","group":"exploration","thglKey":"exploration/skill_learning","source":"thgl-nodes-raw-ascii"},"geometry":{"type":"Point","coordinates":[353.9544752291688,4356.719744566897]}},{"type":"Feature","properties":{"nodeId":"skill_learning","group":"exploration","thglKey":"exploration/skill_learning","source":"thgl-nodes-raw-ascii"},"geometry":{"type":"Point","coordinates":[521.0176125244618,4916.971881759193]}},{"type":"Feature","properties":{"nodeId":"skill_learning","group":"exploration","thglKey":"exploration/skill_learning","source":"thgl-nodes-raw-ascii"},"geometry":{"type":"Point","coordinates":[62.43773818106911,6427.712019775466]}},{"type":"Feature","properties":{"nodeId":"skill_learning","group":"exploration","thglKey":"exploration/skill_learning","source":"thgl-nodes-raw-ascii"},"geometry":{"type":"Point","coordinates":[1736.7394376351838,6336.75120403749]}},{"type":"Feature","properties":{"nodeId":"skill_learning","group":"exploration","thglKey":"exploration/skill_learning","source":"thgl-nodes-raw-ascii"},"geometry":{"type":"Point","coordinates":[237.09465444433,5276.410752909672]}},{"type":"Feature","properties":{"nodeId":"skill_learning","group":"exploration","thglKey":"exploration/skill_learning","source":"thgl-nodes-raw-ascii"},"geometry":{"type":"Point","coordinates":[2165.0707590895045,6496.477907096509]}},{"type":"Feature","properties":{"nodeId":"skill_learning","group":"exploration","thglKey":"exploration/skill_learning","source":"thgl-nodes-raw-ascii"},"geometry":{"type":"Point","coordinates":[575.4396951282315,4441.938819651869]}},{"type":"Feature","properties":{"nodeId":"skill_learning","group":"exploration","thglKey":"exploration/skill_learning","source":"thgl-nodes-raw-ascii"},"geometry":{"type":"Point","coordinates":[290.6729838294366,5297.926459985581]}},{"type":"Feature","properties":{"nodeId":"skill_learning","group":"exploration","thglKey":"exploration/skill_learning","source":"thgl-nodes-raw-ascii"},"geometry":{"type":"Point","coordinates":[-311.7583767638272,4632.276889483984]}},{"type":"Feature","properties":{"nodeId":"skill_learning","group":"exploration","thglKey":"exploration/skill_learning","source":"thgl-nodes-raw-ascii"},"geometry":{"type":"Point","coordinates":[1217.114017921516,4883.221753012669]}},{"type":"Feature","properties":{"nodeId":"skill_learning","group":"exploration","thglKey":"exploration/skill_learning","source":"thgl-nodes-raw-ascii"},"geometry":{"type":"Point","coordinates":[8.015655577299412,7265.980842517252]}},{"type":"Feature","properties":{"nodeId":"skill_learning","group":"exploration","thglKey":"exploration/skill_learning","source":"thgl-nodes-raw-ascii"},"geometry":{"type":"Point","coordinates":[-178.87568235657636,5147.316510454218]}},{"type":"Feature","properties":{"nodeId":"skill_learning","group":"exploration","thglKey":"exploration/skill_learning","source":"thgl-nodes-raw-ascii"},"geometry":{"type":"Point","coordinates":[942.4723452466783,5652.302811824081]}},{"type":"Feature","properties":{"nodeId":"skill_learning","group":"exploration","thglKey":"exploration/skill_learning","source":"thgl-nodes-raw-ascii"},"geometry":{"type":"Point","coordinates":[15.187557935935729,4581.158100731281]}},{"type":"Feature","properties":{"nodeId":"skill_learning","group":"exploration","thglKey":"exploration/skill_learning","source":"thgl-nodes-raw-ascii"},"geometry":{"type":"Point","coordinates":[614.6742197960655,7026.776805026264]}},{"type":"Feature","properties":{"nodeId":"skill_learning","group":"exploration","thglKey":"exploration/skill_learning","source":"thgl-nodes-raw-ascii"},"geometry":{"type":"Point","coordinates":[-161.15686476465135,7312.809146153054]}},{"type":"Feature","properties":{"nodeId":"skill_learning","group":"exploration","thglKey":"exploration/skill_learning","source":"thgl-nodes-raw-ascii"},"geometry":{"type":"Point","coordinates":[306.28241837470387,4744.846225151921]}},{"type":"Feature","properties":{"nodeId":"skill_learning","group":"exploration","thglKey":"exploration/skill_learning","source":"thgl-nodes-raw-ascii"},"geometry":{"type":"Point","coordinates":[2081.539190441858,5606.318261406942]}},{"type":"Feature","properties":{"nodeId":"skill_learning","group":"exploration","thglKey":"exploration/skill_learning","source":"thgl-nodes-raw-ascii"},"geometry":{"type":"Point","coordinates":[325.6887424039551,6273.727057369451]}},{"type":"Feature","properties":{"nodeId":"faction_quest","group":"quests","thglKey":"quests/faction_quest","source":"thgl-nodes-raw-ascii"},"geometry":{"type":"Point","coordinates":[3153.5276547533217,4841.034092079514]}},{"type":"Feature","properties":{"nodeId":"faction_quest","group":"quests","thglKey":"quests/faction_quest","source":"thgl-nodes-raw-ascii"},"geometry":{"type":"Point","coordinates":[434.954784220826,5188.238541559378]}},{"type":"Feature","properties":{"nodeId":"faction_quest","group":"quests","thglKey":"quests/faction_quest","source":"thgl-nodes-raw-ascii"},"geometry":{"type":"Point","coordinates":[278.86043876815324,5308.4733752188695]}},{"type":"Feature","properties":{"nodeId":"faction_quest","group":"quests","thglKey":"quests/faction_quest","source":"thgl-nodes-raw-ascii"},"geometry":{"type":"Point","coordinates":[1977.3356679369656,4534.75167370481]}},{"type":"Feature","properties":{"nodeId":"faction_quest","group":"quests","thglKey":"quests/faction_quest","source":"thgl-nodes-raw-ascii"},"geometry":{"type":"Point","coordinates":[676.4032052734575,6993.756522813884]}},{"type":"Feature","properties":{"nodeId":"faction_quest","group":"quests","thglKey":"quests/faction_quest","source":"thgl-nodes-raw-ascii"},"geometry":{"type":"Point","coordinates":[-598.6429086414666,5677.193531774642]}},{"type":"Feature","properties":{"nodeId":"faction_quest","group":"quests","thglKey":"quests/faction_quest","source":"thgl-nodes-raw-ascii"},"geometry":{"type":"Point","coordinates":[-94.07848388093521,6177.539190441858]}},{"type":"Feature","properties":{"nodeId":"faction_quest","group":"quests","thglKey":"quests/faction_quest","source":"thgl-nodes-raw-ascii"},"geometry":{"type":"Point","coordinates":[2830.370172005356,6978.260994953136]}},{"type":"Feature","properties":{"nodeId":"faction_quest","group":"quests","thglKey":"quests/faction_quest","source":"thgl-nodes-raw-ascii"},"geometry":{"type":"Point","coordinates":[1587.9435575239468,6541.196827685652]}},{"type":"Feature","properties":{"nodeId":"faction_quest","group":"quests","thglKey":"quests/faction_quest","source":"thgl-nodes-raw-ascii"},"geometry":{"type":"Point","coordinates":[1363.0833247502317,6641.603460706561]}},{"type":"Feature","properties":{"nodeId":"faction_quest","group":"quests","thglKey":"quests/faction_quest","source":"thgl-nodes-raw-ascii"},"geometry":{"type":"Point","coordinates":[2425.790503656401,6521.790503656402]}},{"type":"Feature","properties":{"nodeId":"faction_quest","group":"quests","thglKey":"quests/faction_quest","source":"thgl-nodes-raw-ascii"},"geometry":{"type":"Point","coordinates":[2305.55566999691,6731.885055103512]}},{"type":"Feature","properties":{"nodeId":"faction_quest","group":"quests","thglKey":"quests/faction_quest","source":"thgl-nodes-raw-ascii"},"geometry":{"type":"Point","coordinates":[2459.540632402925,6671.556699969101]}},{"type":"Feature","properties":{"nodeId":"faction_quest","group":"quests","thglKey":"quests/faction_quest","source":"thgl-nodes-raw-ascii"},"geometry":{"type":"Point","coordinates":[2628.291276135544,7276.949634359872]}},{"type":"Feature","properties":{"nodeId":"faction_quest","group":"quests","thglKey":"quests/faction_quest","source":"thgl-nodes-raw-ascii"},"geometry":{"type":"Point","coordinates":[1946.5386754557626,6441.633947883407]}},{"type":"Feature","properties":{"nodeId":"faction_quest","group":"quests","thglKey":"quests/faction_quest","source":"thgl-nodes-raw-ascii"},"geometry":{"type":"Point","coordinates":[2532.525285817283,6264.023895354825]}},{"type":"Feature","properties":{"nodeId":"faction_quest","group":"quests","thglKey":"quests/faction_quest","source":"thgl-nodes-raw-ascii"},"geometry":{"type":"Point","coordinates":[2643.47883407148,6383.836852404985]}},{"type":"Feature","properties":{"nodeId":"faction_quest","group":"quests","thglKey":"quests/faction_quest","source":"thgl-nodes-raw-ascii"},"geometry":{"type":"Point","coordinates":[2579.7754660624164,6179.6485734885155]}},{"type":"Feature","properties":{"nodeId":"faction_quest","group":"quests","thglKey":"quests/faction_quest","source":"thgl-nodes-raw-ascii"},"geometry":{"type":"Point","coordinates":[2195.711657225255,6535.876963641981]}},{"type":"Feature","properties":{"nodeId":"faction_quest","group":"quests","thglKey":"quests/faction_quest","source":"thgl-nodes-raw-ascii"},"geometry":{"type":"Point","coordinates":[2160.4301163868577,6547.524976825625]}},{"type":"Feature","properties":{"nodeId":"faction_quest","group":"quests","thglKey":"quests/faction_quest","source":"thgl-nodes-raw-ascii"},"geometry":{"type":"Point","coordinates":[2359.5558759913483,6409.149448964878]}},{"type":"Feature","properties":{"nodeId":"faction_quest","group":"quests","thglKey":"quests/faction_quest","source":"thgl-nodes-raw-ascii"},"geometry":{"type":"Point","coordinates":[3164.466915233289,8339.779157482748]}},{"type":"Feature","properties":{"nodeId":"faction_quest","group":"quests","thglKey":"quests/faction_quest","source":"thgl-nodes-raw-ascii"},"geometry":{"type":"Point","coordinates":[1963.3167082088785,6824.208532289628]}},{"type":"Feature","properties":{"nodeId":"faction_quest","group":"quests","thglKey":"quests/faction_quest","source":"thgl-nodes-raw-ascii"},"geometry":{"type":"Point","coordinates":[2392.0403749098773,7271.043361829231]}},{"type":"Feature","properties":{"nodeId":"faction_quest","group":"quests","thglKey":"quests/faction_quest","source":"thgl-nodes-raw-ascii"},"geometry":{"type":"Point","coordinates":[1926.7104748171798,7003.573591513029]}},{"type":"Feature","properties":{"nodeId":"faction_quest","group":"quests","thglKey":"quests/faction_quest","source":"thgl-nodes-raw-ascii"},"geometry":{"type":"Point","coordinates":[2754.4323823256773,6233.648779482954]}},{"type":"Feature","properties":{"nodeId":"faction_quest","group":"quests","thglKey":"quests/faction_quest","source":"thgl-nodes-raw-ascii"},"geometry":{"type":"Point","coordinates":[2743.0417138737253,5922.303841796272]}},{"type":"Feature","properties":{"nodeId":"faction_quest","group":"quests","thglKey":"quests/faction_quest","source":"thgl-nodes-raw-ascii"},"geometry":{"type":"Point","coordinates":[2888.167267483778,5932.850757029561]}},{"type":"Feature","properties":{"nodeId":"faction_quest","group":"quests","thglKey":"quests/faction_quest","source":"thgl-nodes-raw-ascii"},"geometry":{"type":"Point","coordinates":[2709.2915851272014,5797.428365434133]}},{"type":"Feature","properties":{"nodeId":"faction_quest","group":"quests","thglKey":"quests/faction_quest","source":"thgl-nodes-raw-ascii"},"geometry":{"type":"Point","coordinates":[2967.9019466474406,6734.416314759502]}},{"type":"Feature","properties":{"nodeId":"faction_quest","group":"quests","thglKey":"quests/faction_quest","source":"thgl-nodes-raw-ascii"},"geometry":{"type":"Point","coordinates":[2364.196518693995,6087.257596044907]}},{"type":"Feature","properties":{"nodeId":"faction_quest","group":"quests","thglKey":"quests/faction_quest","source":"thgl-nodes-raw-ascii"},"geometry":{"type":"Point","coordinates":[2320.321351323514,7142.79287259244]}},{"type":"Feature","properties":{"nodeId":"faction_quest","group":"quests","thglKey":"quests/faction_quest","source":"thgl-nodes-raw-ascii"},"geometry":{"type":"Point","coordinates":[2886.2392913791327,5297.120675661758]}},{"type":"Feature","properties":{"nodeId":"faction_quest","group":"quests","thglKey":"quests/faction_quest","source":"thgl-nodes-raw-ascii"},"geometry":{"type":"Point","coordinates":[2770.463693480276,5559.911834380472]}},{"type":"Feature","properties":{"nodeId":"faction_quest","group":"quests","thglKey":"quests/faction_quest","source":"thgl-nodes-raw-ascii"},"geometry":{"type":"Point","coordinates":[2317.3682150581935,4757.924400041199]}},{"type":"Feature","properties":{"nodeId":"faction_quest","group":"quests","thglKey":"quests/faction_quest","source":"thgl-nodes-raw-ascii"},"geometry":{"type":"Point","coordinates":[2554.884746111855,4754.549387166547]}},{"type":"Feature","properties":{"nodeId":"faction_quest","group":"quests","thglKey":"quests/faction_quest","source":"thgl-nodes-raw-ascii"},"geometry":{"type":"Point","coordinates":[3193.6059326398185,4637.267689772376]}},{"type":"Feature","properties":{"nodeId":"faction_quest","group":"quests","thglKey":"quests/faction_quest","source":"thgl-nodes-raw-ascii"},"geometry":{"type":"Point","coordinates":[3440.4037490987744,4992.065918220208]}},{"type":"Feature","properties":{"nodeId":"faction_quest","group":"quests","thglKey":"quests/faction_quest","source":"thgl-nodes-raw-ascii"},"geometry":{"type":"Point","coordinates":[2588.2129982490474,5084.878772273149]}},{"type":"Feature","properties":{"nodeId":"faction_quest","group":"quests","thglKey":"quests/faction_quest","source":"thgl-nodes-raw-ascii"},"geometry":{"type":"Point","coordinates":[3488.497682562571,5164.613451436811]}},{"type":"Feature","properties":{"nodeId":"faction_quest","group":"quests","thglKey":"quests/faction_quest","source":"thgl-nodes-raw-ascii"},"geometry":{"type":"Point","coordinates":[2865.385930579874,4837.23720259553]}},{"type":"Feature","properties":{"nodeId":"faction_quest","group":"quests","thglKey":"quests/faction_quest","source":"thgl-nodes-raw-ascii"},"geometry":{"type":"Point","coordinates":[1755.4285714285713,4477.376454835719]}},{"type":"Feature","properties":{"nodeId":"faction_quest","group":"quests","thglKey":"quests/faction_quest","source":"thgl-nodes-raw-ascii"},"geometry":{"type":"Point","coordinates":[980.0193634771861,4395.110516016068]}},{"type":"Feature","properties":{"nodeId":"faction_quest","group":"quests","thglKey":"quests/faction_quest","source":"thgl-nodes-raw-ascii"},"geometry":{"type":"Point","coordinates":[1448.724276444536,5479.7552786074775]}},{"type":"Feature","properties":{"nodeId":"faction_quest","group":"quests","thglKey":"quests/faction_quest","source":"thgl-nodes-raw-ascii"},"geometry":{"type":"Point","coordinates":[1342.4113708929858,5410.567514677104]}},{"type":"Feature","properties":{"nodeId":"faction_quest","group":"quests","thglKey":"quests/faction_quest","source":"thgl-nodes-raw-ascii"},"geometry":{"type":"Point","coordinates":[1236.5203419507673,5519.4116798846435]}},{"type":"Feature","properties":{"nodeId":"faction_quest","group":"quests","thglKey":"quests/faction_quest","source":"thgl-nodes-raw-ascii"},"geometry":{"type":"Point","coordinates":[1616.631166958492,4961.690802348337]}},{"type":"Feature","properties":{"nodeId":"faction_quest","group":"quests","thglKey":"quests/faction_quest","source":"thgl-nodes-raw-ascii"},"geometry":{"type":"Point","coordinates":[769.5029354207436,6010.897929755896]}},{"type":"Feature","properties":{"nodeId":"faction_quest","group":"quests","thglKey":"quests/faction_quest","source":"thgl-nodes-raw-ascii"},"geometry":{"type":"Point","coordinates":[828.9875373364919,6009.21042331857]}},{"type":"Feature","properties":{"nodeId":"faction_quest","group":"quests","thglKey":"quests/faction_quest","source":"thgl-nodes-raw-ascii"},"geometry":{"type":"Point","coordinates":[1066.0821917808219,5212.707384900607]}},{"type":"Feature","properties":{"nodeId":"faction_quest","group":"quests","thglKey":"quests/faction_quest","source":"thgl-nodes-raw-ascii"},"geometry":{"type":"Point","coordinates":[1522.5526830775568,5925.256978061592]}},{"type":"Feature","properties":{"nodeId":"faction_quest","group":"quests","thglKey":"quests/faction_quest","source":"thgl-nodes-raw-ascii"},"geometry":{"type":"Point","coordinates":[1208.2546091255535,6550.056236481615]}},{"type":"Feature","properties":{"nodeId":"faction_quest","group":"quests","thglKey":"quests/faction_quest","source":"thgl-nodes-raw-ascii"},"geometry":{"type":"Point","coordinates":[1104.4729632299927,6410.415078792873]}},{"type":"Feature","properties":{"nodeId":"faction_quest","group":"quests","thglKey":"quests/faction_quest","source":"thgl-nodes-raw-ascii"},"geometry":{"type":"Point","coordinates":[942.4723452466783,5652.302811824081]}},{"type":"Feature","properties":{"nodeId":"faction_quest","group":"quests","thglKey":"quests/faction_quest","source":"thgl-nodes-raw-ascii"},"geometry":{"type":"Point","coordinates":[2372.2121742712948,5797.428365434133]}},{"type":"Feature","properties":{"nodeId":"faction_quest","group":"quests","thglKey":"quests/faction_quest","source":"thgl-nodes-raw-ascii"},"geometry":{"type":"Point","coordinates":[1339.458234627665,4584.111236996601]}},{"type":"Feature","properties":{"nodeId":"faction_quest","group":"quests","thglKey":"quests/faction_quest","source":"thgl-nodes-raw-ascii"},"geometry":{"type":"Point","coordinates":[1783.694304253785,5257.426305489752]}},{"type":"Feature","properties":{"nodeId":"faction_quest","group":"quests","thglKey":"quests/faction_quest","source":"thgl-nodes-raw-ascii"},"geometry":{"type":"Point","coordinates":[1889.163456586672,5286.95766814296]}},{"type":"Feature","properties":{"nodeId":"faction_quest","group":"quests","thglKey":"quests/faction_quest","source":"thgl-nodes-raw-ascii"},"geometry":{"type":"Point","coordinates":[1315.4112678957667,5337.160984653415]}},{"type":"Feature","properties":{"nodeId":"faction_quest","group":"quests","thglKey":"quests/faction_quest","source":"thgl-nodes-raw-ascii"},"geometry":{"type":"Point","coordinates":[936.1441961067051,5971.241528478731]}},{"type":"Feature","properties":{"nodeId":"faction_quest","group":"quests","thglKey":"quests/faction_quest","source":"thgl-nodes-raw-ascii"},"geometry":{"type":"Point","coordinates":[1279.1298794932536,5546.411782881863]}},{"type":"Feature","properties":{"nodeId":"faction_quest","group":"quests","thglKey":"quests/faction_quest","source":"thgl-nodes-raw-ascii"},"geometry":{"type":"Point","coordinates":[1280.8173859305798,6205.38304665774]}},{"type":"Feature","properties":{"nodeId":"faction_quest","group":"quests","thglKey":"quests/faction_quest","source":"thgl-nodes-raw-ascii"},"geometry":{"type":"Point","coordinates":[1233.1453290761149,5944.663302090844]}},{"type":"Feature","properties":{"nodeId":"faction_quest","group":"quests","thglKey":"quests/faction_quest","source":"thgl-nodes-raw-ascii"},"geometry":{"type":"Point","coordinates":[233.29776496034606,5262.910701411062]}},{"type":"Feature","properties":{"nodeId":"faction_quest","group":"quests","thglKey":"quests/faction_quest","source":"thgl-nodes-raw-ascii"},"geometry":{"type":"Point","coordinates":[234.14151817900915,5131.70707590895]}},{"type":"Feature","properties":{"nodeId":"faction_quest","group":"quests","thglKey":"quests/faction_quest","source":"thgl-nodes-raw-ascii"},"geometry":{"type":"Point","coordinates":[293.6261200947574,5201.738593057988]}},{"type":"Feature","properties":{"nodeId":"faction_quest","group":"quests","thglKey":"quests/faction_quest","source":"thgl-nodes-raw-ascii"},"geometry":{"type":"Point","coordinates":[575.4396951282315,4441.938819651869]}},{"type":"Feature","properties":{"nodeId":"faction_quest","group":"quests","thglKey":"quests/faction_quest","source":"thgl-nodes-raw-ascii"},"geometry":{"type":"Point","coordinates":[548.0177155216809,5204.691729323308]}},{"type":"Feature","properties":{"nodeId":"faction_quest","group":"quests","thglKey":"quests/faction_quest","source":"thgl-nodes-raw-ascii"},"geometry":{"type":"Point","coordinates":[580.5022144402101,5606.318261406942]}},{"type":"Feature","properties":{"nodeId":"faction_quest","group":"quests","thglKey":"quests/faction_quest","source":"thgl-nodes-raw-ascii"},"geometry":{"type":"Point","coordinates":[15.187557935935729,4581.158100731281]}},{"type":"Feature","properties":{"nodeId":"faction_quest","group":"quests","thglKey":"quests/faction_quest","source":"thgl-nodes-raw-ascii"},"geometry":{"type":"Point","coordinates":[289.40735400144195,4725.018024513338]}},{"type":"Feature","properties":{"nodeId":"faction_quest","group":"quests","thglKey":"quests/faction_quest","source":"thgl-nodes-raw-ascii"},"geometry":{"type":"Point","coordinates":[294.9465938819649,4669.009685858482]}},{"type":"Feature","properties":{"nodeId":"faction_quest","group":"quests","thglKey":"quests/faction_quest","source":"thgl-nodes-raw-ascii"},"geometry":{"type":"Point","coordinates":[143.01617056339478,4737.252446183953]}},{"type":"Feature","properties":{"nodeId":"faction_quest","group":"quests","thglKey":"quests/faction_quest","source":"thgl-nodes-raw-ascii"},"geometry":{"type":"Point","coordinates":[521.0176125244618,4916.971881759193]}},{"type":"Feature","properties":{"nodeId":"faction_quest","group":"quests","thglKey":"quests/faction_quest","source":"thgl-nodes-raw-ascii"},"geometry":{"type":"Point","coordinates":[314.7199505613348,5041.847358121331]}},{"type":"Feature","properties":{"nodeId":"faction_quest","group":"quests","thglKey":"quests/faction_quest","source":"thgl-nodes-raw-ascii"},"geometry":{"type":"Point","coordinates":[299.5323926253991,5270.9263569883615]}},{"type":"Feature","properties":{"nodeId":"faction_quest","group":"quests","thglKey":"quests/faction_quest","source":"thgl-nodes-raw-ascii"},"geometry":{"type":"Point","coordinates":[706.2214440210114,4942.706354928417]}},{"type":"Feature","properties":{"nodeId":"faction_quest","group":"quests","thglKey":"quests/faction_quest","source":"thgl-nodes-raw-ascii"},"geometry":{"type":"Point","coordinates":[427.36100525285815,5221.56679369657]}},{"type":"Feature","properties":{"nodeId":"faction_quest","group":"quests","thglKey":"quests/faction_quest","source":"thgl-nodes-raw-ascii"},"geometry":{"type":"Point","coordinates":[340.45442373055926,6189.351735503142]}},{"type":"Feature","properties":{"nodeId":"faction_quest","group":"quests","thglKey":"quests/faction_quest","source":"thgl-nodes-raw-ascii"},"geometry":{"type":"Point","coordinates":[313.4543207333402,5938.757029560202]}},{"type":"Feature","properties":{"nodeId":"faction_quest","group":"quests","thglKey":"quests/faction_quest","source":"thgl-nodes-raw-ascii"},"geometry":{"type":"Point","coordinates":[289.9178246987328,5293.817381810692]}},{"type":"Feature","properties":{"nodeId":"faction_quest","group":"quests","thglKey":"quests/faction_quest","source":"thgl-nodes-raw-ascii"},"geometry":{"type":"Point","coordinates":[-168.26126686579468,5968.980269852714]}},{"type":"Feature","properties":{"nodeId":"faction_quest","group":"quests","thglKey":"quests/faction_quest","source":"thgl-nodes-raw-ascii"},"geometry":{"type":"Point","coordinates":[-326.53249562261817,4852.846637140798]}},{"type":"Feature","properties":{"nodeId":"faction_quest","group":"quests","thglKey":"quests/faction_quest","source":"thgl-nodes-raw-ascii"},"geometry":{"type":"Point","coordinates":[394.87650633432895,5915.553816046967]}},{"type":"Feature","properties":{"nodeId":"faction_quest","group":"quests","thglKey":"quests/faction_quest","source":"thgl-nodes-raw-ascii"},"geometry":{"type":"Point","coordinates":[497.81439901122667,6085.5700896075805]}},{"type":"Feature","properties":{"nodeId":"faction_quest","group":"quests","thglKey":"quests/faction_quest","source":"thgl-nodes-raw-ascii"},"geometry":{"type":"Point","coordinates":[259.0322381295705,5707.990524255845]}},{"type":"Feature","properties":{"nodeId":"faction_quest","group":"quests","thglKey":"quests/faction_quest","source":"thgl-nodes-raw-ascii"},"geometry":{"type":"Point","coordinates":[405.0015449582861,5477.224018951489]}},{"type":"Feature","properties":{"nodeId":"faction_quest","group":"quests","thglKey":"quests/faction_quest","source":"thgl-nodes-raw-ascii"},"geometry":{"type":"Point","coordinates":[530.2988979297559,5610.537027500258]}},{"type":"Feature","properties":{"nodeId":"faction_quest","group":"quests","thglKey":"quests/faction_quest","source":"thgl-nodes-raw-ascii"},"geometry":{"type":"Point","coordinates":[804.5186939952621,4391.735503141415]}},{"type":"Feature","properties":{"nodeId":"faction_quest","group":"quests","thglKey":"quests/faction_quest","source":"thgl-nodes-raw-ascii"},"geometry":{"type":"Point","coordinates":[663.611906478525,6097.382634668864]}},{"type":"Feature","properties":{"nodeId":"faction_quest","group":"quests","thglKey":"quests/faction_quest","source":"thgl-nodes-raw-ascii"},"geometry":{"type":"Point","coordinates":[118.96920383149654,5979.25718405603]}},{"type":"Feature","properties":{"nodeId":"faction_quest","group":"quests","thglKey":"quests/faction_quest","source":"thgl-nodes-raw-ascii"},"geometry":{"type":"Point","coordinates":[710.0183335049953,4422.532495622619]}},{"type":"Feature","properties":{"nodeId":"faction_quest","group":"quests","thglKey":"quests/faction_quest","source":"thgl-nodes-raw-ascii"},"geometry":{"type":"Point","coordinates":[275.48542589350086,5598.7244824389745]}},{"type":"Feature","properties":{"nodeId":"faction_quest","group":"quests","thglKey":"quests/faction_quest","source":"thgl-nodes-raw-ascii"},"geometry":{"type":"Point","coordinates":[-473.3455556699969,4780.705736945102]}},{"type":"Feature","properties":{"nodeId":"faction_quest","group":"quests","thglKey":"quests/faction_quest","source":"thgl-nodes-raw-ascii"},"geometry":{"type":"Point","coordinates":[178.45380574724481,5322.39530332681]}},{"type":"Feature","properties":{"nodeId":"faction_quest","group":"quests","thglKey":"quests/faction_quest","source":"thgl-nodes-raw-ascii"},"geometry":{"type":"Point","coordinates":[212.6258111031002,5265.863837676383]}},{"type":"Feature","properties":{"nodeId":"faction_quest","group":"quests","thglKey":"quests/faction_quest","source":"thgl-nodes-raw-ascii"},"geometry":{"type":"Point","coordinates":[-302.48552889071993,5558.646204552477]}},{"type":"Feature","properties":{"nodeId":"faction_quest","group":"quests","thglKey":"quests/faction_quest","source":"thgl-nodes-raw-ascii"},"geometry":{"type":"Point","coordinates":[457.31424451539806,5111.035122051705]}},{"type":"Feature","properties":{"nodeId":"faction_quest","group":"quests","thglKey":"quests/faction_quest","source":"thgl-nodes-raw-ascii"},"geometry":{"type":"Point","coordinates":[556.4552477083118,4714.892985889381]}},{"type":"Feature","properties":{"nodeId":"faction_quest","group":"quests","thglKey":"quests/faction_quest","source":"thgl-nodes-raw-ascii"},"geometry":{"type":"Point","coordinates":[70.87527036770007,4696.330415078793]}},{"type":"Feature","properties":{"nodeId":"faction_quest","group":"quests","thglKey":"quests/faction_quest","source":"thgl-nodes-raw-ascii"},"geometry":{"type":"Point","coordinates":[126.56298279946441,5166.722834483469]}},{"type":"Feature","properties":{"nodeId":"faction_quest","group":"quests","thglKey":"quests/faction_quest","source":"thgl-nodes-raw-ascii"},"geometry":{"type":"Point","coordinates":[533.6739108044083,5864.506746317849]}},{"type":"Feature","properties":{"nodeId":"faction_quest","group":"quests","thglKey":"quests/faction_quest","source":"thgl-nodes-raw-ascii"},"geometry":{"type":"Point","coordinates":[353.9544752291688,4356.719744566897]}},{"type":"Feature","properties":{"nodeId":"faction_quest","group":"quests","thglKey":"quests/faction_quest","source":"thgl-nodes-raw-ascii"},"geometry":{"type":"Point","coordinates":[-427.7828818621897,6549.2124832629515]}},{"type":"Feature","properties":{"nodeId":"faction_quest","group":"quests","thglKey":"quests/faction_quest","source":"thgl-nodes-raw-ascii"},"geometry":{"type":"Point","coordinates":[766.5497991554228,6324.352250489237]}},{"type":"Feature","properties":{"nodeId":"faction_quest","group":"quests","thglKey":"quests/faction_quest","source":"thgl-nodes-raw-ascii"},"geometry":{"type":"Point","coordinates":[537.0489236790606,4846.096611391493]}},{"type":"Feature","properties":{"nodeId":"faction_quest","group":"quests","thglKey":"quests/faction_quest","source":"thgl-nodes-raw-ascii"},"geometry":{"type":"Point","coordinates":[779.2060974353692,4794.205788443712]}},{"type":"Feature","properties":{"nodeId":"faction_quest","group":"quests","thglKey":"quests/faction_quest","source":"thgl-nodes-raw-ascii"},"geometry":{"type":"Point","coordinates":[-497.81439901122667,5404.239365537131]}},{"type":"Feature","properties":{"nodeId":"faction_quest","group":"quests","thglKey":"quests/faction_quest","source":"thgl-nodes-raw-ascii"},"geometry":{"type":"Point","coordinates":[384.32959110104025,7149.542898341745]}},{"type":"Feature","properties":{"nodeId":"faction_quest","group":"quests","thglKey":"quests/faction_quest","source":"thgl-nodes-raw-ascii"},"geometry":{"type":"Point","coordinates":[243.4228035843032,5826.115974868679]}},{"type":"Feature","properties":{"nodeId":"faction_quest","group":"quests","thglKey":"quests/faction_quest","source":"thgl-nodes-raw-ascii"},"geometry":{"type":"Point","coordinates":[-93.65660727160366,5545.568029663199]}},{"type":"Feature","properties":{"nodeId":"faction_quest","group":"quests","thglKey":"quests/faction_quest","source":"thgl-nodes-raw-ascii"},"geometry":{"type":"Point","coordinates":[2010.6639200741579,4739.361829230611]}},{"type":"Feature","properties":{"nodeId":"faction_quest","group":"quests","thglKey":"quests/faction_quest","source":"thgl-nodes-raw-ascii"},"geometry":{"type":"Point","coordinates":[3037.0897105778145,4751.596250901226]}},{"type":"Feature","properties":{"nodeId":"faction_quest","group":"quests","thglKey":"quests/faction_quest","source":"thgl-nodes-raw-ascii"},"geometry":{"type":"Point","coordinates":[3296.965701926048,5008.097229374807]}},{"type":"Feature","properties":{"nodeId":"faction_quest","group":"quests","thglKey":"quests/faction_quest","source":"thgl-nodes-raw-ascii"},"geometry":{"type":"Point","coordinates":[3396.5285817282934,4537.2829333608]}},{"type":"Feature","properties":{"nodeId":"faction_quest","group":"quests","thglKey":"quests/faction_quest","source":"thgl-nodes-raw-ascii"},"geometry":{"type":"Point","coordinates":[863.1595426923473,6202.4299103924195]}},{"type":"Feature","properties":{"nodeId":"faction_quest","group":"quests","thglKey":"quests/faction_quest","source":"thgl-nodes-raw-ascii"},"geometry":{"type":"Point","coordinates":[2572.60356370378,5931.163250592234]}},{"type":"Feature","properties":{"nodeId":"faction_quest","group":"quests","thglKey":"quests/faction_quest","source":"thgl-nodes-raw-ascii"},"geometry":{"type":"Point","coordinates":[318.0949634359872,6634.009681738593]}},{"type":"Feature","properties":{"nodeId":"faction_quest","group":"quests","thglKey":"quests/faction_quest","source":"thgl-nodes-raw-ascii"},"geometry":{"type":"Point","coordinates":[-232.45401174168296,4414.5168400453185]}},{"type":"Feature","properties":{"nodeId":"faction_quest","group":"quests","thglKey":"quests/faction_quest","source":"thgl-nodes-raw-ascii"},"geometry":{"type":"Point","coordinates":[1718.7253064167267,5108.503862395715]}},{"type":"Feature","properties":{"nodeId":"faction_quest","group":"quests","thglKey":"quests/faction_quest","source":"thgl-nodes-raw-ascii"},"geometry":{"type":"Point","coordinates":[120.65671026882274,6709.103718199609]}},{"type":"Feature","properties":{"nodeId":"faction_quest","group":"quests","thglKey":"quests/faction_quest","source":"thgl-nodes-raw-ascii"},"geometry":{"type":"Point","coordinates":[29.53136265320836,7166.839839324338]}},{"type":"Feature","properties":{"nodeId":"faction_quest","group":"quests","thglKey":"quests/faction_quest","source":"thgl-nodes-raw-ascii"},"geometry":{"type":"Point","coordinates":[-102.93789267689772,6732.306931712844]}},{"type":"Feature","properties":{"nodeId":"faction_quest","group":"quests","thglKey":"quests/faction_quest","source":"thgl-nodes-raw-ascii"},"geometry":{"type":"Point","coordinates":[-17.29694098259347,7247.840148315995]}},{"type":"Feature","properties":{"nodeId":"faction_quest","group":"quests","thglKey":"quests/faction_quest","source":"thgl-nodes-raw-ascii"},"geometry":{"type":"Point","coordinates":[87.75033474096199,7433.887733031208]}},{"type":"Feature","properties":{"nodeId":"faction_quest","group":"quests","thglKey":"quests/faction_quest","source":"thgl-nodes-raw-ascii"},"geometry":{"type":"Point","coordinates":[-226.96961582037284,7332.215470182305]}},{"type":"Feature","properties":{"nodeId":"faction_quest","group":"quests","thglKey":"quests/faction_quest","source":"thgl-nodes-raw-ascii"},"geometry":{"type":"Point","coordinates":[621.8461221547018,6404.508806262231]}},{"type":"Feature","properties":{"nodeId":"faction_quest","group":"quests","thglKey":"quests/faction_quest","source":"thgl-nodes-raw-ascii"},"geometry":{"type":"Point","coordinates":[459.84550417138735,6415.05572149552]}},{"type":"Feature","properties":{"nodeId":"faction_quest","group":"quests","thglKey":"quests/faction_quest","source":"thgl-nodes-raw-ascii"},"geometry":{"type":"Point","coordinates":[691.8776393037388,6702.353692450304]}},{"type":"Feature","properties":{"nodeId":"faction_quest","group":"quests","thglKey":"quests/faction_quest","source":"thgl-nodes-raw-ascii"},"geometry":{"type":"Point","coordinates":[298.688639406736,7287.918426202493]}},{"type":"Feature","properties":{"nodeId":"faction_quest","group":"quests","thglKey":"quests/faction_quest","source":"thgl-nodes-raw-ascii"},"geometry":{"type":"Point","coordinates":[-639.1430631372953,6785.463384488618]}},{"type":"Feature","properties":{"nodeId":"faction_quest","group":"quests","thglKey":"quests/faction_quest","source":"thgl-nodes-raw-ascii"},"geometry":{"type":"Point","coordinates":[696.0964053970542,7239.824492738696]}},{"type":"Feature","properties":{"nodeId":"faction_quest","group":"quests","thglKey":"quests/faction_quest","source":"thgl-nodes-raw-ascii"},"geometry":{"type":"Point","coordinates":[856.4095169430425,7408.575136471315]}},{"type":"Feature","properties":{"nodeId":"faction_quest","group":"quests","thglKey":"quests/faction_quest","source":"thgl-nodes-raw-ascii"},"geometry":{"type":"Point","coordinates":[2222.0241013492637,5151.535276547534]}},{"type":"Feature","properties":{"nodeId":"faction_quest","group":"quests","thglKey":"quests/faction_quest","source":"thgl-nodes-raw-ascii"},"geometry":{"type":"Point","coordinates":[-97.4534967555876,4966.331445050983]}},{"type":"Feature","properties":{"nodeId":"faction_quest","group":"quests","thglKey":"quests/faction_quest","source":"thgl-nodes-raw-ascii"},"geometry":{"type":"Point","coordinates":[146.8130600473787,7079.933257802039]}},{"type":"Feature","properties":{"nodeId":"faction_quest","group":"quests","thglKey":"quests/faction_quest","source":"thgl-nodes-raw-ascii"},"geometry":{"type":"Point","coordinates":[1625.068699145123,4936.378205788444]}},{"type":"Feature","properties":{"nodeId":"faction_quest","group":"quests","thglKey":"quests/faction_quest","source":"thgl-nodes-raw-ascii"},"geometry":{"type":"Point","coordinates":[1742.3503965392933,6894.72942630549]}},{"type":"Feature","properties":{"nodeId":"faction_quest","group":"quests","thglKey":"quests/faction_quest","source":"thgl-nodes-raw-ascii"},"geometry":{"type":"Point","coordinates":[-40.07827788649706,6606.165825522711]}},{"type":"Feature","properties":{"nodeId":"faction_quest","group":"quests","thglKey":"quests/faction_quest","source":"thgl-nodes-raw-ascii"},"geometry":{"type":"Point","coordinates":[1441.6789370686993,6692.435373364919]}},{"type":"Feature","properties":{"nodeId":"faction_quest","group":"quests","thglKey":"quests/faction_quest","source":"thgl-nodes-raw-ascii"},"geometry":{"type":"Point","coordinates":[-337.0794108559069,4921.190647852508]}},{"type":"Feature","properties":{"nodeId":"faction_quest","group":"quests","thglKey":"quests/faction_quest","source":"thgl-nodes-raw-ascii"},"geometry":{"type":"Point","coordinates":[758.1122669687918,6443.321454320733]}},{"type":"Feature","properties":{"nodeId":"faction_quest","group":"quests","thglKey":"quests/faction_quest","source":"thgl-nodes-raw-ascii"},"geometry":{"type":"Point","coordinates":[1326.8019363477185,4962.534555567]}},{"type":"Feature","properties":{"nodeId":"faction_quest","group":"quests","thglKey":"quests/faction_quest","source":"thgl-nodes-raw-ascii"},"geometry":{"type":"Point","coordinates":[1228.0828097641363,4430.548151199918]}},{"type":"Feature","properties":{"nodeId":"faction_quest","group":"quests","thglKey":"quests/faction_quest","source":"thgl-nodes-raw-ascii"},"geometry":{"type":"Point","coordinates":[980.310458337625,4824.893093006489]}},{"type":"Feature","properties":{"nodeId":"faction_quest","group":"quests","thglKey":"quests/faction_quest","source":"thgl-nodes-raw-ascii"},"geometry":{"type":"Point","coordinates":[1220.0207477598103,4884.829102894222]}},{"type":"Feature","properties":{"nodeId":"faction_quest","group":"quests","thglKey":"quests/faction_quest","source":"thgl-nodes-raw-ascii"},"geometry":{"type":"Point","coordinates":[2920.7909856833867,6210.567910186425]}},{"type":"Feature","properties":{"nodeId":"faction_quest","group":"quests","thglKey":"quests/faction_quest","source":"thgl-nodes-raw-ascii"},"geometry":{"type":"Point","coordinates":[2621.963126995571,6089.788855700896]}},{"type":"Feature","properties":{"nodeId":"faction_quest","group":"quests","thglKey":"quests/faction_quest","source":"thgl-nodes-raw-ascii"},"geometry":{"type":"Point","coordinates":[2240.9579235760634,7101.288651766402]}},{"type":"Feature","properties":{"nodeId":"faction_quest","group":"quests","thglKey":"quests/faction_quest","source":"thgl-nodes-raw-ascii"},"geometry":{"type":"Point","coordinates":[1332.8136780306932,5390.233062107322]}},{"type":"Feature","properties":{"nodeId":"faction_quest","group":"quests","thglKey":"quests/faction_quest","source":"thgl-nodes-raw-ascii"},"geometry":{"type":"Point","coordinates":[781.7373570913585,5640.912143372129]}},{"type":"Feature","properties":{"nodeId":"faction_quest","group":"quests","thglKey":"quests/faction_quest","source":"thgl-nodes-raw-ascii"},"geometry":{"type":"Point","coordinates":[267.46977031620145,6175.4298073952]}},{"type":"Feature","properties":{"nodeId":"faction_quest","group":"quests","thglKey":"quests/faction_quest","source":"thgl-nodes-raw-ascii"},"geometry":{"type":"Point","coordinates":[-442.12668657946233,5563.2868472551245]}},{"type":"Feature","properties":{"nodeId":"faction_quest","group":"quests","thglKey":"quests/faction_quest","source":"thgl-nodes-raw-ascii"},"geometry":{"type":"Point","coordinates":[306.28241837470387,4708.142960140076]}},{"type":"Feature","properties":{"nodeId":"faction_quest","group":"quests","thglKey":"quests/faction_quest","source":"thgl-nodes-raw-ascii"},"geometry":{"type":"Point","coordinates":[1782.850551035122,6713.744360902256]}},{"type":"Feature","properties":{"nodeId":"faction_quest","group":"quests","thglKey":"quests/faction_quest","source":"thgl-nodes-raw-ascii"},"geometry":{"type":"Point","coordinates":[1163.113811927078,6490.571634565867]}},{"type":"Feature","properties":{"nodeId":"faction_quest","group":"quests","thglKey":"quests/faction_quest","source":"thgl-nodes-raw-ascii"},"geometry":{"type":"Point","coordinates":[-259.0322381295705,6582.118858790813]}},{"type":"Feature","properties":{"nodeId":"faction_quest","group":"quests","thglKey":"quests/faction_quest","source":"thgl-nodes-raw-ascii"},"geometry":{"type":"Point","coordinates":[1628.4437120197754,6662.697291173138]}},{"type":"Feature","properties":{"nodeId":"faction_quest","group":"quests","thglKey":"quests/faction_quest","source":"thgl-nodes-raw-ascii"},"geometry":{"type":"Point","coordinates":[1229.348439592131,6069.11690184365]}},{"type":"Feature","properties":{"nodeId":"faction_quest","group":"quests","thglKey":"quests/faction_quest","source":"thgl-nodes-raw-ascii"},"geometry":{"type":"Point","coordinates":[2054.539087444639,5858.600473787208]}},{"type":"Feature","properties":{"nodeId":"faction_quest","group":"quests","thglKey":"quests/faction_quest","source":"thgl-nodes-raw-ascii"},"geometry":{"type":"Point","coordinates":[1521.2870532495622,4858.752909671439]}},{"type":"Feature","properties":{"nodeId":"faction_quest","group":"quests","thglKey":"quests/faction_quest","source":"thgl-nodes-raw-ascii"},"geometry":{"type":"Point","coordinates":[1906.038520959934,4644.017715521681]}},{"type":"Feature","properties":{"nodeId":"faction_quest","group":"quests","thglKey":"quests/faction_quest","source":"thgl-nodes-raw-ascii"},"geometry":{"type":"Point","coordinates":[1877.3509115253887,4552.048614687404]}},{"type":"Feature","properties":{"nodeId":"faction_quest","group":"quests","thglKey":"quests/faction_quest","source":"thgl-nodes-raw-ascii"},"geometry":{"type":"Point","coordinates":[1981.554434030281,4582.845607168607]}},{"type":"Feature","properties":{"nodeId":"faction_quest","group":"quests","thglKey":"quests/faction_quest","source":"thgl-nodes-raw-ascii"},"geometry":{"type":"Point","coordinates":[1542.8027603254711,6527.274899577711]}},{"type":"Feature","properties":{"nodeId":"faction_quest","group":"quests","thglKey":"quests/faction_quest","source":"thgl-nodes-raw-ascii"},"geometry":{"type":"Point","coordinates":[1607.349881553198,6508.712328767123]}},{"type":"Feature","properties":{"nodeId":"faction_quest","group":"quests","thglKey":"quests/faction_quest","source":"thgl-nodes-raw-ascii"},"geometry":{"type":"Point","coordinates":[1664.7251004222885,6555.118755793594]}},{"type":"Feature","properties":{"nodeId":"faction_quest","group":"quests","thglKey":"quests/faction_quest","source":"thgl-nodes-raw-ascii"},"geometry":{"type":"Point","coordinates":[1361.3958183129055,6649.61911628386]}},{"type":"Feature","properties":{"nodeId":"faction_quest","group":"quests","thglKey":"quests/faction_quest","source":"thgl-nodes-raw-ascii"},"geometry":{"type":"Point","coordinates":[2416.0873416417758,6514.618601297765]}},{"type":"Feature","properties":{"nodeId":"faction_quest","group":"quests","thglKey":"quests/faction_quest","source":"thgl-nodes-raw-ascii"},"geometry":{"type":"Point","coordinates":[2529.572149551962,6469.055927489958]}},{"type":"Feature","properties":{"nodeId":"faction_quest","group":"quests","thglKey":"quests/faction_quest","source":"thgl-nodes-raw-ascii"},"geometry":{"type":"Point","coordinates":[2533.369039035946,6471.587187145947]}},{"type":"Feature","properties":{"nodeId":"faction_quest","group":"quests","thglKey":"quests/faction_quest","source":"thgl-nodes-raw-ascii"},"geometry":{"type":"Point","coordinates":[2452.368730044289,6554.27500257493]}},{"type":"Feature","properties":{"nodeId":"faction_quest","group":"quests","thglKey":"quests/faction_quest","source":"thgl-nodes-raw-ascii"},"geometry":{"type":"Point","coordinates":[2463.337521886909,6539.509321248326]}},{"type":"Feature","properties":{"nodeId":"faction_quest","group":"quests","thglKey":"quests/faction_quest","source":"thgl-nodes-raw-ascii"},"geometry":{"type":"Point","coordinates":[2312.7275723555463,6716.275620558245]}},{"type":"Feature","properties":{"nodeId":"faction_quest","group":"quests","thglKey":"quests/faction_quest","source":"thgl-nodes-raw-ascii"},"geometry":{"type":"Point","coordinates":[2303.024410340921,6715.431867339582]}},{"type":"Feature","properties":{"nodeId":"faction_quest","group":"quests","thglKey":"quests/faction_quest","source":"thgl-nodes-raw-ascii"},"geometry":{"type":"Point","coordinates":[2297.118137810279,6717.119373776908]}},{"type":"Feature","properties":{"nodeId":"faction_quest","group":"quests","thglKey":"quests/faction_quest","source":"thgl-nodes-raw-ascii"},"geometry":{"type":"Point","coordinates":[2586.525491811721,7257.965186939952]}},{"type":"Feature","properties":{"nodeId":"faction_quest","group":"quests","thglKey":"quests/faction_quest","source":"thgl-nodes-raw-ascii"},"geometry":{"type":"Point","coordinates":[2165.0707590895045,6496.477907096509]}},{"type":"Feature","properties":{"nodeId":"faction_quest","group":"quests","thglKey":"quests/faction_quest","source":"thgl-nodes-raw-ascii"},"geometry":{"type":"Point","coordinates":[2494.5563909774437,6270.352044494799]}},{"type":"Feature","properties":{"nodeId":"faction_quest","group":"quests","thglKey":"quests/faction_quest","source":"thgl-nodes-raw-ascii"},"geometry":{"type":"Point","coordinates":[2444.3530744669893,6296.5083942733545]}},{"type":"Feature","properties":{"nodeId":"faction_quest","group":"quests","thglKey":"quests/faction_quest","source":"thgl-nodes-raw-ascii"},"geometry":{"type":"Point","coordinates":[2586.525491811721,6237.023792357606]}},{"type":"Feature","properties":{"nodeId":"faction_quest","group":"quests","thglKey":"quests/faction_quest","source":"thgl-nodes-raw-ascii"},"geometry":{"type":"Point","coordinates":[2518.1814811000104,6564.821917808219]}},{"type":"Feature","properties":{"nodeId":"faction_quest","group":"quests","thglKey":"quests/faction_quest","source":"thgl-nodes-raw-ascii"},"geometry":{"type":"Point","coordinates":[2752.3229992790193,6472.43094036461]}},{"type":"Feature","properties":{"nodeId":"faction_quest","group":"quests","thglKey":"quests/faction_quest","source":"thgl-nodes-raw-ascii"},"geometry":{"type":"Point","coordinates":[2953.558141930168,6562.29065815223]}},{"type":"Feature","properties":{"nodeId":"faction_quest","group":"quests","thglKey":"quests/faction_quest","source":"thgl-nodes-raw-ascii"},"geometry":{"type":"Point","coordinates":[2981.8238747553814,6415.899474714182]}},{"type":"Feature","properties":{"nodeId":"faction_quest","group":"quests","thglKey":"quests/faction_quest","source":"thgl-nodes-raw-ascii"},"geometry":{"type":"Point","coordinates":[2584.416108765063,6115.945205479452]}},{"type":"Feature","properties":{"nodeId":"faction_quest","group":"quests","thglKey":"quests/faction_quest","source":"thgl-nodes-raw-ascii"},"geometry":{"type":"Point","coordinates":[2193.9650880626223,6529.164906787517]}},{"type":"Feature","properties":{"nodeId":"faction_quest","group":"quests","thglKey":"quests/faction_quest","source":"thgl-nodes-raw-ascii"},"geometry":{"type":"Point","coordinates":[2348.587084148728,6402.821299824905]}},{"type":"Feature","properties":{"nodeId":"faction_quest","group":"quests","thglKey":"quests/faction_quest","source":"thgl-nodes-raw-ascii"},"geometry":{"type":"Point","coordinates":[2314.4150787928725,4601.830054588526]}},{"type":"Feature","properties":{"nodeId":"faction_quest","group":"quests","thglKey":"quests/faction_quest","source":"thgl-nodes-raw-ascii"},"geometry":{"type":"Point","coordinates":[1910.679163662581,6853.80739520033]}},{"type":"Feature","properties":{"nodeId":"faction_quest","group":"quests","thglKey":"quests/faction_quest","source":"thgl-nodes-raw-ascii"},"geometry":{"type":"Point","coordinates":[2239.7429189411887,6686.322381295705]}},{"type":"Feature","properties":{"nodeId":"faction_quest","group":"quests","thglKey":"quests/faction_quest","source":"thgl-nodes-raw-ascii"},"geometry":{"type":"Point","coordinates":[2247.3366979091566,6684.212998249047]}},{"type":"Feature","properties":{"nodeId":"faction_quest","group":"quests","thglKey":"quests/faction_quest","source":"thgl-nodes-raw-ascii"},"geometry":{"type":"Point","coordinates":[2168.445771964157,6494.7904006591825]}},{"type":"Feature","properties":{"nodeId":"faction_quest","group":"quests","thglKey":"quests/faction_quest","source":"thgl-nodes-raw-ascii"},"geometry":{"type":"Point","coordinates":[2141.0237923576065,6415.4775981048515]}},{"type":"Feature","properties":{"nodeId":"faction_quest","group":"quests","thglKey":"quests/faction_quest","source":"thgl-nodes-raw-ascii"},"geometry":{"type":"Point","coordinates":[2251.1335873931403,6474.540323411268]}},{"type":"Feature","properties":{"nodeId":"faction_quest","group":"quests","thglKey":"quests/faction_quest","source":"thgl-nodes-raw-ascii"},"geometry":{"type":"Point","coordinates":[2394.1497579565353,7234.761973426717]}},{"type":"Feature","properties":{"nodeId":"faction_quest","group":"quests","thglKey":"quests/faction_quest","source":"thgl-nodes-raw-ascii"},"geometry":{"type":"Point","coordinates":[2445.1968276856524,6214.242455453703]}},{"type":"Feature","properties":{"nodeId":"faction_quest","group":"quests","thglKey":"quests/faction_quest","source":"thgl-nodes-raw-ascii"},"geometry":{"type":"Point","coordinates":[2381.493459676589,6420.54011741683]}},{"type":"Feature","properties":{"nodeId":"faction_quest","group":"quests","thglKey":"quests/faction_quest","source":"thgl-nodes-raw-ascii"},"geometry":{"type":"Point","coordinates":[2537.16592851993,6276.680193634772]}},{"type":"Feature","properties":{"nodeId":"faction_quest","group":"quests","thglKey":"quests/faction_quest","source":"thgl-nodes-raw-ascii"},"geometry":{"type":"Point","coordinates":[2534.212792254609,6256.430116386858]}},{"type":"Feature","properties":{"nodeId":"faction_quest","group":"quests","thglKey":"quests/faction_quest","source":"thgl-nodes-raw-ascii"},"geometry":{"type":"Point","coordinates":[2739.2448243897416,6185.132969409826]}},{"type":"Feature","properties":{"nodeId":"faction_quest","group":"quests","thglKey":"quests/faction_quest","source":"thgl-nodes-raw-ascii"},"geometry":{"type":"Point","coordinates":[2882.682871562468,6227.742506952312]}},{"type":"Feature","properties":{"nodeId":"faction_quest","group":"quests","thglKey":"quests/faction_quest","source":"thgl-nodes-raw-ascii"},"geometry":{"type":"Point","coordinates":[2884.7922546091254,6208.336182923061]}},{"type":"Feature","properties":{"nodeId":"faction_quest","group":"quests","thglKey":"quests/faction_quest","source":"thgl-nodes-raw-ascii"},"geometry":{"type":"Point","coordinates":[2781.4324853228964,6005.413533834587]}},{"type":"Feature","properties":{"nodeId":"faction_quest","group":"quests","thglKey":"quests/faction_quest","source":"thgl-nodes-raw-ascii"},"geometry":{"type":"Point","coordinates":[2804.2138222268,5952.257081058811]}},{"type":"Feature","properties":{"nodeId":"faction_quest","group":"quests","thglKey":"quests/faction_quest","source":"thgl-nodes-raw-ascii"},"geometry":{"type":"Point","coordinates":[2865.385930579874,5900.788134720363]}},{"type":"Feature","properties":{"nodeId":"faction_quest","group":"quests","thglKey":"quests/faction_quest","source":"thgl-nodes-raw-ascii"},"geometry":{"type":"Point","coordinates":[2888.5891440931096,6025.241734473169]}},{"type":"Feature","properties":{"nodeId":"faction_quest","group":"quests","thglKey":"quests/faction_quest","source":"thgl-nodes-raw-ascii"},"geometry":{"type":"Point","coordinates":[2851.0421258626016,5806.287774230096]}},{"type":"Feature","properties":{"nodeId":"faction_quest","group":"quests","thglKey":"quests/faction_quest","source":"thgl-nodes-raw-ascii"},"geometry":{"type":"Point","coordinates":[2700.432176331239,5759.459470594294]}},{"type":"Feature","properties":{"nodeId":"faction_quest","group":"quests","thglKey":"quests/faction_quest","source":"thgl-nodes-raw-ascii"},"geometry":{"type":"Point","coordinates":[2612.681841590277,5834.55350705531]}},{"type":"Feature","properties":{"nodeId":"faction_quest","group":"quests","thglKey":"quests/faction_quest","source":"thgl-nodes-raw-ascii"},"geometry":{"type":"Point","coordinates":[2678.072716036667,5815.147183026058]}},{"type":"Feature","properties":{"nodeId":"faction_quest","group":"quests","thglKey":"quests/faction_quest","source":"thgl-nodes-raw-ascii"},"geometry":{"type":"Point","coordinates":[2233.4147698012152,7029.308064682254]}},{"type":"Feature","properties":{"nodeId":"faction_quest","group":"quests","thglKey":"quests/faction_quest","source":"thgl-nodes-raw-ascii"},"geometry":{"type":"Point","coordinates":[2947.6518693995263,5209.332372025955]}},{"type":"Feature","properties":{"nodeId":"faction_quest","group":"quests","thglKey":"quests/faction_quest","source":"thgl-nodes-raw-ascii"},"geometry":{"type":"Point","coordinates":[2980.9801215367183,5251.098156349779]}},{"type":"Feature","properties":{"nodeId":"faction_quest","group":"quests","thglKey":"quests/faction_quest","source":"thgl-nodes-raw-ascii"},"geometry":{"type":"Point","coordinates":[2246.0710680811617,4954.5188999897]}},{"type":"Feature","properties":{"nodeId":"faction_quest","group":"quests","thglKey":"quests/faction_quest","source":"thgl-nodes-raw-ascii"},"geometry":{"type":"Point","coordinates":[2251.9773406118034,4955.784529817695]}},{"type":"Feature","properties":{"nodeId":"faction_quest","group":"quests","thglKey":"quests/faction_quest","source":"thgl-nodes-raw-ascii"},"geometry":{"type":"Point","coordinates":[2816.8701205067464,5040.581728293336]}},{"type":"Feature","properties":{"nodeId":"faction_quest","group":"quests","thglKey":"quests/faction_quest","source":"thgl-nodes-raw-ascii"},"geometry":{"type":"Point","coordinates":[2814.7607374600884,5033.831702544031]}},{"type":"Feature","properties":{"nodeId":"faction_quest","group":"quests","thglKey":"quests/faction_quest","source":"thgl-nodes-raw-ascii"},"geometry":{"type":"Point","coordinates":[2804.2138222268,5152.379029766196]}},{"type":"Feature","properties":{"nodeId":"faction_quest","group":"quests","thglKey":"quests/faction_quest","source":"thgl-nodes-raw-ascii"},"geometry":{"type":"Point","coordinates":[2817.7138737254095,5111.035122051705]}},{"type":"Feature","properties":{"nodeId":"faction_quest","group":"quests","thglKey":"quests/faction_quest","source":"thgl-nodes-raw-ascii"},"geometry":{"type":"Point","coordinates":[2526.1971366773096,5778.022041404882]}},{"type":"Feature","properties":{"nodeId":"faction_quest","group":"quests","thglKey":"quests/faction_quest","source":"thgl-nodes-raw-ascii"},"geometry":{"type":"Point","coordinates":[2522.400247193326,5772.959522092903]}},{"type":"Feature","properties":{"nodeId":"faction_quest","group":"quests","thglKey":"quests/faction_quest","source":"thgl-nodes-raw-ascii"},"geometry":{"type":"Point","coordinates":[2426.212380265733,5581.849418065713]}},{"type":"Feature","properties":{"nodeId":"faction_quest","group":"quests","thglKey":"quests/faction_quest","source":"thgl-nodes-raw-ascii"},"geometry":{"type":"Point","coordinates":[2354.7127325162223,5659.6392460603565]}},{"type":"Feature","properties":{"nodeId":"faction_quest","group":"quests","thglKey":"quests/faction_quest","source":"thgl-nodes-raw-ascii"},"geometry":{"type":"Point","coordinates":[2937.9487073849004,5212.2855082912765]}},{"type":"Feature","properties":{"nodeId":"faction_quest","group":"quests","thglKey":"quests/faction_quest","source":"thgl-nodes-raw-ascii"},"geometry":{"type":"Point","coordinates":[2662.041404882068,5126.644556596972]}},{"type":"Feature","properties":{"nodeId":"faction_quest","group":"quests","thglKey":"quests/faction_quest","source":"thgl-nodes-raw-ascii"},"geometry":{"type":"Point","coordinates":[2373.055927489958,4916.128128540529]}},{"type":"Feature","properties":{"nodeId":"faction_quest","group":"quests","thglKey":"quests/faction_quest","source":"thgl-nodes-raw-ascii"},"geometry":{"type":"Point","coordinates":[2898.946214852199,5257.8017756720565]}},{"type":"Feature","properties":{"nodeId":"faction_quest","group":"quests","thglKey":"quests/faction_quest","source":"thgl-nodes-raw-ascii"},"geometry":{"type":"Point","coordinates":[2791.1356473375217,5095.847564115769]}},{"type":"Feature","properties":{"nodeId":"faction_quest","group":"quests","thglKey":"quests/faction_quest","source":"thgl-nodes-raw-ascii"},"geometry":{"type":"Point","coordinates":[2641.7364836749407,4964.572219590071]}},{"type":"Feature","properties":{"nodeId":"faction_quest","group":"quests","thglKey":"quests/faction_quest","source":"thgl-nodes-raw-ascii"},"geometry":{"type":"Point","coordinates":[2581.4629724997426,5122.847667112988]}},{"type":"Feature","properties":{"nodeId":"faction_quest","group":"quests","thglKey":"quests/faction_quest","source":"thgl-nodes-raw-ascii"},"geometry":{"type":"Point","coordinates":[2571.3379338757854,5143.5196209702335]}},{"type":"Feature","properties":{"nodeId":"faction_quest","group":"quests","thglKey":"quests/faction_quest","source":"thgl-nodes-raw-ascii"},"geometry":{"type":"Point","coordinates":[2805.3866392007417,4966.787071789062]}},{"type":"Feature","properties":{"nodeId":"faction_quest","group":"quests","thglKey":"quests/faction_quest","source":"thgl-nodes-raw-ascii"},"geometry":{"type":"Point","coordinates":[2940.0580904315584,4713.627356061386]}},{"type":"Feature","properties":{"nodeId":"faction_quest","group":"quests","thglKey":"quests/faction_quest","source":"thgl-nodes-raw-ascii"},"geometry":{"type":"Point","coordinates":[2709.2915851272014,4695.908538469462]}},{"type":"Feature","properties":{"nodeId":"faction_quest","group":"quests","thglKey":"quests/faction_quest","source":"thgl-nodes-raw-ascii"},"geometry":{"type":"Point","coordinates":[2330.868266556803,5204.269852713976]}},{"type":"Feature","properties":{"nodeId":"faction_quest","group":"quests","thglKey":"quests/faction_quest","source":"thgl-nodes-raw-ascii"},"geometry":{"type":"Point","coordinates":[3264.4812030075186,4599.720671541869]}},{"type":"Feature","properties":{"nodeId":"faction_quest","group":"quests","thglKey":"quests/faction_quest","source":"thgl-nodes-raw-ascii"},"geometry":{"type":"Point","coordinates":[3182.9957359151304,4977.1778926768975]}},{"type":"Feature","properties":{"nodeId":"faction_quest","group":"quests","thglKey":"quests/faction_quest","source":"thgl-nodes-raw-ascii"},"geometry":{"type":"Point","coordinates":[2149.4613245442374,6100.335770934184]}},{"type":"Feature","properties":{"nodeId":"faction_quest","group":"quests","thglKey":"quests/faction_quest","source":"thgl-nodes-raw-ascii"},"geometry":{"type":"Point","coordinates":[1446.1930167885466,6345.867957565146]}},{"type":"Feature","properties":{"nodeId":"faction_quest","group":"quests","thglKey":"quests/faction_quest","source":"thgl-nodes-raw-ascii"},"geometry":{"type":"Point","coordinates":[2879.691766402307,5241.639682768565]}},{"type":"Feature","properties":{"nodeId":"faction_quest","group":"quests","thglKey":"quests/faction_quest","source":"thgl-nodes-raw-ascii"},"geometry":{"type":"Point","coordinates":[2889.7282109383045,5222.440078277887]}},{"type":"Feature","properties":{"nodeId":"faction_quest","group":"quests","thglKey":"quests/faction_quest","source":"thgl-nodes-raw-ascii"},"geometry":{"type":"Point","coordinates":[2683.1352353486454,5686.052940570605]}},{"type":"Feature","properties":{"nodeId":"faction_quest","group":"quests","thglKey":"quests/faction_quest","source":"thgl-nodes-raw-ascii"},"geometry":{"type":"Point","coordinates":[1378.692759295499,4865.924812030075]}},{"type":"Feature","properties":{"nodeId":"faction_quest","group":"quests","thglKey":"quests/faction_quest","source":"thgl-nodes-raw-ascii"},"geometry":{"type":"Point","coordinates":[3289.7937995674115,4449.954475229169]}},{"type":"Feature","properties":{"nodeId":"faction_quest","group":"quests","thglKey":"quests/faction_quest","source":"thgl-nodes-raw-ascii"},"geometry":{"type":"Point","coordinates":[3302.8719744566897,4562.595529920693]}},{"type":"Feature","properties":{"nodeId":"faction_quest","group":"quests","thglKey":"quests/faction_quest","source":"thgl-nodes-raw-ascii"},"geometry":{"type":"Point","coordinates":[3395.6848285096303,4673.970954784221]}},{"type":"Feature","properties":{"nodeId":"faction_quest","group":"quests","thglKey":"quests/faction_quest","source":"thgl-nodes-raw-ascii"},"geometry":{"type":"Point","coordinates":[3284.731280255433,4864.659182202081]}},{"type":"Feature","properties":{"nodeId":"faction_quest","group":"quests","thglKey":"quests/faction_quest","source":"thgl-nodes-raw-ascii"},"geometry":{"type":"Point","coordinates":[3369.9503553404056,4943.55010814708]}},{"type":"Feature","properties":{"nodeId":"faction_quest","group":"quests","thglKey":"quests/faction_quest","source":"thgl-nodes-raw-ascii"},"geometry":{"type":"Point","coordinates":[3396.5285817282934,4900.096817385931]}},{"type":"Feature","properties":{"nodeId":"faction_quest","group":"quests","thglKey":"quests/faction_quest","source":"thgl-nodes-raw-ascii"},"geometry":{"type":"Point","coordinates":[2774.26058296426,4866.768565248738]}},{"type":"Feature","properties":{"nodeId":"faction_quest","group":"quests","thglKey":"quests/faction_quest","source":"thgl-nodes-raw-ascii"},"geometry":{"type":"Point","coordinates":[2919.3861365743123,4874.362344216706]}},{"type":"Feature","properties":{"nodeId":"faction_quest","group":"quests","thglKey":"quests/faction_quest","source":"thgl-nodes-raw-ascii"},"geometry":{"type":"Point","coordinates":[1753.7410649912451,4479.907714491709]}},{"type":"Feature","properties":{"nodeId":"faction_quest","group":"quests","thglKey":"quests/faction_quest","source":"thgl-nodes-raw-ascii"},"geometry":{"type":"Point","coordinates":[2780.1668554949015,4641.486455865692]}},{"type":"Feature","properties":{"nodeId":"faction_quest","group":"quests","thglKey":"quests/faction_quest","source":"thgl-nodes-raw-ascii"},"geometry":{"type":"Point","coordinates":[885.0971263775878,4495.9390256463075]}},{"type":"Feature","properties":{"nodeId":"faction_quest","group":"quests","thglKey":"quests/faction_quest","source":"thgl-nodes-raw-ascii"},"geometry":{"type":"Point","coordinates":[984.6600061798331,4335.2040374909875]}},{"type":"Feature","properties":{"nodeId":"faction_quest","group":"quests","thglKey":"quests/faction_quest","source":"thgl-nodes-raw-ascii"},"geometry":{"type":"Point","coordinates":[1926.2885982078483,5609.693274281594]}},{"type":"Feature","properties":{"nodeId":"faction_quest","group":"quests","thglKey":"quests/faction_quest","source":"thgl-nodes-raw-ascii"},"geometry":{"type":"Point","coordinates":[1165.6450715830672,5667.490369760017]}},{"type":"Feature","properties":{"nodeId":"faction_quest","group":"quests","thglKey":"quests/faction_quest","source":"thgl-nodes-raw-ascii"},"geometry":{"type":"Point","coordinates":[1127.2543001338963,5372.176743227933]}},{"type":"Feature","properties":{"nodeId":"faction_quest","group":"quests","thglKey":"quests/faction_quest","source":"thgl-nodes-raw-ascii"},"geometry":{"type":"Point","coordinates":[1230.0487547636212,5537.7844062210315]}},{"type":"Feature","properties":{"nodeId":"faction_quest","group":"quests","thglKey":"quests/faction_quest","source":"thgl-nodes-raw-ascii"},"geometry":{"type":"Point","coordinates":[1234.832835513441,5523.6304459779585]}},{"type":"Feature","properties":{"nodeId":"faction_quest","group":"quests","thglKey":"quests/faction_quest","source":"thgl-nodes-raw-ascii"},"geometry":{"type":"Point","coordinates":[1120.5042743845916,5491.145947059429]}},{"type":"Feature","properties":{"nodeId":"faction_quest","group":"quests","thglKey":"quests/faction_quest","source":"thgl-nodes-raw-ascii"},"geometry":{"type":"Point","coordinates":[1120.5042743845916,5494.942836543413]}},{"type":"Feature","properties":{"nodeId":"faction_quest","group":"quests","thglKey":"quests/faction_quest","source":"thgl-nodes-raw-ascii"},"geometry":{"type":"Point","coordinates":[1877.3509115253887,5845.100422288599]}},{"type":"Feature","properties":{"nodeId":"faction_quest","group":"quests","thglKey":"quests/faction_quest","source":"thgl-nodes-raw-ascii"},"geometry":{"type":"Point","coordinates":[1829.6788546709238,5861.9754866618605]}},{"type":"Feature","properties":{"nodeId":"faction_quest","group":"quests","thglKey":"quests/faction_quest","source":"thgl-nodes-raw-ascii"},"geometry":{"type":"Point","coordinates":[1655.865691626326,5409.301884849109]}},{"type":"Feature","properties":{"nodeId":"faction_quest","group":"quests","thglKey":"quests/faction_quest","source":"thgl-nodes-raw-ascii"},"geometry":{"type":"Point","coordinates":[1663.8813472036254,5406.7706251931195]}},{"type":"Feature","properties":{"nodeId":"faction_quest","group":"quests","thglKey":"quests/faction_quest","source":"thgl-nodes-raw-ascii"},"geometry":{"type":"Point","coordinates":[1798.4599855803892,5211.441755072613]}},{"type":"Feature","properties":{"nodeId":"faction_quest","group":"quests","thglKey":"quests/faction_quest","source":"thgl-nodes-raw-ascii"},"geometry":{"type":"Point","coordinates":[1343.6770007209805,5616.021423421567]}},{"type":"Feature","properties":{"nodeId":"faction_quest","group":"quests","thglKey":"quests/faction_quest","source":"thgl-nodes-raw-ascii"},"geometry":{"type":"Point","coordinates":[1278.2861262745905,5563.708723864455]}},{"type":"Feature","properties":{"nodeId":"faction_quest","group":"quests","thglKey":"quests/faction_quest","source":"thgl-nodes-raw-ascii"},"geometry":{"type":"Point","coordinates":[1213.7390050468637,4922.456277680502]}},{"type":"Feature","properties":{"nodeId":"faction_quest","group":"quests","thglKey":"quests/faction_quest","source":"thgl-nodes-raw-ascii"},"geometry":{"type":"Point","coordinates":[1452.2596024307345,5390.199311978577]}},{"type":"Feature","properties":{"nodeId":"faction_quest","group":"quests","thglKey":"quests/faction_quest","source":"thgl-nodes-raw-ascii"},"geometry":{"type":"Point","coordinates":[1108.2698527139767,6012.163559583892]}},{"type":"Feature","properties":{"nodeId":"faction_quest","group":"quests","thglKey":"quests/faction_quest","source":"thgl-nodes-raw-ascii"},"geometry":{"type":"Point","coordinates":[1701.0064888248016,5953.9445874961375]}},{"type":"Feature","properties":{"nodeId":"faction_quest","group":"quests","thglKey":"quests/faction_quest","source":"thgl-nodes-raw-ascii"},"geometry":{"type":"Point","coordinates":[923.0660212174271,5967.022762385415]}},{"type":"Feature","properties":{"nodeId":"faction_quest","group":"quests","thglKey":"quests/faction_quest","source":"thgl-nodes-raw-ascii"},"geometry":{"type":"Point","coordinates":[1369.8333504995364,5643.021526418786]}},{"type":"Feature","properties":{"nodeId":"faction_quest","group":"quests","thglKey":"quests/faction_quest","source":"thgl-nodes-raw-ascii"},"geometry":{"type":"Point","coordinates":[1410.7553816046966,5676.77165516531]}},{"type":"Feature","properties":{"nodeId":"faction_quest","group":"quests","thglKey":"quests/faction_quest","source":"thgl-nodes-raw-ascii"},"geometry":{"type":"Point","coordinates":[1359.7083118755793,5462.458337624884]}},{"type":"Feature","properties":{"nodeId":"faction_quest","group":"quests","thglKey":"quests/faction_quest","source":"thgl-nodes-raw-ascii"},"geometry":{"type":"Point","coordinates":[857.6751467710371,5483.9740447007935]}},{"type":"Feature","properties":{"nodeId":"faction_quest","group":"quests","thglKey":"quests/faction_quest","source":"thgl-nodes-raw-ascii"},"geometry":{"type":"Point","coordinates":[578.3928313935523,4764.674425790504]}},{"type":"Feature","properties":{"nodeId":"faction_quest","group":"quests","thglKey":"quests/faction_quest","source":"thgl-nodes-raw-ascii"},"geometry":{"type":"Point","coordinates":[1087.5978988567308,6358.946132454424]}},{"type":"Feature","properties":{"nodeId":"faction_quest","group":"quests","thglKey":"quests/faction_quest","source":"thgl-nodes-raw-ascii"},"geometry":{"type":"Point","coordinates":[1092.2385415593778,6469.8996807086205]}},{"type":"Feature","properties":{"nodeId":"faction_quest","group":"quests","thglKey":"quests/faction_quest","source":"thgl-nodes-raw-ascii"},"geometry":{"type":"Point","coordinates":[957.4574024101352,5645.620286332269]}},{"type":"Feature","properties":{"nodeId":"faction_quest","group":"quests","thglKey":"quests/faction_quest","source":"thgl-nodes-raw-ascii"},"geometry":{"type":"Point","coordinates":[2357.4464929446904,5739.209393346379]}},{"type":"Feature","properties":{"nodeId":"faction_quest","group":"quests","thglKey":"quests/faction_quest","source":"thgl-nodes-raw-ascii"},"geometry":{"type":"Point","coordinates":[2390.470993923164,5820.711735503141]}},{"type":"Feature","properties":{"nodeId":"faction_quest","group":"quests","thglKey":"quests/faction_quest","source":"thgl-nodes-raw-ascii"},"geometry":{"type":"Point","coordinates":[2387.821608816562,5819.787825728706]}},{"type":"Feature","properties":{"nodeId":"faction_quest","group":"quests","thglKey":"quests/faction_quest","source":"thgl-nodes-raw-ascii"},"geometry":{"type":"Point","coordinates":[1873.9758986507363,5390.317437429189]}},{"type":"Feature","properties":{"nodeId":"faction_quest","group":"quests","thglKey":"quests/faction_quest","source":"thgl-nodes-raw-ascii"},"geometry":{"type":"Point","coordinates":[1889.163456586672,5289.48892779895]}},{"type":"Feature","properties":{"nodeId":"faction_quest","group":"quests","thglKey":"quests/faction_quest","source":"thgl-nodes-raw-ascii"},"geometry":{"type":"Point","coordinates":[1162.6919353177464,6490.571634565867]}},{"type":"Feature","properties":{"nodeId":"faction_quest","group":"quests","thglKey":"quests/faction_quest","source":"thgl-nodes-raw-ascii"},"geometry":{"type":"Point","coordinates":[1300.6455865691626,6405.774436090225]}},{"type":"Feature","properties":{"nodeId":"faction_quest","group":"quests","thglKey":"quests/faction_quest","source":"thgl-nodes-raw-ascii"},"geometry":{"type":"Point","coordinates":[1301.067463178494,6202.851787001751]}},{"type":"Feature","properties":{"nodeId":"faction_quest","group":"quests","thglKey":"quests/faction_quest","source":"thgl-nodes-raw-ascii"},"geometry":{"type":"Point","coordinates":[1160.5825522710886,6175.851684004532]}},{"type":"Feature","properties":{"nodeId":"faction_quest","group":"quests","thglKey":"quests/faction_quest","source":"thgl-nodes-raw-ascii"},"geometry":{"type":"Point","coordinates":[1007.0194664744051,6213.820578844371]}},{"type":"Feature","properties":{"nodeId":"faction_quest","group":"quests","thglKey":"quests/faction_quest","source":"thgl-nodes-raw-ascii"},"geometry":{"type":"Point","coordinates":[934.0348130600473,6094.007621794211]}},{"type":"Feature","properties":{"nodeId":"faction_quest","group":"quests","thglKey":"quests/faction_quest","source":"thgl-nodes-raw-ascii"},"geometry":{"type":"Point","coordinates":[1070.3009578741373,5853.116077865898]}},{"type":"Feature","properties":{"nodeId":"faction_quest","group":"quests","thglKey":"quests/faction_quest","source":"thgl-nodes-raw-ascii"},"geometry":{"type":"Point","coordinates":[402.89216191162836,5562.021217427129]}},{"type":"Feature","properties":{"nodeId":"faction_quest","group":"quests","thglKey":"quests/faction_quest","source":"thgl-nodes-raw-ascii"},"geometry":{"type":"Point","coordinates":[418.0797198475641,5614.333916984241]}},{"type":"Feature","properties":{"nodeId":"faction_quest","group":"quests","thglKey":"quests/faction_quest","source":"thgl-nodes-raw-ascii"},"geometry":{"type":"Point","coordinates":[-141.75054073540014,4684.939746626841]}},{"type":"Feature","properties":{"nodeId":"faction_quest","group":"quests","thglKey":"quests/faction_quest","source":"thgl-nodes-raw-ascii"},"geometry":{"type":"Point","coordinates":[-121.07858687815428,4777.752600679782]}},{"type":"Feature","properties":{"nodeId":"faction_quest","group":"quests","thglKey":"quests/faction_quest","source":"thgl-nodes-raw-ascii"},"geometry":{"type":"Point","coordinates":[-74.672159851684,4841.877845298177]}},{"type":"Feature","properties":{"nodeId":"faction_quest","group":"quests","thglKey":"quests/faction_quest","source":"thgl-nodes-raw-ascii"},"geometry":{"type":"Point","coordinates":[9.281285405294057,4925.831290555155]}},{"type":"Feature","properties":{"nodeId":"faction_quest","group":"quests","thglKey":"quests/faction_quest","source":"thgl-nodes-raw-ascii"},"geometry":{"type":"Point","coordinates":[-22.359460294572045,4758.768153259862]}},{"type":"Feature","properties":{"nodeId":"faction_quest","group":"quests","thglKey":"quests/faction_quest","source":"thgl-nodes-raw-ascii"},"geometry":{"type":"Point","coordinates":[280.1260685961479,5185.707281903388]}},{"type":"Feature","properties":{"nodeId":"faction_quest","group":"quests","thglKey":"quests/faction_quest","source":"thgl-nodes-raw-ascii"},"geometry":{"type":"Point","coordinates":[526.5020084457719,5205.957359151303]}},{"type":"Feature","properties":{"nodeId":"faction_quest","group":"quests","thglKey":"quests/faction_quest","source":"thgl-nodes-raw-ascii"},"geometry":{"type":"Point","coordinates":[85.2190750849727,4585.7987434339275]}},{"type":"Feature","properties":{"nodeId":"faction_quest","group":"quests","thglKey":"quests/faction_quest","source":"thgl-nodes-raw-ascii"},"geometry":{"type":"Point","coordinates":[110.53167164486558,4612.376969821815]}},{"type":"Feature","properties":{"nodeId":"faction_quest","group":"quests","thglKey":"quests/faction_quest","source":"thgl-nodes-raw-ascii"},"geometry":{"type":"Point","coordinates":[-193.64136368318054,5145.6290040168915]}},{"type":"Feature","properties":{"nodeId":"faction_quest","group":"quests","thglKey":"quests/faction_quest","source":"thgl-nodes-raw-ascii"},"geometry":{"type":"Point","coordinates":[-116.43794417550725,5227.473066227212]}},{"type":"Feature","properties":{"nodeId":"faction_quest","group":"quests","thglKey":"quests/faction_quest","source":"thgl-nodes-raw-ascii"},"geometry":{"type":"Point","coordinates":[-148.07868987537336,5138.457101658255]}},{"type":"Feature","properties":{"nodeId":"faction_quest","group":"quests","thglKey":"quests/faction_quest","source":"thgl-nodes-raw-ascii"},"geometry":{"type":"Point","coordinates":[-178.87568235657636,5191.191677824699]}},{"type":"Feature","properties":{"nodeId":"faction_quest","group":"quests","thglKey":"quests/faction_quest","source":"thgl-nodes-raw-ascii"},"geometry":{"type":"Point","coordinates":[-70.03151714903697,5119.894530847667]}},{"type":"Feature","properties":{"nodeId":"faction_quest","group":"quests","thglKey":"quests/faction_quest","source":"thgl-nodes-raw-ascii"},"geometry":{"type":"Point","coordinates":[-51.04706972911731,5001.769080234833]}},{"type":"Feature","properties":{"nodeId":"faction_quest","group":"quests","thglKey":"quests/faction_quest","source":"thgl-nodes-raw-ascii"},"geometry":{"type":"Point","coordinates":[160.882644968586,4712.669696158204]}},{"type":"Feature","properties":{"nodeId":"faction_quest","group":"quests","thglKey":"quests/faction_quest","source":"thgl-nodes-raw-ascii"},"geometry":{"type":"Point","coordinates":[534.3573509115257,4931.5266247811305]}},{"type":"Feature","properties":{"nodeId":"faction_quest","group":"quests","thglKey":"quests/faction_quest","source":"thgl-nodes-raw-ascii"},"geometry":{"type":"Point","coordinates":[534.804540117417,4933.779445874961]}},{"type":"Feature","properties":{"nodeId":"faction_quest","group":"quests","thglKey":"quests/faction_quest","source":"thgl-nodes-raw-ascii"},"geometry":{"type":"Point","coordinates":[535.7031372952928,4930.779903182613]}},{"type":"Feature","properties":{"nodeId":"faction_quest","group":"quests","thglKey":"quests/faction_quest","source":"thgl-nodes-raw-ascii"},"geometry":{"type":"Point","coordinates":[388.54835719435573,5115.675764754352]}},{"type":"Feature","properties":{"nodeId":"faction_quest","group":"quests","thglKey":"quests/faction_quest","source":"thgl-nodes-raw-ascii"},"geometry":{"type":"Point","coordinates":[378.62160057678415,5116.578580698321]}},{"type":"Feature","properties":{"nodeId":"faction_quest","group":"quests","thglKey":"quests/faction_quest","source":"thgl-nodes-raw-ascii"},"geometry":{"type":"Point","coordinates":[384.58693583273276,5120.54843959213]}},{"type":"Feature","properties":{"nodeId":"faction_quest","group":"quests","thglKey":"quests/faction_quest","source":"thgl-nodes-raw-ascii"},"geometry":{"type":"Point","coordinates":[467.86115974868676,4897.987434339273]}},{"type":"Feature","properties":{"nodeId":"faction_quest","group":"quests","thglKey":"quests/faction_quest","source":"thgl-nodes-raw-ascii"},"geometry":{"type":"Point","coordinates":[486.0229477804096,4923.316905963539]}},{"type":"Feature","properties":{"nodeId":"faction_quest","group":"quests","thglKey":"quests/faction_quest","source":"thgl-nodes-raw-ascii"},"geometry":{"type":"Point","coordinates":[488.8199897002782,4912.360770419198]}},{"type":"Feature","properties":{"nodeId":"faction_quest","group":"quests","thglKey":"quests/faction_quest","source":"thgl-nodes-raw-ascii"},"geometry":{"type":"Point","coordinates":[469.0846019157481,5124.353766608301]}},{"type":"Feature","properties":{"nodeId":"faction_quest","group":"quests","thglKey":"quests/faction_quest","source":"thgl-nodes-raw-ascii"},"geometry":{"type":"Point","coordinates":[468.6711628386034,5122.349852713976]}},{"type":"Feature","properties":{"nodeId":"faction_quest","group":"quests","thglKey":"quests/faction_quest","source":"thgl-nodes-raw-ascii"},"geometry":{"type":"Point","coordinates":[470.46413842826246,5123.834858378824]}},{"type":"Feature","properties":{"nodeId":"faction_quest","group":"quests","thglKey":"quests/faction_quest","source":"thgl-nodes-raw-ascii"},"geometry":{"type":"Point","coordinates":[581.383936553713,4974.482101143269]}},{"type":"Feature","properties":{"nodeId":"faction_quest","group":"quests","thglKey":"quests/faction_quest","source":"thgl-nodes-raw-ascii"},"geometry":{"type":"Point","coordinates":[592.5847605314653,4969.090518076012]}},{"type":"Feature","properties":{"nodeId":"faction_quest","group":"quests","thglKey":"quests/faction_quest","source":"thgl-nodes-raw-ascii"},"geometry":{"type":"Point","coordinates":[579.5656483674943,4974.853352559481]}},{"type":"Feature","properties":{"nodeId":"faction_quest","group":"quests","thglKey":"quests/faction_quest","source":"thgl-nodes-raw-ascii"},"geometry":{"type":"Point","coordinates":[239.20403749098773,5256.1606756617575]}},{"type":"Feature","properties":{"nodeId":"faction_quest","group":"quests","thglKey":"quests/faction_quest","source":"thgl-nodes-raw-ascii"},"geometry":{"type":"Point","coordinates":[273.3760428468431,5258.270058708415]}},{"type":"Feature","properties":{"nodeId":"faction_quest","group":"quests","thglKey":"quests/faction_quest","source":"thgl-nodes-raw-ascii"},"geometry":{"type":"Point","coordinates":[308.80945926459975,5043.083456586673]}},{"type":"Feature","properties":{"nodeId":"faction_quest","group":"quests","thglKey":"quests/faction_quest","source":"thgl-nodes-raw-ascii"},"geometry":{"type":"Point","coordinates":[593.5803893294881,5090.363168194459]}},{"type":"Feature","properties":{"nodeId":"faction_quest","group":"quests","thglKey":"quests/faction_quest","source":"thgl-nodes-raw-ascii"},"geometry":{"type":"Point","coordinates":[272.1104130188485,5273.45761664435]}},{"type":"Feature","properties":{"nodeId":"faction_quest","group":"quests","thglKey":"quests/faction_quest","source":"thgl-nodes-raw-ascii"},"geometry":{"type":"Point","coordinates":[350.5794623545164,5170.519723967453]}},{"type":"Feature","properties":{"nodeId":"faction_quest","group":"quests","thglKey":"quests/faction_quest","source":"thgl-nodes-raw-ascii"},"geometry":{"type":"Point","coordinates":[245.1103100216294,5284.426408486971]}},{"type":"Feature","properties":{"nodeId":"faction_quest","group":"quests","thglKey":"quests/faction_quest","source":"thgl-nodes-raw-ascii"},"geometry":{"type":"Point","coordinates":[256.5009784735812,5282.738902049645]}},{"type":"Feature","properties":{"nodeId":"faction_quest","group":"quests","thglKey":"quests/faction_quest","source":"thgl-nodes-raw-ascii"},"geometry":{"type":"Point","coordinates":[244.68843341229785,5162.925944999485]}},{"type":"Feature","properties":{"nodeId":"faction_quest","group":"quests","thglKey":"quests/faction_quest","source":"thgl-nodes-raw-ascii"},"geometry":{"type":"Point","coordinates":[766.5497991554228,5136.769595220929]}},{"type":"Feature","properties":{"nodeId":"faction_quest","group":"quests","thglKey":"quests/faction_quest","source":"thgl-nodes-raw-ascii"},"geometry":{"type":"Point","coordinates":[212.32627871047518,5287.87314038521]}},{"type":"Feature","properties":{"nodeId":"faction_quest","group":"quests","thglKey":"quests/faction_quest","source":"thgl-nodes-raw-ascii"},"geometry":{"type":"Point","coordinates":[364.07951385312595,4914.862498712535]}},{"type":"Feature","properties":{"nodeId":"faction_quest","group":"quests","thglKey":"quests/faction_quest","source":"thgl-nodes-raw-ascii"},"geometry":{"type":"Point","coordinates":[318.9387166546503,5047.331754042641]}},{"type":"Feature","properties":{"nodeId":"faction_quest","group":"quests","thglKey":"quests/faction_quest","source":"thgl-nodes-raw-ascii"},"geometry":{"type":"Point","coordinates":[513.8457101658255,4926.675043773818]}},{"type":"Feature","properties":{"nodeId":"faction_quest","group":"quests","thglKey":"quests/faction_quest","source":"thgl-nodes-raw-ascii"},"geometry":{"type":"Point","coordinates":[1027.020636522814,5694.823755278608]}},{"type":"Feature","properties":{"nodeId":"faction_quest","group":"quests","thglKey":"quests/faction_quest","source":"thgl-nodes-raw-ascii"},"geometry":{"type":"Point","coordinates":[248.4853228962818,5267.129467504377]}},{"type":"Feature","properties":{"nodeId":"faction_quest","group":"quests","thglKey":"quests/faction_quest","source":"thgl-nodes-raw-ascii"},"geometry":{"type":"Point","coordinates":[239.62591410031928,5256.1606756617575]}},{"type":"Feature","properties":{"nodeId":"faction_quest","group":"quests","thglKey":"quests/faction_quest","source":"thgl-nodes-raw-ascii"},"geometry":{"type":"Point","coordinates":[305.43866515604077,5050.284890307962]}},{"type":"Feature","properties":{"nodeId":"faction_quest","group":"quests","thglKey":"quests/faction_quest","source":"thgl-nodes-raw-ascii"},"geometry":{"type":"Point","coordinates":[318.51684004531876,5056.191162838603]}},{"type":"Feature","properties":{"nodeId":"faction_quest","group":"quests","thglKey":"quests/faction_quest","source":"thgl-nodes-raw-ascii"},"geometry":{"type":"Point","coordinates":[743.7684622515192,6466.524667833968]}},{"type":"Feature","properties":{"nodeId":"faction_quest","group":"quests","thglKey":"quests/faction_quest","source":"thgl-nodes-raw-ascii"},"geometry":{"type":"Point","coordinates":[240.5793552374087,5329.600955814193]}},{"type":"Feature","properties":{"nodeId":"faction_quest","group":"quests","thglKey":"quests/faction_quest","source":"thgl-nodes-raw-ascii"},"geometry":{"type":"Point","coordinates":[-285.18858790812646,6002.882274178597]}},{"type":"Feature","properties":{"nodeId":"faction_quest","group":"quests","thglKey":"quests/faction_quest","source":"thgl-nodes-raw-ascii"},"geometry":{"type":"Point","coordinates":[134.15676176743227,5216.504274384592]}},{"type":"Feature","properties":{"nodeId":"faction_quest","group":"quests","thglKey":"quests/faction_quest","source":"thgl-nodes-raw-ascii"},"geometry":{"type":"Point","coordinates":[353.53259861983724,5038.89422185601]}},{"type":"Feature","properties":{"nodeId":"faction_quest","group":"quests","thglKey":"quests/faction_quest","source":"thgl-nodes-raw-ascii"},"geometry":{"type":"Point","coordinates":[286.2939046245755,5067.607143887116]}},{"type":"Feature","properties":{"nodeId":"faction_quest","group":"quests","thglKey":"quests/faction_quest","source":"thgl-nodes-raw-ascii"},"geometry":{"type":"Point","coordinates":[278.86043876815324,5047.753630651972]}},{"type":"Feature","properties":{"nodeId":"faction_quest","group":"quests","thglKey":"quests/faction_quest","source":"thgl-nodes-raw-ascii"},"geometry":{"type":"Point","coordinates":[280.1260685961479,5045.2223709959835]}},{"type":"Feature","properties":{"nodeId":"faction_quest","group":"quests","thglKey":"quests/faction_quest","source":"thgl-nodes-raw-ascii"},"geometry":{"type":"Point","coordinates":[537.0489236790606,5062.941188587908]}},{"type":"Feature","properties":{"nodeId":"faction_quest","group":"quests","thglKey":"quests/faction_quest","source":"thgl-nodes-raw-ascii"},"geometry":{"type":"Point","coordinates":[296.57925636007826,5001.769080234833]}},{"type":"Feature","properties":{"nodeId":"faction_quest","group":"quests","thglKey":"quests/faction_quest","source":"thgl-nodes-raw-ascii"},"geometry":{"type":"Point","coordinates":[40.50015449582861,4970.972087753631]}},{"type":"Feature","properties":{"nodeId":"faction_quest","group":"quests","thglKey":"quests/faction_quest","source":"thgl-nodes-raw-ascii"},"geometry":{"type":"Point","coordinates":[35.437635183850034,4974.347100628283]}},{"type":"Feature","properties":{"nodeId":"faction_quest","group":"quests","thglKey":"quests/faction_quest","source":"thgl-nodes-raw-ascii"},"geometry":{"type":"Point","coordinates":[433.2672777834998,6194.41425481512]}},{"type":"Feature","properties":{"nodeId":"faction_quest","group":"quests","thglKey":"quests/faction_quest","source":"thgl-nodes-raw-ascii"},"geometry":{"type":"Point","coordinates":[626.6175466062414,5665.515987228345]}},{"type":"Feature","properties":{"nodeId":"faction_quest","group":"quests","thglKey":"quests/faction_quest","source":"thgl-nodes-raw-ascii"},"geometry":{"type":"Point","coordinates":[575.4396951282315,4444.89195591719]}},{"type":"Feature","properties":{"nodeId":"faction_quest","group":"quests","thglKey":"quests/faction_quest","source":"thgl-nodes-raw-ascii"},"geometry":{"type":"Point","coordinates":[489.3768668245957,5048.597383870636]}},{"type":"Feature","properties":{"nodeId":"faction_quest","group":"quests","thglKey":"quests/faction_quest","source":"thgl-nodes-raw-ascii"},"geometry":{"type":"Point","coordinates":[479.25182820063856,5051.5505201359565]}},{"type":"Feature","properties":{"nodeId":"faction_quest","group":"quests","thglKey":"quests/faction_quest","source":"thgl-nodes-raw-ascii"},"geometry":{"type":"Point","coordinates":[775.2193634771858,5157.584987125348]}},{"type":"Feature","properties":{"nodeId":"faction_quest","group":"quests","thglKey":"quests/faction_quest","source":"thgl-nodes-raw-ascii"},"geometry":{"type":"Point","coordinates":[879.6127304562776,5054.081779791945]}},{"type":"Feature","properties":{"nodeId":"faction_quest","group":"quests","thglKey":"quests/faction_quest","source":"thgl-nodes-raw-ascii"},"geometry":{"type":"Point","coordinates":[266.62601709753835,5255.738799052426]}},{"type":"Feature","properties":{"nodeId":"faction_quest","group":"quests","thglKey":"quests/faction_quest","source":"thgl-nodes-raw-ascii"},"geometry":{"type":"Point","coordinates":[403.3140385209599,4379.922958080132]}},{"type":"Feature","properties":{"nodeId":"faction_quest","group":"quests","thglKey":"quests/faction_quest","source":"thgl-nodes-raw-ascii"},"geometry":{"type":"Point","coordinates":[237.9384076629931,5259.53568853641]}},{"type":"Feature","properties":{"nodeId":"faction_quest","group":"quests","thglKey":"quests/faction_quest","source":"thgl-nodes-raw-ascii"},"geometry":{"type":"Point","coordinates":[378.4233185703986,5223.254300133896]}},{"type":"Feature","properties":{"nodeId":"faction_quest","group":"quests","thglKey":"quests/faction_quest","source":"thgl-nodes-raw-ascii"},"geometry":{"type":"Point","coordinates":[286.03234112678956,5267.129467504377]}},{"type":"Feature","properties":{"nodeId":"faction_quest","group":"quests","thglKey":"quests/faction_quest","source":"thgl-nodes-raw-ascii"},"geometry":{"type":"Point","coordinates":[225.28210938304665,5374.708002883922]}},{"type":"Feature","properties":{"nodeId":"faction_quest","group":"quests","thglKey":"quests/faction_quest","source":"thgl-nodes-raw-ascii"},"geometry":{"type":"Point","coordinates":[551.3927283963333,5076.019363477186]}},{"type":"Feature","properties":{"nodeId":"faction_quest","group":"quests","thglKey":"quests/faction_quest","source":"thgl-nodes-raw-ascii"},"geometry":{"type":"Point","coordinates":[751.7841178288186,5828.225357915337]}},{"type":"Feature","properties":{"nodeId":"faction_quest","group":"quests","thglKey":"quests/faction_quest","source":"thgl-nodes-raw-ascii"},"geometry":{"type":"Point","coordinates":[691.704669893913,5845.729018436502]}},{"type":"Feature","properties":{"nodeId":"faction_quest","group":"quests","thglKey":"quests/faction_quest","source":"thgl-nodes-raw-ascii"},"geometry":{"type":"Point","coordinates":[-64.1252446183953,3989.265217839118]}},{"type":"Feature","properties":{"nodeId":"faction_quest","group":"quests","thglKey":"quests/faction_quest","source":"thgl-nodes-raw-ascii"},"geometry":{"type":"Point","coordinates":[755.159130703471,5497.474096199403]}},{"type":"Feature","properties":{"nodeId":"faction_quest","group":"quests","thglKey":"quests/faction_quest","source":"thgl-nodes-raw-ascii"},"geometry":{"type":"Point","coordinates":[785.5342465753424,5634.583994232155]}},{"type":"Feature","properties":{"nodeId":"faction_quest","group":"quests","thglKey":"quests/faction_quest","source":"thgl-nodes-raw-ascii"},"geometry":{"type":"Point","coordinates":[354.7982284478319,5131.70707590895]}},{"type":"Feature","properties":{"nodeId":"faction_quest","group":"quests","thglKey":"quests/faction_quest","source":"thgl-nodes-raw-ascii"},"geometry":{"type":"Point","coordinates":[385.5952209290349,5117.363271191678]}},{"type":"Feature","properties":{"nodeId":"faction_quest","group":"quests","thglKey":"quests/faction_quest","source":"thgl-nodes-raw-ascii"},"geometry":{"type":"Point","coordinates":[219.70068184159047,4747.385922340097]}},{"type":"Feature","properties":{"nodeId":"faction_quest","group":"quests","thglKey":"quests/faction_quest","source":"thgl-nodes-raw-ascii"},"geometry":{"type":"Point","coordinates":[209.67267483777937,5225.785559789886]}},{"type":"Feature","properties":{"nodeId":"faction_quest","group":"quests","thglKey":"quests/faction_quest","source":"thgl-nodes-raw-ascii"},"geometry":{"type":"Point","coordinates":[-225.28210938304665,5955.210217324132]}},{"type":"Feature","properties":{"nodeId":"faction_quest","group":"quests","thglKey":"quests/faction_quest","source":"thgl-nodes-raw-ascii"},"geometry":{"type":"Point","coordinates":[-289.40735400144195,6083.4607065609225]}},{"type":"Feature","properties":{"nodeId":"faction_quest","group":"quests","thglKey":"quests/faction_quest","source":"thgl-nodes-raw-ascii"},"geometry":{"type":"Point","coordinates":[-154.40683901534658,6064.898135750334]}},{"type":"Feature","properties":{"nodeId":"faction_quest","group":"quests","thglKey":"quests/faction_quest","source":"thgl-nodes-raw-ascii"},"geometry":{"type":"Point","coordinates":[-103.78164589556081,5991.913482335977]}},{"type":"Feature","properties":{"nodeId":"faction_quest","group":"quests","thglKey":"quests/faction_quest","source":"thgl-nodes-raw-ascii"},"geometry":{"type":"Point","coordinates":[-281.8135750334741,6047.601194767742]}},{"type":"Feature","properties":{"nodeId":"faction_quest","group":"quests","thglKey":"quests/faction_quest","source":"thgl-nodes-raw-ascii"},"geometry":{"type":"Point","coordinates":[75.5159130703471,5165.457204655474]}},{"type":"Feature","properties":{"nodeId":"faction_quest","group":"quests","thglKey":"quests/faction_quest","source":"thgl-nodes-raw-ascii"},"geometry":{"type":"Point","coordinates":[169.5943969512823,5427.020702441034]}},{"type":"Feature","properties":{"nodeId":"faction_quest","group":"quests","thglKey":"quests/faction_quest","source":"thgl-nodes-raw-ascii"},"geometry":{"type":"Point","coordinates":[170.01627356061385,5427.020702441034]}},{"type":"Feature","properties":{"nodeId":"faction_quest","group":"quests","thglKey":"quests/faction_quest","source":"thgl-nodes-raw-ascii"},"geometry":{"type":"Point","coordinates":[170.13439901122698,5427.349766196313]}},{"type":"Feature","properties":{"nodeId":"faction_quest","group":"quests","thglKey":"quests/faction_quest","source":"thgl-nodes-raw-ascii"},"geometry":{"type":"Point","coordinates":[170.8769018436506,5427.425703985992]}},{"type":"Feature","properties":{"nodeId":"faction_quest","group":"quests","thglKey":"quests/faction_quest","source":"thgl-nodes-raw-ascii"},"geometry":{"type":"Point","coordinates":[210.59658461221568,5288.674705942939]}},{"type":"Feature","properties":{"nodeId":"faction_quest","group":"quests","thglKey":"quests/faction_quest","source":"thgl-nodes-raw-ascii"},"geometry":{"type":"Point","coordinates":[215.1570707590895,5286.95766814296]}},{"type":"Feature","properties":{"nodeId":"faction_quest","group":"quests","thglKey":"quests/faction_quest","source":"thgl-nodes-raw-ascii"},"geometry":{"type":"Point","coordinates":[231.61025852301987,5883.491193737769]}},{"type":"Feature","properties":{"nodeId":"faction_quest","group":"quests","thglKey":"quests/faction_quest","source":"thgl-nodes-raw-ascii"},"geometry":{"type":"Point","coordinates":[180.9850654032341,5945.5070553095065]}},{"type":"Feature","properties":{"nodeId":"faction_quest","group":"quests","thglKey":"quests/faction_quest","source":"thgl-nodes-raw-ascii"},"geometry":{"type":"Point","coordinates":[122.34421670614893,6045.491811721084]}},{"type":"Feature","properties":{"nodeId":"faction_quest","group":"quests","thglKey":"quests/faction_quest","source":"thgl-nodes-raw-ascii"},"geometry":{"type":"Point","coordinates":[95.7659903182614,6076.288804202287]}},{"type":"Feature","properties":{"nodeId":"faction_quest","group":"quests","thglKey":"quests/faction_quest","source":"thgl-nodes-raw-ascii"},"geometry":{"type":"Point","coordinates":[621.4242455453702,6267.3989082294775]}},{"type":"Feature","properties":{"nodeId":"faction_quest","group":"quests","thglKey":"quests/faction_quest","source":"thgl-nodes-raw-ascii"},"geometry":{"type":"Point","coordinates":[567.4240395509321,6158.5547430219385]}},{"type":"Feature","properties":{"nodeId":"faction_quest","group":"quests","thglKey":"quests/faction_quest","source":"thgl-nodes-raw-ascii"},"geometry":{"type":"Point","coordinates":[-476.2986919353177,4561.751776702029]}},{"type":"Feature","properties":{"nodeId":"faction_quest","group":"quests","thglKey":"quests/faction_quest","source":"thgl-nodes-raw-ascii"},"geometry":{"type":"Point","coordinates":[-432.0016479555052,4762.986919353178]}},{"type":"Feature","properties":{"nodeId":"faction_quest","group":"quests","thglKey":"quests/faction_quest","source":"thgl-nodes-raw-ascii"},"geometry":{"type":"Point","coordinates":[-484.31434751261713,4646.54897517767]}},{"type":"Feature","properties":{"nodeId":"faction_quest","group":"quests","thglKey":"quests/faction_quest","source":"thgl-nodes-raw-ascii"},"geometry":{"type":"Point","coordinates":[-406.26717478628075,4685.361623236173]}},{"type":"Feature","properties":{"nodeId":"faction_quest","group":"quests","thglKey":"quests/faction_quest","source":"thgl-nodes-raw-ascii"},"geometry":{"type":"Point","coordinates":[-472.07992584200224,4774.799464414461]}},{"type":"Feature","properties":{"nodeId":"faction_quest","group":"quests","thglKey":"quests/faction_quest","source":"thgl-nodes-raw-ascii"},"geometry":{"type":"Point","coordinates":[40.07827788649706,4819.940261612936]}},{"type":"Feature","properties":{"nodeId":"faction_quest","group":"quests","thglKey":"quests/faction_quest","source":"thgl-nodes-raw-ascii"},"geometry":{"type":"Point","coordinates":[210.35189617880343,5259.759283139356]}},{"type":"Feature","properties":{"nodeId":"faction_quest","group":"quests","thglKey":"quests/faction_quest","source":"thgl-nodes-raw-ascii"},"geometry":{"type":"Point","coordinates":[109.26604181687094,5398.75496961582]}},{"type":"Feature","properties":{"nodeId":"faction_quest","group":"quests","thglKey":"quests/faction_quest","source":"thgl-nodes-raw-ascii"},"geometry":{"type":"Point","coordinates":[-209.25079822844782,5426.176949222371]}},{"type":"Feature","properties":{"nodeId":"faction_quest","group":"quests","thglKey":"quests/faction_quest","source":"thgl-nodes-raw-ascii"},"geometry":{"type":"Point","coordinates":[110.95354825419713,5241.394994335153]}},{"type":"Feature","properties":{"nodeId":"faction_quest","group":"quests","thglKey":"quests/faction_quest","source":"thgl-nodes-raw-ascii"},"geometry":{"type":"Point","coordinates":[261.1416211762282,5467.942733546194]}},{"type":"Feature","properties":{"nodeId":"faction_quest","group":"quests","thglKey":"quests/faction_quest","source":"thgl-nodes-raw-ascii"},"geometry":{"type":"Point","coordinates":[-59.48460191574827,5300.879596250901]}},{"type":"Feature","properties":{"nodeId":"faction_quest","group":"quests","thglKey":"quests/faction_quest","source":"thgl-nodes-raw-ascii"},"geometry":{"type":"Point","coordinates":[836.5813163044597,5084.878772273149]}},{"type":"Feature","properties":{"nodeId":"faction_quest","group":"quests","thglKey":"quests/faction_quest","source":"thgl-nodes-raw-ascii"},"geometry":{"type":"Point","coordinates":[522.2832423524565,5212.2855082912765]}},{"type":"Feature","properties":{"nodeId":"faction_quest","group":"quests","thglKey":"quests/faction_quest","source":"thgl-nodes-raw-ascii"},"geometry":{"type":"Point","coordinates":[-303.0508435472243,5564.6495087032645]}},{"type":"Feature","properties":{"nodeId":"faction_quest","group":"quests","thglKey":"quests/faction_quest","source":"thgl-nodes-raw-ascii"},"geometry":{"type":"Point","coordinates":[-297.42300957874136,5542.614893397878]}},{"type":"Feature","properties":{"nodeId":"faction_quest","group":"quests","thglKey":"quests/faction_quest","source":"thgl-nodes-raw-ascii"},"geometry":{"type":"Point","coordinates":[-178.87568235657636,5147.316510454218]}},{"type":"Feature","properties":{"nodeId":"faction_quest","group":"quests","thglKey":"quests/faction_quest","source":"thgl-nodes-raw-ascii"},"geometry":{"type":"Point","coordinates":[108.996040786899,5398.662156761768]}},{"type":"Feature","properties":{"nodeId":"faction_quest","group":"quests","thglKey":"quests/faction_quest","source":"thgl-nodes-raw-ascii"},"geometry":{"type":"Point","coordinates":[804.6368194458753,4391.338939128644]}},{"type":"Feature","properties":{"nodeId":"faction_quest","group":"quests","thglKey":"quests/faction_quest","source":"thgl-nodes-raw-ascii"},"geometry":{"type":"Point","coordinates":[937.4098259346997,4794.6276650530435]}},{"type":"Feature","properties":{"nodeId":"faction_quest","group":"quests","thglKey":"quests/faction_quest","source":"thgl-nodes-raw-ascii"},"geometry":{"type":"Point","coordinates":[508.36131424451537,4792.518282006386]}},{"type":"Feature","properties":{"nodeId":"faction_quest","group":"quests","thglKey":"quests/faction_quest","source":"thgl-nodes-raw-ascii"},"geometry":{"type":"Point","coordinates":[26.578226387887526,5629.099598310846]}},{"type":"Feature","properties":{"nodeId":"faction_quest","group":"quests","thglKey":"quests/faction_quest","source":"thgl-nodes-raw-ascii"},"geometry":{"type":"Point","coordinates":[-49.78143990112267,5246.879390256463]}},{"type":"Feature","properties":{"nodeId":"faction_quest","group":"quests","thglKey":"quests/faction_quest","source":"thgl-nodes-raw-ascii"},"geometry":{"type":"Point","coordinates":[-326.53249562261817,4884.909259449995]}},{"type":"Feature","properties":{"nodeId":"faction_quest","group":"quests","thglKey":"quests/faction_quest","source":"thgl-nodes-raw-ascii"},"geometry":{"type":"Point","coordinates":[-286.03234112678956,4773.111957977135]}},{"type":"Feature","properties":{"nodeId":"faction_quest","group":"quests","thglKey":"quests/faction_quest","source":"thgl-nodes-raw-ascii"},"geometry":{"type":"Point","coordinates":[13.500051498609537,4598.876918323205]}},{"type":"Feature","properties":{"nodeId":"faction_quest","group":"quests","thglKey":"quests/faction_quest","source":"thgl-nodes-raw-ascii"},"geometry":{"type":"Point","coordinates":[472.92367906066534,5845.522298897929]}},{"type":"Feature","properties":{"nodeId":"faction_quest","group":"quests","thglKey":"quests/faction_quest","source":"thgl-nodes-raw-ascii"},"geometry":{"type":"Point","coordinates":[588.5178700175095,5804.178391183438]}},{"type":"Feature","properties":{"nodeId":"faction_quest","group":"quests","thglKey":"quests/faction_quest","source":"thgl-nodes-raw-ascii"},"geometry":{"type":"Point","coordinates":[502.03316510454215,5957.741476980122]}},{"type":"Feature","properties":{"nodeId":"faction_quest","group":"quests","thglKey":"quests/faction_quest","source":"thgl-nodes-raw-ascii"},"geometry":{"type":"Point","coordinates":[562.7833968482851,5963.647749510763]}},{"type":"Feature","properties":{"nodeId":"faction_quest","group":"quests","thglKey":"quests/faction_quest","source":"thgl-nodes-raw-ascii"},"geometry":{"type":"Point","coordinates":[535.3614172417344,5865.350499536513]}},{"type":"Feature","properties":{"nodeId":"faction_quest","group":"quests","thglKey":"quests/faction_quest","source":"thgl-nodes-raw-ascii"},"geometry":{"type":"Point","coordinates":[433.68915439283137,4257.578741373983]}},{"type":"Feature","properties":{"nodeId":"faction_quest","group":"quests","thglKey":"quests/faction_quest","source":"thgl-nodes-raw-ascii"},"geometry":{"type":"Point","coordinates":[-195.32887012050674,6382.993099186322]}},{"type":"Feature","properties":{"nodeId":"faction_quest","group":"quests","thglKey":"quests/faction_quest","source":"thgl-nodes-raw-ascii"},"geometry":{"type":"Point","coordinates":[372.5170460397569,7144.4803790297665]}},{"type":"Feature","properties":{"nodeId":"faction_quest","group":"quests","thglKey":"quests/faction_quest","source":"thgl-nodes-raw-ascii"},"geometry":{"type":"Point","coordinates":[-181.40694201256565,6939.8702235039655]}},{"type":"Feature","properties":{"nodeId":"faction_quest","group":"quests","thglKey":"quests/faction_quest","source":"thgl-nodes-raw-ascii"},"geometry":{"type":"Point","coordinates":[622.3059676588733,6944.5868039962925]}},{"type":"Feature","properties":{"nodeId":"faction_quest","group":"quests","thglKey":"quests/faction_quest","source":"thgl-nodes-raw-ascii"},"geometry":{"type":"Point","coordinates":[-123.60984653414357,6763.103924194047]}},{"type":"Feature","properties":{"nodeId":"faction_quest","group":"quests","thglKey":"quests/faction_quest","source":"thgl-nodes-raw-ascii"},"geometry":{"type":"Point","coordinates":[-48.26268410752894,7027.354775981048]}},{"type":"Feature","properties":{"nodeId":"faction_quest","group":"quests","thglKey":"quests/faction_quest","source":"thgl-nodes-raw-ascii"},"geometry":{"type":"Point","coordinates":[-70.57151920898163,7044.9639056545475]}},{"type":"Feature","properties":{"nodeId":"faction_quest","group":"quests","thglKey":"quests/faction_quest","source":"thgl-nodes-raw-ascii"},"geometry":{"type":"Point","coordinates":[26.835571119580017,7168.084375321867]}},{"type":"Feature","properties":{"nodeId":"faction_quest","group":"quests","thglKey":"quests/faction_quest","source":"thgl-nodes-raw-ascii"},"geometry":{"type":"Point","coordinates":[-20.465234318673488,7257.522216500155]}},{"type":"Feature","properties":{"nodeId":"faction_quest","group":"quests","thglKey":"quests/faction_quest","source":"thgl-nodes-raw-ascii"},"geometry":{"type":"Point","coordinates":[-105.469152332887,6726.400659182202]}},{"type":"Feature","properties":{"nodeId":"faction_quest","group":"quests","thglKey":"quests/faction_quest","source":"thgl-nodes-raw-ascii"},"geometry":{"type":"Point","coordinates":[8.015655577299412,7265.980842517252]}},{"type":"Feature","properties":{"nodeId":"faction_quest","group":"quests","thglKey":"quests/faction_quest","source":"thgl-nodes-raw-ascii"},"geometry":{"type":"Point","coordinates":[185.20383149654958,7467.637861777732]}},{"type":"Feature","properties":{"nodeId":"faction_quest","group":"quests","thglKey":"quests/faction_quest","source":"thgl-nodes-raw-ascii"},"geometry":{"type":"Point","coordinates":[23.20321351323514,7344.871768462252]}},{"type":"Feature","properties":{"nodeId":"faction_quest","group":"quests","thglKey":"quests/faction_quest","source":"thgl-nodes-raw-ascii"},"geometry":{"type":"Point","coordinates":[209.25079822844782,7260.07456998661]}},{"type":"Feature","properties":{"nodeId":"faction_quest","group":"quests","thglKey":"quests/faction_quest","source":"thgl-nodes-raw-ascii"},"geometry":{"type":"Point","coordinates":[245.1103100216294,7368.91873519415]}},{"type":"Feature","properties":{"nodeId":"faction_quest","group":"quests","thglKey":"quests/faction_quest","source":"thgl-nodes-raw-ascii"},"geometry":{"type":"Point","coordinates":[186.89133793387577,7469.74724482439]}},{"type":"Feature","properties":{"nodeId":"faction_quest","group":"quests","thglKey":"quests/faction_quest","source":"thgl-nodes-raw-ascii"},"geometry":{"type":"Point","coordinates":[29.53136265320836,7332.215470182305]}},{"type":"Feature","properties":{"nodeId":"faction_quest","group":"quests","thglKey":"quests/faction_quest","source":"thgl-nodes-raw-ascii"},"geometry":{"type":"Point","coordinates":[211.36018127510556,7258.808940158616]}},{"type":"Feature","properties":{"nodeId":"faction_quest","group":"quests","thglKey":"quests/faction_quest","source":"thgl-nodes-raw-ascii"},"geometry":{"type":"Point","coordinates":[62.43773818106911,6427.712019775466]}},{"type":"Feature","properties":{"nodeId":"faction_quest","group":"quests","thglKey":"quests/faction_quest","source":"thgl-nodes-raw-ascii"},"geometry":{"type":"Point","coordinates":[40.50015449582861,6361.477392110413]}},{"type":"Feature","properties":{"nodeId":"faction_quest","group":"quests","thglKey":"quests/faction_quest","source":"thgl-nodes-raw-ascii"},"geometry":{"type":"Point","coordinates":[79.73467916366258,6322.242867442579]}},{"type":"Feature","properties":{"nodeId":"faction_quest","group":"quests","thglKey":"quests/faction_quest","source":"thgl-nodes-raw-ascii"},"geometry":{"type":"Point","coordinates":[90.70347100628283,6131.976516634051]}},{"type":"Feature","properties":{"nodeId":"faction_quest","group":"quests","thglKey":"quests/faction_quest","source":"thgl-nodes-raw-ascii"},"geometry":{"type":"Point","coordinates":[56.95334225975898,6869.416829745597]}},{"type":"Feature","properties":{"nodeId":"faction_quest","group":"quests","thglKey":"quests/faction_quest","source":"thgl-nodes-raw-ascii"},"geometry":{"type":"Point","coordinates":[0,6947.042125862602]}},{"type":"Feature","properties":{"nodeId":"faction_quest","group":"quests","thglKey":"quests/faction_quest","source":"thgl-nodes-raw-ascii"},"geometry":{"type":"Point","coordinates":[1182.520135956329,5967.866515604079]}},{"type":"Feature","properties":{"nodeId":"faction_quest","group":"quests","thglKey":"quests/faction_quest","source":"thgl-nodes-raw-ascii"},"geometry":{"type":"Point","coordinates":[635.7680502626429,7011.167370480997]}},{"type":"Feature","properties":{"nodeId":"faction_quest","group":"quests","thglKey":"quests/faction_quest","source":"thgl-nodes-raw-ascii"},"geometry":{"type":"Point","coordinates":[576.7053249562261,7061.370686991451]}},{"type":"Feature","properties":{"nodeId":"faction_quest","group":"quests","thglKey":"quests/faction_quest","source":"thgl-nodes-raw-ascii"},"geometry":{"type":"Point","coordinates":[-418.50159645689564,6696.02554331033]}},{"type":"Feature","properties":{"nodeId":"faction_quest","group":"quests","thglKey":"quests/faction_quest","source":"thgl-nodes-raw-ascii"},"geometry":{"type":"Point","coordinates":[900.2846843135235,7280.3246472345245]}},{"type":"Feature","properties":{"nodeId":"faction_quest","group":"quests","thglKey":"quests/faction_quest","source":"thgl-nodes-raw-ascii"},"geometry":{"type":"Point","coordinates":[2671.322690287362,5680.568544649294]}},{"type":"Feature","properties":{"nodeId":"faction_quest","group":"quests","thglKey":"quests/faction_quest","source":"thgl-nodes-raw-ascii"},"geometry":{"type":"Point","coordinates":[1364.3489545782263,6338.696055206509]}},{"type":"Feature","properties":{"nodeId":"faction_quest","group":"quests","thglKey":"quests/faction_quest","source":"thgl-nodes-raw-ascii"},"geometry":{"type":"Point","coordinates":[2463.7593984962405,5481.020908435472]}},{"type":"Feature","properties":{"nodeId":"faction_quest","group":"quests","thglKey":"quests/faction_quest","source":"thgl-nodes-raw-ascii"},"geometry":{"type":"Point","coordinates":[2389.0872386445567,5541.771140179215]}},{"type":"Feature","properties":{"nodeId":"faction_quest","group":"quests","thglKey":"quests/faction_quest","source":"thgl-nodes-raw-ascii"},"geometry":{"type":"Point","coordinates":[2404.6966731898237,5388.629930991863]}},{"type":"Feature","properties":{"nodeId":"faction_quest","group":"quests","thglKey":"quests/faction_quest","source":"thgl-nodes-raw-ascii"},"geometry":{"type":"Point","coordinates":[196.17262333916983,5445.583273251622]}},{"type":"Feature","properties":{"nodeId":"faction_quest","group":"quests","thglKey":"quests/faction_quest","source":"thgl-nodes-raw-ascii"},"geometry":{"type":"Point","coordinates":[-222.75084972705736,4380.344834689464]}},{"type":"Feature","properties":{"nodeId":"faction_quest","group":"quests","thglKey":"quests/faction_quest","source":"thgl-nodes-raw-ascii"},"geometry":{"type":"Point","coordinates":[537.8926768977237,4841.034092079514]}},{"type":"Feature","properties":{"nodeId":"faction_quest","group":"quests","thglKey":"quests/faction_quest","source":"thgl-nodes-raw-ascii"},"geometry":{"type":"Point","coordinates":[783.0029869193531,4807.28396333299]}},{"type":"Feature","properties":{"nodeId":"faction_quest","group":"quests","thglKey":"quests/faction_quest","source":"thgl-nodes-raw-ascii"},"geometry":{"type":"Point","coordinates":[-494.01750952724274,5402.129982490473]}},{"type":"Feature","properties":{"nodeId":"faction_quest","group":"quests","thglKey":"quests/faction_quest","source":"thgl-nodes-raw-ascii"},"geometry":{"type":"Point","coordinates":[387.2827273663611,7156.29292409105]}},{"type":"Feature","properties":{"nodeId":"faction_quest","group":"quests","thglKey":"quests/faction_quest","source":"thgl-nodes-raw-ascii"},"geometry":{"type":"Point","coordinates":[337.5012874652384,6652.150375939849]}},{"type":"Feature","properties":{"nodeId":"faction_quest","group":"quests","thglKey":"quests/faction_quest","source":"thgl-nodes-raw-ascii"},"geometry":{"type":"Point","coordinates":[238.78216088165618,5820.631578947368]}},{"type":"Feature","properties":{"nodeId":"faction_quest","group":"quests","thglKey":"quests/faction_quest","source":"thgl-nodes-raw-ascii"},"geometry":{"type":"Point","coordinates":[-98.29724997425069,5537.974250695232]}},{"type":"Feature","properties":{"nodeId":"faction_quest","group":"quests","thglKey":"quests/faction_quest","source":"thgl-nodes-raw-ascii"},"geometry":{"type":"Point","coordinates":[2025.8514780100936,4735.986816355959]}},{"type":"Feature","properties":{"nodeId":"faction_quest","group":"quests","thglKey":"quests/faction_quest","source":"thgl-nodes-raw-ascii"},"geometry":{"type":"Point","coordinates":[3012.6208672365847,4730.502420434648]}},{"type":"Feature","properties":{"nodeId":"faction_quest","group":"quests","thglKey":"quests/faction_quest","source":"thgl-nodes-raw-ascii"},"geometry":{"type":"Point","coordinates":[3298.2313317540425,5012.315995468122]}},{"type":"Feature","properties":{"nodeId":"faction_quest","group":"quests","thglKey":"quests/faction_quest","source":"thgl-nodes-raw-ascii"},"geometry":{"type":"Point","coordinates":[3399.481717993614,4540.23606962612]}},{"type":"Feature","properties":{"nodeId":"faction_quest","group":"quests","thglKey":"quests/faction_quest","source":"thgl-nodes-raw-ascii"},"geometry":{"type":"Point","coordinates":[862.7376660830157,6196.1017612524465]}},{"type":"Feature","properties":{"nodeId":"faction_quest","group":"quests","thglKey":"quests/faction_quest","source":"thgl-nodes-raw-ascii"},"geometry":{"type":"Point","coordinates":[2600.447419919662,5952.257081058811]}},{"type":"Feature","properties":{"nodeId":"faction_quest","group":"quests","thglKey":"quests/faction_quest","source":"thgl-nodes-raw-ascii"},"geometry":{"type":"Point","coordinates":[1705.6471315274487,5121.160160675662]}},{"type":"Feature","properties":{"nodeId":"faction_quest","group":"quests","thglKey":"quests/faction_quest","source":"thgl-nodes-raw-ascii"},"geometry":{"type":"Point","coordinates":[1452.9430425378514,6659.744154907818]}},{"type":"Feature","properties":{"nodeId":"faction_quest","group":"quests","thglKey":"quests/faction_quest","source":"thgl-nodes-raw-ascii"},"geometry":{"type":"Point","coordinates":[592.1966340508803,5711.593350499536]}},{"type":"Feature","properties":{"nodeId":"faction_quest","group":"quests","thglKey":"quests/faction_quest","source":"thgl-nodes-raw-ascii"},"geometry":{"type":"Point","coordinates":[597.1494654444326,5713.668983417448]}},{"type":"Feature","properties":{"nodeId":"faction_quest","group":"quests","thglKey":"quests/faction_quest","source":"thgl-nodes-raw-ascii"},"geometry":{"type":"Point","coordinates":[245.57437429189426,5287.375325986199]}},{"type":"Feature","properties":{"nodeId":"faction_quest","group":"quests","thglKey":"quests/faction_quest","source":"thgl-nodes-raw-ascii"},"geometry":{"type":"Point","coordinates":[233.63948501390442,5287.206575342466]}},{"type":"Feature","properties":{"nodeId":"faction_quest","group":"quests","thglKey":"quests/faction_quest","source":"thgl-nodes-raw-ascii"},"geometry":{"type":"Point","coordinates":[290.6729838294366,5297.926459985581]}},{"type":"Feature","properties":{"nodeId":"faction_quest","group":"quests","thglKey":"quests/faction_quest","source":"thgl-nodes-raw-ascii"},"geometry":{"type":"Point","coordinates":[291.6306437326194,5303.609137913276]}},{"type":"Feature","properties":{"nodeId":"faction_quest","group":"quests","thglKey":"quests/faction_quest","source":"thgl-nodes-raw-ascii"},"geometry":{"type":"Point","coordinates":[244.02186836955406,5342.548348954579]}},{"type":"Feature","properties":{"nodeId":"faction_quest","group":"quests","thglKey":"quests/faction_quest","source":"thgl-nodes-raw-ascii"},"geometry":{"type":"Point","coordinates":[273.79791945617467,5310.160881656196]}},{"type":"Feature","properties":{"nodeId":"faction_quest","group":"quests","thglKey":"quests/faction_quest","source":"thgl-nodes-raw-ascii"},"geometry":{"type":"Point","coordinates":[419.70394479349073,5198.131548048203]}},{"type":"Feature","properties":{"nodeId":"faction_quest","group":"quests","thglKey":"quests/faction_quest","source":"thgl-nodes-raw-ascii"},"geometry":{"type":"Point","coordinates":[435.09400350190543,5187.428538469461]}},{"type":"Feature","properties":{"nodeId":"faction_quest","group":"quests","thglKey":"quests/faction_quest","source":"thgl-nodes-raw-ascii"},"geometry":{"type":"Point","coordinates":[433.7313420537647,5184.298214028221]}},{"type":"Feature","properties":{"nodeId":"faction_quest","group":"quests","thglKey":"quests/faction_quest","source":"thgl-nodes-raw-ascii"},"geometry":{"type":"Point","coordinates":[440.29152332886997,5183.479773406118]}},{"type":"Feature","properties":{"nodeId":"faction_quest","group":"quests","thglKey":"quests/faction_quest","source":"thgl-nodes-raw-ascii"},"geometry":{"type":"Point","coordinates":[443.5020043258833,5181.222733546194]}},{"type":"Feature","properties":{"nodeId":"faction_quest","group":"quests","thglKey":"quests/faction_quest","source":"thgl-nodes-raw-ascii"},"geometry":{"type":"Point","coordinates":[531.5645277577505,6760.572664538057]}},{"type":"Feature","properties":{"nodeId":"faction_quest","group":"quests","thglKey":"quests/faction_quest","source":"thgl-nodes-raw-ascii"},"geometry":{"type":"Point","coordinates":[228.99040477907133,5277.984352662478]}},{"type":"Feature","properties":{"nodeId":"faction_quest","group":"quests","thglKey":"quests/faction_quest","source":"thgl-nodes-raw-ascii"},"geometry":{"type":"Point","coordinates":[110.10979503553403,5240.129364507158]}},{"type":"Feature","properties":{"nodeId":"faction_quest","group":"quests","thglKey":"quests/faction_quest","source":"thgl-nodes-raw-ascii"},"geometry":{"type":"Point","coordinates":[116.43794417550725,5243.504377381811]}},{"type":"Feature","properties":{"nodeId":"faction_quest","group":"quests","thglKey":"quests/faction_quest","source":"thgl-nodes-raw-ascii"},"geometry":{"type":"Point","coordinates":[111.07167370481025,5241.091243176435]}},{"type":"Feature","properties":{"nodeId":"faction_quest","group":"quests","thglKey":"quests/faction_quest","source":"thgl-nodes-raw-ascii"},"geometry":{"type":"Point","coordinates":[110.78479761046466,5239.281392522402]}},{"type":"Feature","properties":{"nodeId":"faction_quest","group":"quests","thglKey":"quests/faction_quest","source":"thgl-nodes-raw-ascii"},"geometry":{"type":"Point","coordinates":[137.9536512514162,5357.83293851066]}},{"type":"Feature","properties":{"nodeId":"faction_quest","group":"quests","thglKey":"quests/faction_quest","source":"thgl-nodes-raw-ascii"},"geometry":{"type":"Point","coordinates":[135.42239159542692,5363.31733443197]}},{"type":"Feature","properties":{"nodeId":"faction_quest","group":"quests","thglKey":"quests/faction_quest","source":"thgl-nodes-raw-ascii"},"geometry":{"type":"Point","coordinates":[135.4181728293335,5358.297002780925]}},{"type":"Feature","properties":{"nodeId":"faction_quest","group":"quests","thglKey":"quests/faction_quest","source":"thgl-nodes-raw-ascii"},"geometry":{"type":"Point","coordinates":[237.09465444433,5276.410752909672]}},{"type":"Feature","properties":{"nodeId":"faction_quest","group":"quests","thglKey":"quests/faction_quest","source":"thgl-nodes-raw-ascii"},"geometry":{"type":"Point","coordinates":[346.9597610464518,5131.985514471109]}},{"type":"Feature","properties":{"nodeId":"faction_quest","group":"quests","thglKey":"quests/faction_quest","source":"thgl-nodes-raw-ascii"},"geometry":{"type":"Point","coordinates":[338.3450406839015,5126.222679987641]}},{"type":"Feature","properties":{"nodeId":"faction_quest","group":"quests","thglKey":"quests/faction_quest","source":"thgl-nodes-raw-ascii"},"geometry":{"type":"Point","coordinates":[337.21019260479943,5121.965944999485]}},{"type":"Feature","properties":{"nodeId":"faction_quest","group":"quests","thglKey":"quests/faction_quest","source":"thgl-nodes-raw-ascii"},"geometry":{"type":"Point","coordinates":[464.570522195901,5230.637140797198]}},{"type":"Feature","properties":{"nodeId":"faction_quest","group":"quests","thglKey":"quests/faction_quest","source":"thgl-nodes-raw-ascii"},"geometry":{"type":"Point","coordinates":[354.102132042435,5219.541785971779]}},{"type":"Feature","properties":{"nodeId":"faction_quest","group":"quests","thglKey":"quests/faction_quest","source":"thgl-nodes-raw-ascii"},"geometry":{"type":"Point","coordinates":[402.2002842723249,4971.107088268616]}},{"type":"Feature","properties":{"nodeId":"faction_quest","group":"quests","thglKey":"quests/faction_quest","source":"thgl-nodes-raw-ascii"},"geometry":{"type":"Point","coordinates":[319.120123596663,5033.059668348955]}},{"type":"Feature","properties":{"nodeId":"faction_quest","group":"quests","thglKey":"quests/faction_quest","source":"thgl-nodes-raw-ascii"},"geometry":{"type":"Point","coordinates":[320.6262230919765,5059.566175713256]}},{"type":"Feature","properties":{"nodeId":"faction_quest","group":"quests","thglKey":"quests/faction_quest","source":"thgl-nodes-raw-ascii"},"geometry":{"type":"Point","coordinates":[319.9427829848591,5059.777114017921]}},{"type":"Feature","properties":{"nodeId":"faction_quest","group":"quests","thglKey":"quests/faction_quest","source":"thgl-nodes-raw-ascii"},"geometry":{"type":"Point","coordinates":[785.2347141827174,5145.354784220826]}},{"type":"Feature","properties":{"nodeId":"faction_quest","group":"quests","thglKey":"quests/faction_quest","source":"thgl-nodes-raw-ascii"},"geometry":{"type":"Point","coordinates":[309.6869626120094,5043.231113399937]}},{"type":"Feature","properties":{"nodeId":"faction_quest","group":"quests","thglKey":"quests/faction_quest","source":"thgl-nodes-raw-ascii"},"geometry":{"type":"Point","coordinates":[43.103133175404295,5266.800403749098]}},{"type":"Feature","properties":{"nodeId":"faction_quest","group":"quests","thglKey":"quests/faction_quest","source":"thgl-nodes-raw-ascii"},"geometry":{"type":"Point","coordinates":[62.05804923267087,5242.858906169533]}},{"type":"Feature","properties":{"nodeId":"faction_quest","group":"quests","thglKey":"quests/faction_quest","source":"thgl-nodes-raw-ascii"},"geometry":{"type":"Point","coordinates":[24.890719950561333,5245.723448346895]}},{"type":"Feature","properties":{"nodeId":"faction_quest","group":"quests","thglKey":"quests/faction_quest","source":"thgl-nodes-raw-ascii"},"geometry":{"type":"Point","coordinates":[13.753177464208619,5296.875987228345]}},{"type":"Feature","properties":{"nodeId":"faction_quest","group":"quests","thglKey":"quests/faction_quest","source":"thgl-nodes-raw-ascii"},"geometry":{"type":"Point","coordinates":[37.46264290864116,5269.67760222474]}},{"type":"Feature","properties":{"nodeId":"faction_quest","group":"quests","thglKey":"quests/faction_quest","source":"thgl-nodes-raw-ascii"},"geometry":{"type":"Point","coordinates":[192.79761046451745,5103.8632196930685]}},{"type":"Feature","properties":{"nodeId":"faction_quest","group":"quests","thglKey":"quests/faction_quest","source":"thgl-nodes-raw-ascii"},"geometry":{"type":"Point","coordinates":[181.8288186218972,5329.145329076115]}},{"type":"Feature","properties":{"nodeId":"faction_quest","group":"quests","thglKey":"quests/faction_quest","source":"thgl-nodes-raw-ascii"},"geometry":{"type":"Point","coordinates":[-311.7583767638272,4632.276889483984]}},{"type":"Feature","properties":{"nodeId":"faction_quest","group":"quests","thglKey":"quests/faction_quest","source":"thgl-nodes-raw-ascii"},"geometry":{"type":"Point","coordinates":[-328.1820331651045,4786.354664744052]}},{"type":"Feature","properties":{"nodeId":"faction_quest","group":"quests","thglKey":"quests/faction_quest","source":"thgl-nodes-raw-ascii"},"geometry":{"type":"Point","coordinates":[-340.45442373055926,4922.0344010711715]}},{"type":"Feature","properties":{"nodeId":"faction_quest","group":"quests","thglKey":"quests/faction_quest","source":"thgl-nodes-raw-ascii"},"geometry":{"type":"Point","coordinates":[-343.61427953445246,4922.37612112473]}},{"type":"Feature","properties":{"nodeId":"faction_quest","group":"quests","thglKey":"quests/faction_quest","source":"thgl-nodes-raw-ascii"},"geometry":{"type":"Point","coordinates":[235.82902461633535,5326.614069420126]}},{"type":"Feature","properties":{"nodeId":"faction_quest","group":"quests","thglKey":"quests/faction_quest","source":"thgl-nodes-raw-ascii"},"geometry":{"type":"Point","coordinates":[282.6573282521372,5309.317128437532]}},{"type":"Feature","properties":{"nodeId":"faction_quest","group":"quests","thglKey":"quests/faction_quest","source":"thgl-nodes-raw-ascii"},"geometry":{"type":"Point","coordinates":[288.62266350808505,5298.495993408178]}},{"type":"Feature","properties":{"nodeId":"faction_quest","group":"quests","thglKey":"quests/faction_quest","source":"thgl-nodes-raw-ascii"},"geometry":{"type":"Point","coordinates":[1192.6789247090328,5792.644284684314]}},{"type":"Feature","properties":{"nodeId":"faction_quest","group":"quests","thglKey":"quests/faction_quest","source":"thgl-nodes-raw-ascii"},"geometry":{"type":"Point","coordinates":[1180.4107529096714,5725.70934184777]}},{"type":"Feature","properties":{"nodeId":"faction_quest","group":"quests","thglKey":"quests/faction_quest","source":"thgl-nodes-raw-ascii"},"geometry":{"type":"Point","coordinates":[1159.7387990524255,5767.475126171594]}},{"type":"Feature","properties":{"nodeId":"faction_quest","group":"quests","thglKey":"quests/faction_quest","source":"thgl-nodes-raw-ascii"},"geometry":{"type":"Point","coordinates":[1221.860129776496,6076.364741991966]}},{"type":"Feature","properties":{"nodeId":"faction_quest","group":"quests","thglKey":"quests/faction_quest","source":"thgl-nodes-raw-ascii"},"geometry":{"type":"Point","coordinates":[1179.0269976310638,5997.912567720671]}},{"type":"Feature","properties":{"nodeId":"faction_quest","group":"quests","thglKey":"quests/faction_quest","source":"thgl-nodes-raw-ascii"},"geometry":{"type":"Point","coordinates":[987.4739231640746,5943.359703368009]}},{"type":"Feature","properties":{"nodeId":"faction_quest","group":"quests","thglKey":"quests/faction_quest","source":"thgl-nodes-raw-ascii"},"geometry":{"type":"Point","coordinates":[-68.09510351220511,5806.047304562777]}},{"type":"Feature","properties":{"nodeId":"faction_quest","group":"quests","thglKey":"quests/faction_quest","source":"thgl-nodes-raw-ascii"},"geometry":{"type":"Point","coordinates":[-160.726550623133,5854.305769904213]}},{"type":"Feature","properties":{"nodeId":"faction_quest","group":"quests","thglKey":"quests/faction_quest","source":"thgl-nodes-raw-ascii"},"geometry":{"type":"Point","coordinates":[-120.80436708208893,5924.430099907303]}},{"type":"Feature","properties":{"nodeId":"faction_quest","group":"quests","thglKey":"quests/faction_quest","source":"thgl-nodes-raw-ascii"},"geometry":{"type":"Point","coordinates":[-282.3999835204447,6023.528915439283]}},{"type":"Feature","properties":{"nodeId":"faction_quest","group":"quests","thglKey":"quests/faction_quest","source":"thgl-nodes-raw-ascii"},"geometry":{"type":"Point","coordinates":[-163.37171696364197,5927.623705839943]}},{"type":"Feature","properties":{"nodeId":"faction_quest","group":"quests","thglKey":"quests/faction_quest","source":"thgl-nodes-raw-ascii"},"geometry":{"type":"Point","coordinates":[-280.3749757956536,6048.487135647338]}},{"type":"Feature","properties":{"nodeId":"faction_quest","group":"quests","thglKey":"quests/faction_quest","source":"thgl-nodes-raw-ascii"},"geometry":{"type":"Point","coordinates":[1032.137999794006,6275.309094654444]}},{"type":"Feature","properties":{"nodeId":"faction_quest","group":"quests","thglKey":"quests/faction_quest","source":"thgl-nodes-raw-ascii"},"geometry":{"type":"Point","coordinates":[948.0031475950152,6436.107364301164]}},{"type":"Feature","properties":{"nodeId":"faction_quest","group":"quests","thglKey":"quests/faction_quest","source":"thgl-nodes-raw-ascii"},"geometry":{"type":"Point","coordinates":[912.9409825934699,6445.008960758059]}},{"type":"Feature","properties":{"nodeId":"faction_quest","group":"quests","thglKey":"quests/faction_quest","source":"thgl-nodes-raw-ascii"},"geometry":{"type":"Point","coordinates":[964.8318055412503,6463.149654959316]}},{"type":"Feature","properties":{"nodeId":"faction_quest","group":"quests","thglKey":"quests/faction_quest","source":"thgl-nodes-raw-ascii"},"geometry":{"type":"Point","coordinates":[956.8161499639509,6457.665259038006]}},{"type":"Feature","properties":{"nodeId":"faction_quest","group":"quests","thglKey":"quests/faction_quest","source":"thgl-nodes-raw-ascii"},"geometry":{"type":"Point","coordinates":[926.862910701411,6447.96209702338]}},{"type":"Feature","properties":{"nodeId":"faction_quest","group":"quests","thglKey":"quests/faction_quest","source":"thgl-nodes-raw-ascii"},"geometry":{"type":"Point","coordinates":[486.094666803996,6640.835645277578]}},{"type":"Feature","properties":{"nodeId":"faction_quest","group":"quests","thglKey":"quests/faction_quest","source":"thgl-nodes-raw-ascii"},"geometry":{"type":"Point","coordinates":[590.4627211865283,6985.947586775158]}},{"type":"Feature","properties":{"nodeId":"faction_quest","group":"quests","thglKey":"quests/faction_quest","source":"thgl-nodes-raw-ascii"},"geometry":{"type":"Point","coordinates":[654.330621073231,6865.619940261613]}},{"type":"Feature","properties":{"nodeId":"faction_quest","group":"quests","thglKey":"quests/faction_quest","source":"thgl-nodes-raw-ascii"},"geometry":{"type":"Point","coordinates":[303.7511587187146,6995.55793593573]}},{"type":"Feature","properties":{"nodeId":"faction_quest","group":"quests","thglKey":"quests/faction_quest","source":"thgl-nodes-raw-ascii"},"geometry":{"type":"Point","coordinates":[1244.9578741373982,4785.768256257081]}},{"type":"Feature","properties":{"nodeId":"faction_quest","group":"quests","thglKey":"quests/faction_quest","source":"thgl-nodes-raw-ascii"},"geometry":{"type":"Point","coordinates":[1238.3217550726133,4769.277099598311]}},{"type":"Feature","properties":{"nodeId":"faction_quest","group":"quests","thglKey":"quests/faction_quest","source":"thgl-nodes-raw-ascii"},"geometry":{"type":"Point","coordinates":[1348.3176434236275,4951.565763724379]}},{"type":"Feature","properties":{"nodeId":"faction_quest","group":"quests","thglKey":"quests/faction_quest","source":"thgl-nodes-raw-ascii"},"geometry":{"type":"Point","coordinates":[1040.3477186115974,5387.364301163869]}},{"type":"Feature","properties":{"nodeId":"faction_quest","group":"quests","thglKey":"quests/faction_quest","source":"thgl-nodes-raw-ascii"},"geometry":{"type":"Point","coordinates":[1228.0279658049235,5533.675328046143]}},{"type":"Feature","properties":{"nodeId":"faction_quest","group":"quests","thglKey":"quests/faction_quest","source":"thgl-nodes-raw-ascii"},"geometry":{"type":"Point","coordinates":[1254.555566999691,5593.218992687198]}},{"type":"Feature","properties":{"nodeId":"faction_quest","group":"quests","thglKey":"quests/faction_quest","source":"thgl-nodes-raw-ascii"},"geometry":{"type":"Point","coordinates":[1259.8501184468016,5590.632889071995]}},{"type":"Feature","properties":{"nodeId":"faction_quest","group":"quests","thglKey":"quests/faction_quest","source":"thgl-nodes-raw-ascii"},"geometry":{"type":"Point","coordinates":[1251.4294613245443,5593.864463899475]}},{"type":"Feature","properties":{"nodeId":"faction_quest","group":"quests","thglKey":"quests/faction_quest","source":"thgl-nodes-raw-ascii"},"geometry":{"type":"Point","coordinates":[1236.8325306416725,5953.143021938407]}},{"type":"Feature","properties":{"nodeId":"faction_quest","group":"quests","thglKey":"quests/faction_quest","source":"thgl-nodes-raw-ascii"},"geometry":{"type":"Point","coordinates":[1235.2547121227726,5948.460191574827]}},{"type":"Feature","properties":{"nodeId":"faction_quest","group":"quests","thglKey":"quests/faction_quest","source":"thgl-nodes-raw-ascii"},"geometry":{"type":"Point","coordinates":[1336.8847873107425,5428.028987537336]}},{"type":"Feature","properties":{"nodeId":"faction_quest","group":"quests","thglKey":"quests/faction_quest","source":"thgl-nodes-raw-ascii"},"geometry":{"type":"Point","coordinates":[1313.7237614584405,5473.005252858173]}},{"type":"Feature","properties":{"nodeId":"faction_quest","group":"quests","thglKey":"quests/faction_quest","source":"thgl-nodes-raw-ascii"},"geometry":{"type":"Point","coordinates":[1314.5379833144507,5470.478211968277]}},{"type":"Feature","properties":{"nodeId":"faction_quest","group":"quests","thglKey":"quests/faction_quest","source":"thgl-nodes-raw-ascii"},"geometry":{"type":"Point","coordinates":[1310.2770295602018,5485.104674013802]}},{"type":"Feature","properties":{"nodeId":"faction_quest","group":"quests","thglKey":"quests/faction_quest","source":"thgl-nodes-raw-ascii"},"geometry":{"type":"Point","coordinates":[1728.5086249871251,6342.8810711710785]}},{"type":"Feature","properties":{"nodeId":"faction_quest","group":"quests","thglKey":"quests/faction_quest","source":"thgl-nodes-raw-ascii"},"geometry":{"type":"Point","coordinates":[1743.919777526007,6335.013072407045]}},{"type":"Feature","properties":{"nodeId":"faction_quest","group":"quests","thglKey":"quests/faction_quest","source":"thgl-nodes-raw-ascii"},"geometry":{"type":"Point","coordinates":[1955.398084251725,6853.80739520033]}},{"type":"Feature","properties":{"nodeId":"faction_quest","group":"quests","thglKey":"quests/faction_quest","source":"thgl-nodes-raw-ascii"},"geometry":{"type":"Point","coordinates":[1736.7394376351838,6336.75120403749]}},{"type":"Feature","properties":{"nodeId":"faction_quest","group":"quests","thglKey":"quests/faction_quest","source":"thgl-nodes-raw-ascii"},"geometry":{"type":"Point","coordinates":[1745.0799382016687,6339.240276032548]}},{"type":"Feature","properties":{"nodeId":"faction_quest","group":"quests","thglKey":"quests/faction_quest","source":"thgl-nodes-raw-ascii"},"geometry":{"type":"Point","coordinates":[1591.7404470079307,4963.378308785663]}},{"type":"Feature","properties":{"nodeId":"faction_quest","group":"quests","thglKey":"quests/faction_quest","source":"thgl-nodes-raw-ascii"},"geometry":{"type":"Point","coordinates":[1666.8344834689462,4985.315892470903]}},{"type":"Feature","properties":{"nodeId":"faction_quest","group":"quests","thglKey":"quests/faction_quest","source":"thgl-nodes-raw-ascii"},"geometry":{"type":"Point","coordinates":[1599.9839159542692,4892.557882377177]}},{"type":"Feature","properties":{"nodeId":"faction_quest","group":"quests","thglKey":"quests/faction_quest","source":"thgl-nodes-raw-ascii"},"geometry":{"type":"Point","coordinates":[1577.5569554022043,4863.29652075394]}},{"type":"Feature","properties":{"nodeId":"faction_quest","group":"quests","thglKey":"quests/faction_quest","source":"thgl-nodes-raw-ascii"},"geometry":{"type":"Point","coordinates":[1520.5783005458852,4857.951344113709]}},{"type":"Feature","properties":{"nodeId":"faction_quest","group":"quests","thglKey":"quests/faction_quest","source":"thgl-nodes-raw-ascii"},"geometry":{"type":"Point","coordinates":[1520.8651766402306,4858.331033062107]}},{"type":"Feature","properties":{"nodeId":"faction_quest","group":"quests","thglKey":"quests/faction_quest","source":"thgl-nodes-raw-ascii"},"geometry":{"type":"Point","coordinates":[1737.6760037079,6340.497468328355]}},{"type":"Feature","properties":{"nodeId":"faction_quest","group":"quests","thglKey":"quests/faction_quest","source":"thgl-nodes-raw-ascii"},"geometry":{"type":"Point","coordinates":[1532.517408589968,6026.507364301164]}},{"type":"Feature","properties":{"nodeId":"faction_quest","group":"quests","thglKey":"quests/faction_quest","source":"thgl-nodes-raw-ascii"},"geometry":{"type":"Point","coordinates":[1404.849109074055,6285.961479040066]}},{"type":"Feature","properties":{"nodeId":"faction_quest","group":"quests","thglKey":"quests/faction_quest","source":"thgl-nodes-raw-ascii"},"geometry":{"type":"Point","coordinates":[1415.3960243073436,6243.773818106911]}},{"type":"Feature","properties":{"nodeId":"faction_quest","group":"quests","thglKey":"quests/faction_quest","source":"thgl-nodes-raw-ascii"},"geometry":{"type":"Point","coordinates":[1355.0676691729323,6262.758265526831]}},{"type":"Feature","properties":{"nodeId":"faction_quest","group":"quests","thglKey":"quests/faction_quest","source":"thgl-nodes-raw-ascii"},"geometry":{"type":"Point","coordinates":[1377.8490060768358,6216.773715109692]}},{"type":"Feature","properties":{"nodeId":"faction_quest","group":"quests","thglKey":"quests/faction_quest","source":"thgl-nodes-raw-ascii"},"geometry":{"type":"Point","coordinates":[1720.8346894633844,6409.149448964878]}},{"type":"Feature","properties":{"nodeId":"faction_quest","group":"quests","thglKey":"quests/faction_quest","source":"thgl-nodes-raw-ascii"},"geometry":{"type":"Point","coordinates":[1716.615923370069,6413.790091667525]}},{"type":"Feature","properties":{"nodeId":"faction_quest","group":"quests","thglKey":"quests/faction_quest","source":"thgl-nodes-raw-ascii"},"geometry":{"type":"Point","coordinates":[1711.9752806674219,6422.227623854156]}},{"type":"Feature","properties":{"nodeId":"faction_quest","group":"quests","thglKey":"quests/faction_quest","source":"thgl-nodes-raw-ascii"},"geometry":{"type":"Point","coordinates":[1628.0218354104438,6662.697291173138]}},{"type":"Feature","properties":{"nodeId":"faction_quest","group":"quests","thglKey":"quests/faction_quest","source":"thgl-nodes-raw-ascii"},"geometry":{"type":"Point","coordinates":[1400.0987784529816,6598.846266350808]}},{"type":"Feature","properties":{"nodeId":"faction_quest","group":"quests","thglKey":"quests/faction_quest","source":"thgl-nodes-raw-ascii"},"geometry":{"type":"Point","coordinates":[2011.0857966834894,5330.832835513441]}},{"type":"Feature","properties":{"nodeId":"faction_quest","group":"quests","thglKey":"quests/faction_quest","source":"thgl-nodes-raw-ascii"},"geometry":{"type":"Point","coordinates":[1995.8982387475537,5199.62921001133]}},{"type":"Feature","properties":{"nodeId":"faction_quest","group":"quests","thglKey":"quests/faction_quest","source":"thgl-nodes-raw-ascii"},"geometry":{"type":"Point","coordinates":[2267.443337109898,5197.612639818724]}},{"type":"Feature","properties":{"nodeId":"faction_quest","group":"quests","thglKey":"quests/faction_quest","source":"thgl-nodes-raw-ascii"},"geometry":{"type":"Point","coordinates":[2282.9599588011124,5190.731832320527]}},{"type":"Feature","properties":{"nodeId":"faction_quest","group":"quests","thglKey":"quests/faction_quest","source":"thgl-nodes-raw-ascii"},"geometry":{"type":"Point","coordinates":[2278.7327551756102,5230.940891955917]}},{"type":"Feature","properties":{"nodeId":"faction_quest","group":"quests","thglKey":"quests/faction_quest","source":"thgl-nodes-raw-ascii"},"geometry":{"type":"Point","coordinates":[2889.3527407559995,5307.313214543207]}},{"type":"Feature","properties":{"nodeId":"faction_quest","group":"quests","thglKey":"quests/faction_quest","source":"thgl-nodes-raw-ascii"},"geometry":{"type":"Point","coordinates":[2807.2302399835203,4975.072728396334]}},{"type":"Feature","properties":{"nodeId":"faction_quest","group":"quests","thglKey":"quests/faction_quest","source":"thgl-nodes-raw-ascii"},"geometry":{"type":"Point","coordinates":[3289.3508291276135,4446.5963374188905]}},{"type":"Feature","properties":{"nodeId":"faction_quest","group":"quests","thglKey":"quests/faction_quest","source":"thgl-nodes-raw-ascii"},"geometry":{"type":"Point","coordinates":[3467.4038520959934,4979.409619940262]}},{"type":"Feature","properties":{"nodeId":"faction_quest","group":"quests","thglKey":"quests/faction_quest","source":"thgl-nodes-raw-ascii"},"geometry":{"type":"Point","coordinates":[2778.7620063858276,4640.317857657843]}},{"type":"Feature","properties":{"nodeId":"faction_quest","group":"quests","thglKey":"quests/faction_quest","source":"thgl-nodes-raw-ascii"},"geometry":{"type":"Point","coordinates":[2804.787574415491,4972.026779276959]}},{"type":"Feature","properties":{"nodeId":"faction_quest","group":"quests","thglKey":"quests/faction_quest","source":"thgl-nodes-raw-ascii"},"geometry":{"type":"Point","coordinates":[1954.9762076423935,6104.5545370275]}},{"type":"Feature","properties":{"nodeId":"faction_quest","group":"quests","thglKey":"quests/faction_quest","source":"thgl-nodes-raw-ascii"},"geometry":{"type":"Point","coordinates":[1806.8215799773404,6122.526480585025]}},{"type":"Feature","properties":{"nodeId":"faction_quest","group":"quests","thglKey":"quests/faction_quest","source":"thgl-nodes-raw-ascii"},"geometry":{"type":"Point","coordinates":[1852.785036564013,6187.892042434854]}},{"type":"Feature","properties":{"nodeId":"faction_quest","group":"quests","thglKey":"quests/faction_quest","source":"thgl-nodes-raw-ascii"},"geometry":{"type":"Point","coordinates":[1969.3453249562262,6235.597849418065]}},{"type":"Feature","properties":{"nodeId":"faction_quest","group":"quests","thglKey":"quests/faction_quest","source":"thgl-nodes-raw-ascii"},"geometry":{"type":"Point","coordinates":[1468.113725409414,5922.582280358431]}},{"type":"Feature","properties":{"nodeId":"faction_quest","group":"quests","thglKey":"quests/faction_quest","source":"thgl-nodes-raw-ascii"},"geometry":{"type":"Point","coordinates":[1884.1009372746935,5085.30064888248]}},{"type":"Feature","properties":{"nodeId":"faction_quest","group":"quests","thglKey":"quests/faction_quest","source":"thgl-nodes-raw-ascii"},"geometry":{"type":"Point","coordinates":[-172.2353445256979,5995.5163085796685]}},{"type":"Feature","properties":{"nodeId":"faction_quest","group":"quests","thglKey":"quests/faction_quest","source":"thgl-nodes-raw-ascii"},"geometry":{"type":"Point","coordinates":[1363.1592625399117,5476.211515089093]}},{"type":"Feature","properties":{"nodeId":"faction_quest","group":"quests","thglKey":"quests/faction_quest","source":"thgl-nodes-raw-ascii"},"geometry":{"type":"Point","coordinates":[2222.403790297662,5151.206212792255]}},{"type":"Feature","properties":{"nodeId":"faction_quest","group":"quests","thglKey":"quests/faction_quest","source":"thgl-nodes-raw-ascii"},"geometry":{"type":"Point","coordinates":[2895.52479555052,5304.608985477392]}},{"type":"Feature","properties":{"nodeId":"faction_quest","group":"quests","thglKey":"quests/faction_quest","source":"thgl-nodes-raw-ascii"},"geometry":{"type":"Point","coordinates":[1938.8478648676487,6102.985156040787]}},{"type":"Feature","properties":{"nodeId":"faction_quest","group":"quests","thglKey":"quests/faction_quest","source":"thgl-nodes-raw-ascii"},"geometry":{"type":"Point","coordinates":[3163.606286950252,8349.187005870841]}},{"type":"Feature","properties":{"nodeId":"main_quest","group":"quests","thglKey":"quests/main_quest","source":"thgl-nodes-raw-ascii"},"geometry":{"type":"Point","coordinates":[592.1966340508803,5711.593350499536]}},{"type":"Feature","properties":{"nodeId":"main_quest","group":"quests","thglKey":"quests/main_quest","source":"thgl-nodes-raw-ascii"},"geometry":{"type":"Point","coordinates":[597.1494654444326,5713.668983417448]}},{"type":"Feature","properties":{"nodeId":"main_quest","group":"quests","thglKey":"quests/main_quest","source":"thgl-nodes-raw-ascii"},"geometry":{"type":"Point","coordinates":[245.57437429189426,5287.375325986199]}},{"type":"Feature","properties":{"nodeId":"main_quest","group":"quests","thglKey":"quests/main_quest","source":"thgl-nodes-raw-ascii"},"geometry":{"type":"Point","coordinates":[233.63948501390442,5287.206575342466]}},{"type":"Feature","properties":{"nodeId":"main_quest","group":"quests","thglKey":"quests/main_quest","source":"thgl-nodes-raw-ascii"},"geometry":{"type":"Point","coordinates":[290.6729838294366,5297.926459985581]}},{"type":"Feature","properties":{"nodeId":"main_quest","group":"quests","thglKey":"quests/main_quest","source":"thgl-nodes-raw-ascii"},"geometry":{"type":"Point","coordinates":[291.6306437326194,5303.609137913276]}},{"type":"Feature","properties":{"nodeId":"main_quest","group":"quests","thglKey":"quests/main_quest","source":"thgl-nodes-raw-ascii"},"geometry":{"type":"Point","coordinates":[244.02186836955406,5342.548348954579]}},{"type":"Feature","properties":{"nodeId":"main_quest","group":"quests","thglKey":"quests/main_quest","source":"thgl-nodes-raw-ascii"},"geometry":{"type":"Point","coordinates":[273.79791945617467,5310.160881656196]}},{"type":"Feature","properties":{"nodeId":"main_quest","group":"quests","thglKey":"quests/main_quest","source":"thgl-nodes-raw-ascii"},"geometry":{"type":"Point","coordinates":[419.70394479349073,5198.131548048203]}},{"type":"Feature","properties":{"nodeId":"main_quest","group":"quests","thglKey":"quests/main_quest","source":"thgl-nodes-raw-ascii"},"geometry":{"type":"Point","coordinates":[435.09400350190543,5187.428538469461]}},{"type":"Feature","properties":{"nodeId":"main_quest","group":"quests","thglKey":"quests/main_quest","source":"thgl-nodes-raw-ascii"},"geometry":{"type":"Point","coordinates":[433.7313420537647,5184.298214028221]}},{"type":"Feature","properties":{"nodeId":"main_quest","group":"quests","thglKey":"quests/main_quest","source":"thgl-nodes-raw-ascii"},"geometry":{"type":"Point","coordinates":[440.29152332886997,5183.479773406118]}},{"type":"Feature","properties":{"nodeId":"main_quest","group":"quests","thglKey":"quests/main_quest","source":"thgl-nodes-raw-ascii"},"geometry":{"type":"Point","coordinates":[443.5020043258833,5181.222733546194]}},{"type":"Feature","properties":{"nodeId":"main_quest","group":"quests","thglKey":"quests/main_quest","source":"thgl-nodes-raw-ascii"},"geometry":{"type":"Point","coordinates":[228.99040477907133,5277.984352662478]}},{"type":"Feature","properties":{"nodeId":"main_quest","group":"quests","thglKey":"quests/main_quest","source":"thgl-nodes-raw-ascii"},"geometry":{"type":"Point","coordinates":[110.10979503553403,5240.129364507158]}},{"type":"Feature","properties":{"nodeId":"main_quest","group":"quests","thglKey":"quests/main_quest","source":"thgl-nodes-raw-ascii"},"geometry":{"type":"Point","coordinates":[111.07167370481025,5241.091243176435]}},{"type":"Feature","properties":{"nodeId":"main_quest","group":"quests","thglKey":"quests/main_quest","source":"thgl-nodes-raw-ascii"},"geometry":{"type":"Point","coordinates":[110.78479761046466,5239.281392522402]}},{"type":"Feature","properties":{"nodeId":"main_quest","group":"quests","thglKey":"quests/main_quest","source":"thgl-nodes-raw-ascii"},"geometry":{"type":"Point","coordinates":[137.9536512514162,5357.83293851066]}},{"type":"Feature","properties":{"nodeId":"main_quest","group":"quests","thglKey":"quests/main_quest","source":"thgl-nodes-raw-ascii"},"geometry":{"type":"Point","coordinates":[135.42239159542692,5363.31733443197]}},{"type":"Feature","properties":{"nodeId":"main_quest","group":"quests","thglKey":"quests/main_quest","source":"thgl-nodes-raw-ascii"},"geometry":{"type":"Point","coordinates":[135.4181728293335,5358.297002780925]}},{"type":"Feature","properties":{"nodeId":"main_quest","group":"quests","thglKey":"quests/main_quest","source":"thgl-nodes-raw-ascii"},"geometry":{"type":"Point","coordinates":[237.09465444433,5276.410752909672]}},{"type":"Feature","properties":{"nodeId":"main_quest","group":"quests","thglKey":"quests/main_quest","source":"thgl-nodes-raw-ascii"},"geometry":{"type":"Point","coordinates":[346.9597610464518,5131.985514471109]}},{"type":"Feature","properties":{"nodeId":"main_quest","group":"quests","thglKey":"quests/main_quest","source":"thgl-nodes-raw-ascii"},"geometry":{"type":"Point","coordinates":[337.21019260479943,5121.965944999485]}},{"type":"Feature","properties":{"nodeId":"main_quest","group":"quests","thglKey":"quests/main_quest","source":"thgl-nodes-raw-ascii"},"geometry":{"type":"Point","coordinates":[464.570522195901,5230.637140797198]}},{"type":"Feature","properties":{"nodeId":"main_quest","group":"quests","thglKey":"quests/main_quest","source":"thgl-nodes-raw-ascii"},"geometry":{"type":"Point","coordinates":[354.102132042435,5219.541785971779]}},{"type":"Feature","properties":{"nodeId":"main_quest","group":"quests","thglKey":"quests/main_quest","source":"thgl-nodes-raw-ascii"},"geometry":{"type":"Point","coordinates":[402.2002842723249,4971.107088268616]}},{"type":"Feature","properties":{"nodeId":"main_quest","group":"quests","thglKey":"quests/main_quest","source":"thgl-nodes-raw-ascii"},"geometry":{"type":"Point","coordinates":[319.120123596663,5033.059668348955]}},{"type":"Feature","properties":{"nodeId":"main_quest","group":"quests","thglKey":"quests/main_quest","source":"thgl-nodes-raw-ascii"},"geometry":{"type":"Point","coordinates":[320.6262230919765,5059.566175713256]}},{"type":"Feature","properties":{"nodeId":"main_quest","group":"quests","thglKey":"quests/main_quest","source":"thgl-nodes-raw-ascii"},"geometry":{"type":"Point","coordinates":[319.9427829848591,5059.777114017921]}},{"type":"Feature","properties":{"nodeId":"main_quest","group":"quests","thglKey":"quests/main_quest","source":"thgl-nodes-raw-ascii"},"geometry":{"type":"Point","coordinates":[785.2347141827174,5145.354784220826]}},{"type":"Feature","properties":{"nodeId":"main_quest","group":"quests","thglKey":"quests/main_quest","source":"thgl-nodes-raw-ascii"},"geometry":{"type":"Point","coordinates":[309.6869626120094,5043.231113399937]}},{"type":"Feature","properties":{"nodeId":"main_quest","group":"quests","thglKey":"quests/main_quest","source":"thgl-nodes-raw-ascii"},"geometry":{"type":"Point","coordinates":[43.103133175404295,5266.800403749098]}},{"type":"Feature","properties":{"nodeId":"main_quest","group":"quests","thglKey":"quests/main_quest","source":"thgl-nodes-raw-ascii"},"geometry":{"type":"Point","coordinates":[62.05804923267087,5242.858906169533]}},{"type":"Feature","properties":{"nodeId":"main_quest","group":"quests","thglKey":"quests/main_quest","source":"thgl-nodes-raw-ascii"},"geometry":{"type":"Point","coordinates":[24.890719950561333,5245.723448346895]}},{"type":"Feature","properties":{"nodeId":"main_quest","group":"quests","thglKey":"quests/main_quest","source":"thgl-nodes-raw-ascii"},"geometry":{"type":"Point","coordinates":[13.753177464208619,5296.875987228345]}},{"type":"Feature","properties":{"nodeId":"main_quest","group":"quests","thglKey":"quests/main_quest","source":"thgl-nodes-raw-ascii"},"geometry":{"type":"Point","coordinates":[37.46264290864116,5269.67760222474]}},{"type":"Feature","properties":{"nodeId":"main_quest","group":"quests","thglKey":"quests/main_quest","source":"thgl-nodes-raw-ascii"},"geometry":{"type":"Point","coordinates":[192.79761046451745,5103.8632196930685]}},{"type":"Feature","properties":{"nodeId":"main_quest","group":"quests","thglKey":"quests/main_quest","source":"thgl-nodes-raw-ascii"},"geometry":{"type":"Point","coordinates":[181.8288186218972,5329.145329076115]}},{"type":"Feature","properties":{"nodeId":"main_quest","group":"quests","thglKey":"quests/main_quest","source":"thgl-nodes-raw-ascii"},"geometry":{"type":"Point","coordinates":[-311.7583767638272,4632.276889483984]}},{"type":"Feature","properties":{"nodeId":"main_quest","group":"quests","thglKey":"quests/main_quest","source":"thgl-nodes-raw-ascii"},"geometry":{"type":"Point","coordinates":[-328.1820331651045,4786.354664744052]}},{"type":"Feature","properties":{"nodeId":"main_quest","group":"quests","thglKey":"quests/main_quest","source":"thgl-nodes-raw-ascii"},"geometry":{"type":"Point","coordinates":[-340.45442373055926,4922.0344010711715]}},{"type":"Feature","properties":{"nodeId":"main_quest","group":"quests","thglKey":"quests/main_quest","source":"thgl-nodes-raw-ascii"},"geometry":{"type":"Point","coordinates":[-343.61427953445246,4922.37612112473]}},{"type":"Feature","properties":{"nodeId":"main_quest","group":"quests","thglKey":"quests/main_quest","source":"thgl-nodes-raw-ascii"},"geometry":{"type":"Point","coordinates":[235.82902461633535,5326.614069420126]}},{"type":"Feature","properties":{"nodeId":"main_quest","group":"quests","thglKey":"quests/main_quest","source":"thgl-nodes-raw-ascii"},"geometry":{"type":"Point","coordinates":[282.6573282521372,5309.317128437532]}},{"type":"Feature","properties":{"nodeId":"main_quest","group":"quests","thglKey":"quests/main_quest","source":"thgl-nodes-raw-ascii"},"geometry":{"type":"Point","coordinates":[288.62266350808505,5298.495993408178]}},{"type":"Feature","properties":{"nodeId":"main_quest","group":"quests","thglKey":"quests/main_quest","source":"thgl-nodes-raw-ascii"},"geometry":{"type":"Point","coordinates":[1192.6789247090328,5792.644284684314]}},{"type":"Feature","properties":{"nodeId":"main_quest","group":"quests","thglKey":"quests/main_quest","source":"thgl-nodes-raw-ascii"},"geometry":{"type":"Point","coordinates":[1180.4107529096714,5725.70934184777]}},{"type":"Feature","properties":{"nodeId":"main_quest","group":"quests","thglKey":"quests/main_quest","source":"thgl-nodes-raw-ascii"},"geometry":{"type":"Point","coordinates":[1159.7387990524255,5767.475126171594]}},{"type":"Feature","properties":{"nodeId":"main_quest","group":"quests","thglKey":"quests/main_quest","source":"thgl-nodes-raw-ascii"},"geometry":{"type":"Point","coordinates":[1221.860129776496,6076.364741991966]}},{"type":"Feature","properties":{"nodeId":"main_quest","group":"quests","thglKey":"quests/main_quest","source":"thgl-nodes-raw-ascii"},"geometry":{"type":"Point","coordinates":[1179.0269976310638,5997.912567720671]}},{"type":"Feature","properties":{"nodeId":"main_quest","group":"quests","thglKey":"quests/main_quest","source":"thgl-nodes-raw-ascii"},"geometry":{"type":"Point","coordinates":[987.4739231640746,5943.359703368009]}},{"type":"Feature","properties":{"nodeId":"main_quest","group":"quests","thglKey":"quests/main_quest","source":"thgl-nodes-raw-ascii"},"geometry":{"type":"Point","coordinates":[-68.09510351220511,5806.047304562777]}},{"type":"Feature","properties":{"nodeId":"main_quest","group":"quests","thglKey":"quests/main_quest","source":"thgl-nodes-raw-ascii"},"geometry":{"type":"Point","coordinates":[-160.726550623133,5854.305769904213]}},{"type":"Feature","properties":{"nodeId":"main_quest","group":"quests","thglKey":"quests/main_quest","source":"thgl-nodes-raw-ascii"},"geometry":{"type":"Point","coordinates":[-120.80436708208893,5924.430099907303]}},{"type":"Feature","properties":{"nodeId":"main_quest","group":"quests","thglKey":"quests/main_quest","source":"thgl-nodes-raw-ascii"},"geometry":{"type":"Point","coordinates":[-282.3999835204447,6023.528915439283]}},{"type":"Feature","properties":{"nodeId":"main_quest","group":"quests","thglKey":"quests/main_quest","source":"thgl-nodes-raw-ascii"},"geometry":{"type":"Point","coordinates":[-163.37171696364197,5927.623705839943]}},{"type":"Feature","properties":{"nodeId":"main_quest","group":"quests","thglKey":"quests/main_quest","source":"thgl-nodes-raw-ascii"},"geometry":{"type":"Point","coordinates":[-280.3749757956536,6048.487135647338]}},{"type":"Feature","properties":{"nodeId":"main_quest","group":"quests","thglKey":"quests/main_quest","source":"thgl-nodes-raw-ascii"},"geometry":{"type":"Point","coordinates":[1032.137999794006,6275.309094654444]}},{"type":"Feature","properties":{"nodeId":"main_quest","group":"quests","thglKey":"quests/main_quest","source":"thgl-nodes-raw-ascii"},"geometry":{"type":"Point","coordinates":[948.0031475950152,6436.107364301164]}},{"type":"Feature","properties":{"nodeId":"main_quest","group":"quests","thglKey":"quests/main_quest","source":"thgl-nodes-raw-ascii"},"geometry":{"type":"Point","coordinates":[912.9409825934699,6445.008960758059]}},{"type":"Feature","properties":{"nodeId":"main_quest","group":"quests","thglKey":"quests/main_quest","source":"thgl-nodes-raw-ascii"},"geometry":{"type":"Point","coordinates":[964.8318055412503,6463.149654959316]}},{"type":"Feature","properties":{"nodeId":"main_quest","group":"quests","thglKey":"quests/main_quest","source":"thgl-nodes-raw-ascii"},"geometry":{"type":"Point","coordinates":[956.8161499639509,6457.665259038006]}},{"type":"Feature","properties":{"nodeId":"main_quest","group":"quests","thglKey":"quests/main_quest","source":"thgl-nodes-raw-ascii"},"geometry":{"type":"Point","coordinates":[926.862910701411,6447.96209702338]}},{"type":"Feature","properties":{"nodeId":"main_quest","group":"quests","thglKey":"quests/main_quest","source":"thgl-nodes-raw-ascii"},"geometry":{"type":"Point","coordinates":[486.094666803996,6640.835645277578]}},{"type":"Feature","properties":{"nodeId":"main_quest","group":"quests","thglKey":"quests/main_quest","source":"thgl-nodes-raw-ascii"},"geometry":{"type":"Point","coordinates":[590.4627211865283,6985.947586775158]}},{"type":"Feature","properties":{"nodeId":"main_quest","group":"quests","thglKey":"quests/main_quest","source":"thgl-nodes-raw-ascii"},"geometry":{"type":"Point","coordinates":[654.330621073231,6865.619940261613]}},{"type":"Feature","properties":{"nodeId":"main_quest","group":"quests","thglKey":"quests/main_quest","source":"thgl-nodes-raw-ascii"},"geometry":{"type":"Point","coordinates":[1244.9578741373982,4785.768256257081]}},{"type":"Feature","properties":{"nodeId":"main_quest","group":"quests","thglKey":"quests/main_quest","source":"thgl-nodes-raw-ascii"},"geometry":{"type":"Point","coordinates":[1238.3217550726133,4769.277099598311]}},{"type":"Feature","properties":{"nodeId":"main_quest","group":"quests","thglKey":"quests/main_quest","source":"thgl-nodes-raw-ascii"},"geometry":{"type":"Point","coordinates":[1348.3176434236275,4951.565763724379]}},{"type":"Feature","properties":{"nodeId":"main_quest","group":"quests","thglKey":"quests/main_quest","source":"thgl-nodes-raw-ascii"},"geometry":{"type":"Point","coordinates":[1228.0279658049235,5533.675328046143]}},{"type":"Feature","properties":{"nodeId":"main_quest","group":"quests","thglKey":"quests/main_quest","source":"thgl-nodes-raw-ascii"},"geometry":{"type":"Point","coordinates":[1254.555566999691,5593.218992687198]}},{"type":"Feature","properties":{"nodeId":"main_quest","group":"quests","thglKey":"quests/main_quest","source":"thgl-nodes-raw-ascii"},"geometry":{"type":"Point","coordinates":[1259.8501184468016,5590.632889071995]}},{"type":"Feature","properties":{"nodeId":"main_quest","group":"quests","thglKey":"quests/main_quest","source":"thgl-nodes-raw-ascii"},"geometry":{"type":"Point","coordinates":[1251.4294613245443,5593.864463899475]}},{"type":"Feature","properties":{"nodeId":"main_quest","group":"quests","thglKey":"quests/main_quest","source":"thgl-nodes-raw-ascii"},"geometry":{"type":"Point","coordinates":[1236.8325306416725,5953.143021938407]}},{"type":"Feature","properties":{"nodeId":"main_quest","group":"quests","thglKey":"quests/main_quest","source":"thgl-nodes-raw-ascii"},"geometry":{"type":"Point","coordinates":[1235.2547121227726,5948.460191574827]}},{"type":"Feature","properties":{"nodeId":"main_quest","group":"quests","thglKey":"quests/main_quest","source":"thgl-nodes-raw-ascii"},"geometry":{"type":"Point","coordinates":[1336.8847873107425,5428.028987537336]}},{"type":"Feature","properties":{"nodeId":"main_quest","group":"quests","thglKey":"quests/main_quest","source":"thgl-nodes-raw-ascii"},"geometry":{"type":"Point","coordinates":[1313.7237614584405,5473.005252858173]}},{"type":"Feature","properties":{"nodeId":"main_quest","group":"quests","thglKey":"quests/main_quest","source":"thgl-nodes-raw-ascii"},"geometry":{"type":"Point","coordinates":[1314.5379833144507,5470.478211968277]}},{"type":"Feature","properties":{"nodeId":"main_quest","group":"quests","thglKey":"quests/main_quest","source":"thgl-nodes-raw-ascii"},"geometry":{"type":"Point","coordinates":[1310.2770295602018,5485.104674013802]}},{"type":"Feature","properties":{"nodeId":"main_quest","group":"quests","thglKey":"quests/main_quest","source":"thgl-nodes-raw-ascii"},"geometry":{"type":"Point","coordinates":[1728.5086249871251,6342.8810711710785]}},{"type":"Feature","properties":{"nodeId":"main_quest","group":"quests","thglKey":"quests/main_quest","source":"thgl-nodes-raw-ascii"},"geometry":{"type":"Point","coordinates":[1743.919777526007,6335.013072407045]}},{"type":"Feature","properties":{"nodeId":"main_quest","group":"quests","thglKey":"quests/main_quest","source":"thgl-nodes-raw-ascii"},"geometry":{"type":"Point","coordinates":[1955.398084251725,6853.80739520033]}},{"type":"Feature","properties":{"nodeId":"main_quest","group":"quests","thglKey":"quests/main_quest","source":"thgl-nodes-raw-ascii"},"geometry":{"type":"Point","coordinates":[1736.7394376351838,6336.75120403749]}},{"type":"Feature","properties":{"nodeId":"main_quest","group":"quests","thglKey":"quests/main_quest","source":"thgl-nodes-raw-ascii"},"geometry":{"type":"Point","coordinates":[1628.4437120197754,6662.697291173138]}},{"type":"Feature","properties":{"nodeId":"main_quest","group":"quests","thglKey":"quests/main_quest","source":"thgl-nodes-raw-ascii"},"geometry":{"type":"Point","coordinates":[1745.0799382016687,6339.240276032548]}},{"type":"Feature","properties":{"nodeId":"main_quest","group":"quests","thglKey":"quests/main_quest","source":"thgl-nodes-raw-ascii"},"geometry":{"type":"Point","coordinates":[1591.7404470079307,4963.378308785663]}},{"type":"Feature","properties":{"nodeId":"main_quest","group":"quests","thglKey":"quests/main_quest","source":"thgl-nodes-raw-ascii"},"geometry":{"type":"Point","coordinates":[1666.8344834689462,4985.315892470903]}},{"type":"Feature","properties":{"nodeId":"main_quest","group":"quests","thglKey":"quests/main_quest","source":"thgl-nodes-raw-ascii"},"geometry":{"type":"Point","coordinates":[1599.9839159542692,4892.557882377177]}},{"type":"Feature","properties":{"nodeId":"main_quest","group":"quests","thglKey":"quests/main_quest","source":"thgl-nodes-raw-ascii"},"geometry":{"type":"Point","coordinates":[1577.5569554022043,4863.29652075394]}},{"type":"Feature","properties":{"nodeId":"main_quest","group":"quests","thglKey":"quests/main_quest","source":"thgl-nodes-raw-ascii"},"geometry":{"type":"Point","coordinates":[1520.5783005458852,4857.951344113709]}},{"type":"Feature","properties":{"nodeId":"main_quest","group":"quests","thglKey":"quests/main_quest","source":"thgl-nodes-raw-ascii"},"geometry":{"type":"Point","coordinates":[1520.8651766402306,4858.331033062107]}},{"type":"Feature","properties":{"nodeId":"main_quest","group":"quests","thglKey":"quests/main_quest","source":"thgl-nodes-raw-ascii"},"geometry":{"type":"Point","coordinates":[1737.6760037079,6340.497468328355]}},{"type":"Feature","properties":{"nodeId":"main_quest","group":"quests","thglKey":"quests/main_quest","source":"thgl-nodes-raw-ascii"},"geometry":{"type":"Point","coordinates":[1532.517408589968,6026.507364301164]}},{"type":"Feature","properties":{"nodeId":"main_quest","group":"quests","thglKey":"quests/main_quest","source":"thgl-nodes-raw-ascii"},"geometry":{"type":"Point","coordinates":[1404.849109074055,6285.961479040066]}},{"type":"Feature","properties":{"nodeId":"main_quest","group":"quests","thglKey":"quests/main_quest","source":"thgl-nodes-raw-ascii"},"geometry":{"type":"Point","coordinates":[1415.3960243073436,6243.773818106911]}},{"type":"Feature","properties":{"nodeId":"main_quest","group":"quests","thglKey":"quests/main_quest","source":"thgl-nodes-raw-ascii"},"geometry":{"type":"Point","coordinates":[1355.0676691729323,6262.758265526831]}},{"type":"Feature","properties":{"nodeId":"main_quest","group":"quests","thglKey":"quests/main_quest","source":"thgl-nodes-raw-ascii"},"geometry":{"type":"Point","coordinates":[1377.8490060768358,6216.773715109692]}},{"type":"Feature","properties":{"nodeId":"main_quest","group":"quests","thglKey":"quests/main_quest","source":"thgl-nodes-raw-ascii"},"geometry":{"type":"Point","coordinates":[1720.8346894633844,6409.149448964878]}},{"type":"Feature","properties":{"nodeId":"main_quest","group":"quests","thglKey":"quests/main_quest","source":"thgl-nodes-raw-ascii"},"geometry":{"type":"Point","coordinates":[1716.615923370069,6413.790091667525]}},{"type":"Feature","properties":{"nodeId":"main_quest","group":"quests","thglKey":"quests/main_quest","source":"thgl-nodes-raw-ascii"},"geometry":{"type":"Point","coordinates":[1711.9752806674219,6422.227623854156]}},{"type":"Feature","properties":{"nodeId":"main_quest","group":"quests","thglKey":"quests/main_quest","source":"thgl-nodes-raw-ascii"},"geometry":{"type":"Point","coordinates":[1628.0218354104438,6662.697291173138]}},{"type":"Feature","properties":{"nodeId":"main_quest","group":"quests","thglKey":"quests/main_quest","source":"thgl-nodes-raw-ascii"},"geometry":{"type":"Point","coordinates":[1400.0987784529816,6598.846266350808]}},{"type":"Feature","properties":{"nodeId":"main_quest","group":"quests","thglKey":"quests/main_quest","source":"thgl-nodes-raw-ascii"},"geometry":{"type":"Point","coordinates":[1995.8982387475537,5199.62921001133]}},{"type":"Feature","properties":{"nodeId":"main_quest","group":"quests","thglKey":"quests/main_quest","source":"thgl-nodes-raw-ascii"},"geometry":{"type":"Point","coordinates":[2267.443337109898,5197.612639818724]}},{"type":"Feature","properties":{"nodeId":"main_quest","group":"quests","thglKey":"quests/main_quest","source":"thgl-nodes-raw-ascii"},"geometry":{"type":"Point","coordinates":[2282.9599588011124,5190.731832320527]}},{"type":"Feature","properties":{"nodeId":"main_quest","group":"quests","thglKey":"quests/main_quest","source":"thgl-nodes-raw-ascii"},"geometry":{"type":"Point","coordinates":[2278.7327551756102,5230.940891955917]}},{"type":"Feature","properties":{"nodeId":"main_quest","group":"quests","thglKey":"quests/main_quest","source":"thgl-nodes-raw-ascii"},"geometry":{"type":"Point","coordinates":[2889.3527407559995,5307.313214543207]}},{"type":"Feature","properties":{"nodeId":"main_quest","group":"quests","thglKey":"quests/main_quest","source":"thgl-nodes-raw-ascii"},"geometry":{"type":"Point","coordinates":[2807.2302399835203,4975.072728396334]}},{"type":"Feature","properties":{"nodeId":"main_quest","group":"quests","thglKey":"quests/main_quest","source":"thgl-nodes-raw-ascii"},"geometry":{"type":"Point","coordinates":[3289.3508291276135,4446.5963374188905]}},{"type":"Feature","properties":{"nodeId":"main_quest","group":"quests","thglKey":"quests/main_quest","source":"thgl-nodes-raw-ascii"},"geometry":{"type":"Point","coordinates":[3467.4038520959934,4979.409619940262]}},{"type":"Feature","properties":{"nodeId":"main_quest","group":"quests","thglKey":"quests/main_quest","source":"thgl-nodes-raw-ascii"},"geometry":{"type":"Point","coordinates":[2778.7620063858276,4640.317857657843]}},{"type":"Feature","properties":{"nodeId":"main_quest","group":"quests","thglKey":"quests/main_quest","source":"thgl-nodes-raw-ascii"},"geometry":{"type":"Point","coordinates":[2804.787574415491,4972.026779276959]}},{"type":"Feature","properties":{"nodeId":"main_quest","group":"quests","thglKey":"quests/main_quest","source":"thgl-nodes-raw-ascii"},"geometry":{"type":"Point","coordinates":[1954.9762076423935,6104.5545370275]}},{"type":"Feature","properties":{"nodeId":"main_quest","group":"quests","thglKey":"quests/main_quest","source":"thgl-nodes-raw-ascii"},"geometry":{"type":"Point","coordinates":[1806.8215799773404,6122.526480585025]}},{"type":"Feature","properties":{"nodeId":"main_quest","group":"quests","thglKey":"quests/main_quest","source":"thgl-nodes-raw-ascii"},"geometry":{"type":"Point","coordinates":[1852.785036564013,6187.892042434854]}},{"type":"Feature","properties":{"nodeId":"main_quest","group":"quests","thglKey":"quests/main_quest","source":"thgl-nodes-raw-ascii"},"geometry":{"type":"Point","coordinates":[1969.3453249562262,6235.597849418065]}},{"type":"Feature","properties":{"nodeId":"main_quest","group":"quests","thglKey":"quests/main_quest","source":"thgl-nodes-raw-ascii"},"geometry":{"type":"Point","coordinates":[1468.113725409414,5922.582280358431]}},{"type":"Feature","properties":{"nodeId":"main_quest","group":"quests","thglKey":"quests/main_quest","source":"thgl-nodes-raw-ascii"},"geometry":{"type":"Point","coordinates":[1884.1009372746935,5085.30064888248]}},{"type":"Feature","properties":{"nodeId":"main_quest","group":"quests","thglKey":"quests/main_quest","source":"thgl-nodes-raw-ascii"},"geometry":{"type":"Point","coordinates":[-172.2353445256979,5995.5163085796685]}},{"type":"Feature","properties":{"nodeId":"main_quest","group":"quests","thglKey":"quests/main_quest","source":"thgl-nodes-raw-ascii"},"geometry":{"type":"Point","coordinates":[1363.1592625399117,5476.211515089093]}},{"type":"Feature","properties":{"nodeId":"main_quest","group":"quests","thglKey":"quests/main_quest","source":"thgl-nodes-raw-ascii"},"geometry":{"type":"Point","coordinates":[2222.403790297662,5151.206212792255]}},{"type":"Feature","properties":{"nodeId":"main_quest","group":"quests","thglKey":"quests/main_quest","source":"thgl-nodes-raw-ascii"},"geometry":{"type":"Point","coordinates":[2895.52479555052,5304.608985477392]}},{"type":"Feature","properties":{"nodeId":"main_quest","group":"quests","thglKey":"quests/main_quest","source":"thgl-nodes-raw-ascii"},"geometry":{"type":"Point","coordinates":[1938.8478648676487,6102.985156040787]}},{"type":"Feature","properties":{"nodeId":"main_quest","group":"quests","thglKey":"quests/main_quest","source":"thgl-nodes-raw-ascii"},"geometry":{"type":"Point","coordinates":[3163.606286950252,8349.187005870841]}},{"type":"Feature","properties":{"nodeId":"treasure_box","group":"treasures","thglKey":"treasures/treasure_box","source":"thgl-nodes-raw-ascii"},"geometry":{"type":"Point","coordinates":[492.95438047172706,5132.247077968895]}},{"type":"Feature","properties":{"nodeId":"treasure_box","group":"treasures","thglKey":"treasures/treasure_box","source":"thgl-nodes-raw-ascii"},"geometry":{"type":"Point","coordinates":[-408.67609022556354,4826.610130806469]}},{"type":"Feature","properties":{"nodeId":"treasure_box","group":"treasures","thglKey":"treasures/treasure_box","source":"thgl-nodes-raw-ascii"},"geometry":{"type":"Point","coordinates":[-479.82558038932973,5580.170349160573]}},{"type":"Feature","properties":{"nodeId":"treasure_box","group":"treasures","thglKey":"treasures/treasure_box","source":"thgl-nodes-raw-ascii"},"geometry":{"type":"Point","coordinates":[1732.533327840148,5912.807399320218]}},{"type":"Feature","properties":{"nodeId":"treasure_box","group":"treasures","thglKey":"treasures/treasure_box","source":"thgl-nodes-raw-ascii"},"geometry":{"type":"Point","coordinates":[513.1453949943352,4464.281404882067]}},{"type":"Feature","properties":{"nodeId":"treasure_box","group":"treasures","thglKey":"treasures/treasure_box","source":"thgl-nodes-raw-ascii"},"geometry":{"type":"Point","coordinates":[-9.188472551241393,5157.314986095375]}},{"type":"Feature","properties":{"nodeId":"treasure_box","group":"treasures","thglKey":"treasures/treasure_box","source":"thgl-nodes-raw-ascii"},"geometry":{"type":"Point","coordinates":[-90.2140941394583,7301.477540426408]}},{"type":"Feature","properties":{"nodeId":"treasure_box","group":"treasures","thglKey":"treasures/treasure_box","source":"thgl-nodes-raw-ascii"},"geometry":{"type":"Point","coordinates":[1479.5803316510455,4619.08902667628]}},{"type":"Feature","properties":{"nodeId":"treasure_box","group":"treasures","thglKey":"treasures/treasure_box","source":"thgl-nodes-raw-ascii"},"geometry":{"type":"Point","coordinates":[1421.3065156040789,7078.654971675765]}},{"type":"Feature","properties":{"nodeId":"treasure_box","group":"treasures","thglKey":"treasures/treasure_box","source":"thgl-nodes-raw-ascii"},"geometry":{"type":"Point","coordinates":[1326.4602162941599,5914.03084148728]}},{"type":"Feature","properties":{"nodeId":"treasure_box","group":"treasures","thglKey":"treasures/treasure_box","source":"thgl-nodes-raw-ascii"},"geometry":{"type":"Point","coordinates":[573.9504706972909,4254.33029148213]}},{"type":"Feature","properties":{"nodeId":"treasure_box","group":"treasures","thglKey":"treasures/treasure_box","source":"thgl-nodes-raw-ascii"},"geometry":{"type":"Point","coordinates":[1694.2480255433102,6501.557301472861]}},{"type":"Feature","properties":{"nodeId":"treasure_box","group":"treasures","thglKey":"treasures/treasure_box","source":"thgl-nodes-raw-ascii"},"geometry":{"type":"Point","coordinates":[554.219301678855,7016.955517561027]}},{"type":"Feature","properties":{"nodeId":"treasure_box","group":"treasures","thglKey":"treasures/treasure_box","source":"thgl-nodes-raw-ascii"},"geometry":{"type":"Point","coordinates":[989.7731506849318,6258.23996704089]}},{"type":"Feature","properties":{"nodeId":"treasure_box","group":"treasures","thglKey":"treasures/treasure_box","source":"thgl-nodes-raw-ascii"},"geometry":{"type":"Point","coordinates":[1304.501538778453,6463.0990297661965]}},{"type":"Feature","properties":{"nodeId":"treasure_box","group":"treasures","thglKey":"treasures/treasure_box","source":"thgl-nodes-raw-ascii"},"geometry":{"type":"Point","coordinates":[1735.24599443815,6698.447115047894]}},{"type":"Feature","properties":{"nodeId":"treasure_box","group":"treasures","thglKey":"treasures/treasure_box","source":"thgl-nodes-raw-ascii"},"geometry":{"type":"Point","coordinates":[1056.045747244824,4907.661064991245]}},{"type":"Feature","properties":{"nodeId":"treasure_box","group":"treasures","thglKey":"treasures/treasure_box","source":"thgl-nodes-raw-ascii"},"geometry":{"type":"Point","coordinates":[2265.37192295808,5814.231710783809]}},{"type":"Feature","properties":{"nodeId":"treasure_box","group":"treasures","thglKey":"treasures/treasure_box","source":"thgl-nodes-raw-ascii"},"geometry":{"type":"Point","coordinates":[2911.3367308682664,6224.316868884541]}},{"type":"Feature","properties":{"nodeId":"treasure_box","group":"treasures","thglKey":"treasures/treasure_box","source":"thgl-nodes-raw-ascii"},"geometry":{"type":"Point","coordinates":[2617.478578638377,6103.504064270265]}},{"type":"Feature","properties":{"nodeId":"treasure_box","group":"treasures","thglKey":"treasures/treasure_box","source":"thgl-nodes-raw-ascii"},"geometry":{"type":"Point","coordinates":[1162.1561520238952,6754.198108971057]}},{"type":"Feature","properties":{"nodeId":"treasure_box","group":"treasures","thglKey":"treasures/treasure_box","source":"thgl-nodes-raw-ascii"},"geometry":{"type":"Point","coordinates":[1401.347533216603,4707.678895869812]}},{"type":"Feature","properties":{"nodeId":"treasure_box","group":"treasures","thglKey":"treasures/treasure_box","source":"thgl-nodes-raw-ascii"},"geometry":{"type":"Point","coordinates":[44.20423112575988,7002.63280667422]}},{"type":"Feature","properties":{"nodeId":"treasure_box","group":"treasures","thglKey":"treasures/treasure_box","source":"thgl-nodes-raw-ascii"},"geometry":{"type":"Point","coordinates":[259.98146050056647,6159.8878731074265]}},{"type":"Feature","properties":{"nodeId":"treasure_box","group":"treasures","thglKey":"treasures/treasure_box","source":"thgl-nodes-raw-ascii"},"geometry":{"type":"Point","coordinates":[310.27337109897996,7329.857179936142]}},{"type":"Feature","properties":{"nodeId":"treasure_box","group":"treasures","thglKey":"treasures/treasure_box","source":"thgl-nodes-raw-ascii"},"geometry":{"type":"Point","coordinates":[47.8787763930373,4330.563394788341]}},{"type":"Feature","properties":{"nodeId":"treasure_box","group":"treasures","thglKey":"treasures/treasure_box","source":"thgl-nodes-raw-ascii"},"geometry":{"type":"Point","coordinates":[312.62322381295735,4711.184690493356]}},{"type":"Feature","properties":{"nodeId":"treasure_box","group":"treasures","thglKey":"treasures/treasure_box","source":"thgl-nodes-raw-ascii"},"geometry":{"type":"Point","coordinates":[1384.0084045730766,6611.5700648882475]}},{"type":"Feature","properties":{"nodeId":"treasure_box","group":"treasures","thglKey":"treasures/treasure_box","source":"thgl-nodes-raw-ascii"},"geometry":{"type":"Point","coordinates":[1760.022807704192,6695.7681985786385]}},{"type":"Feature","properties":{"nodeId":"treasure_box","group":"treasures","thglKey":"treasures/treasure_box","source":"thgl-nodes-raw-ascii"},"geometry":{"type":"Point","coordinates":[1448.5006818415904,5869.784422700587]}},{"type":"Feature","properties":{"nodeId":"treasure_box","group":"treasures","thglKey":"treasures/treasure_box","source":"thgl-nodes-raw-ascii"},"geometry":{"type":"Point","coordinates":[1422.9602719126585,5887.899804305284]}},{"type":"Feature","properties":{"nodeId":"treasure_box","group":"treasures","thglKey":"treasures/treasure_box","source":"thgl-nodes-raw-ascii"},"geometry":{"type":"Point","coordinates":[1407.393025028324,5893.995921310125]}},{"type":"Feature","properties":{"nodeId":"treasure_box","group":"treasures","thglKey":"treasures/treasure_box","source":"thgl-nodes-raw-ascii"},"geometry":{"type":"Point","coordinates":[1363.2014502008444,5908.314413430838]}},{"type":"Feature","properties":{"nodeId":"treasure_box","group":"treasures","thglKey":"treasures/treasure_box","source":"thgl-nodes-raw-ascii"},"geometry":{"type":"Point","coordinates":[1374.4318055412502,5880.7616520753945]}},{"type":"Feature","properties":{"nodeId":"treasure_box","group":"treasures","thglKey":"treasures/treasure_box","source":"thgl-nodes-raw-ascii"},"geometry":{"type":"Point","coordinates":[1383.6793408177978,5965.6558821711815]}},{"type":"Feature","properties":{"nodeId":"treasure_box","group":"treasures","thglKey":"treasures/treasure_box","source":"thgl-nodes-raw-ascii"},"geometry":{"type":"Point","coordinates":[1399.5925265217838,5966.959480894016]}},{"type":"Feature","properties":{"nodeId":"treasure_box","group":"treasures","thglKey":"treasures/treasure_box","source":"thgl-nodes-raw-ascii"},"geometry":{"type":"Point","coordinates":[1378.5915089092596,5976.498111031002]}},{"type":"Feature","properties":{"nodeId":"treasure_box","group":"treasures","thglKey":"treasures/treasure_box","source":"thgl-nodes-raw-ascii"},"geometry":{"type":"Point","coordinates":[1498.0332145432074,5867.101287465238]}},{"type":"Feature","properties":{"nodeId":"treasure_box","group":"treasures","thglKey":"treasures/treasure_box","source":"thgl-nodes-raw-ascii"},"geometry":{"type":"Point","coordinates":[1501.8891667524979,5832.490530435679]}},{"type":"Feature","properties":{"nodeId":"treasure_box","group":"treasures","thglKey":"treasures/treasure_box","source":"thgl-nodes-raw-ascii"},"geometry":{"type":"Point","coordinates":[1478.010950664332,5855.672650118447]}},{"type":"Feature","properties":{"nodeId":"treasure_box","group":"treasures","thglKey":"treasures/treasure_box","source":"thgl-nodes-raw-ascii"},"geometry":{"type":"Point","coordinates":[1524.8139417035738,5921.046649500464]}},{"type":"Feature","properties":{"nodeId":"treasure_box","group":"treasures","thglKey":"treasures/treasure_box","source":"thgl-nodes-raw-ascii"},"geometry":{"type":"Point","coordinates":[1555.1764012771655,5910.335202389536]}},{"type":"Feature","properties":{"nodeId":"treasure_box","group":"treasures","thglKey":"treasures/treasure_box","source":"thgl-nodes-raw-ascii"},"geometry":{"type":"Point","coordinates":[1545.6546462045526,5918.042888042023]}},{"type":"Feature","properties":{"nodeId":"treasure_box","group":"treasures","thglKey":"treasures/treasure_box","source":"thgl-nodes-raw-ascii"},"geometry":{"type":"Point","coordinates":[1548.7765331136059,5938.141089710578]}},{"type":"Feature","properties":{"nodeId":"treasure_box","group":"treasures","thglKey":"treasures/treasure_box","source":"thgl-nodes-raw-ascii"},"geometry":{"type":"Point","coordinates":[1451.4833494695642,6017.217641363683]}},{"type":"Feature","properties":{"nodeId":"treasure_box","group":"treasures","thglKey":"treasures/treasure_box","source":"thgl-nodes-raw-ascii"},"geometry":{"type":"Point","coordinates":[1467.9618498300547,6029.021748892779]}},{"type":"Feature","properties":{"nodeId":"treasure_box","group":"treasures","thglKey":"treasures/treasure_box","source":"thgl-nodes-raw-ascii"},"geometry":{"type":"Point","coordinates":[1514.4231208157378,5978.902807704192]}},{"type":"Feature","properties":{"nodeId":"treasure_box","group":"treasures","thglKey":"treasures/treasure_box","source":"thgl-nodes-raw-ascii"},"geometry":{"type":"Point","coordinates":[1519.6375157070759,5974.629197651664]}},{"type":"Feature","properties":{"nodeId":"treasure_box","group":"treasures","thglKey":"treasures/treasure_box","source":"thgl-nodes-raw-ascii"},"geometry":{"type":"Point","coordinates":[1535.1456998661038,5975.937015140592]}},{"type":"Feature","properties":{"nodeId":"treasure_box","group":"treasures","thglKey":"treasures/treasure_box","source":"thgl-nodes-raw-ascii"},"geometry":{"type":"Point","coordinates":[1505.1882418374705,5965.7402574930475]}},{"type":"Feature","properties":{"nodeId":"treasure_box","group":"treasures","thglKey":"treasures/treasure_box","source":"thgl-nodes-raw-ascii"},"geometry":{"type":"Point","coordinates":[3126.890365640128,8329.363023998352]}},{"type":"Feature","properties":{"nodeId":"treasure_box","group":"treasures","thglKey":"treasures/treasure_box","source":"thgl-nodes-raw-ascii"},"geometry":{"type":"Point","coordinates":[3278.044535997528,6580.3596333299]}},{"type":"Feature","properties":{"nodeId":"treasure_box","group":"treasures","thglKey":"treasures/treasure_box","source":"thgl-nodes-raw-ascii"},"geometry":{"type":"Point","coordinates":[2644.5208692965293,6670.864822329798]}},{"type":"Feature","properties":{"nodeId":"treasure_box","group":"treasures","thglKey":"treasures/treasure_box","source":"thgl-nodes-raw-ascii"},"geometry":{"type":"Point","coordinates":[1356.2868925739006,6648.90614481409]}},{"type":"Feature","properties":{"nodeId":"treasure_box","group":"treasures","thglKey":"treasures/treasure_box","source":"thgl-nodes-raw-ascii"},"geometry":{"type":"Point","coordinates":[2772.826202492533,6055.220286332269]}},{"type":"Feature","properties":{"nodeId":"treasure_box","group":"treasures","thglKey":"treasures/treasure_box","source":"thgl-nodes-raw-ascii"},"geometry":{"type":"Point","coordinates":[2896.5457369451024,5940.655474302193]}},{"type":"Feature","properties":{"nodeId":"treasure_box","group":"treasures","thglKey":"treasures/treasure_box","source":"thgl-nodes-raw-ascii"},"geometry":{"type":"Point","coordinates":[2585.3442373055927,5934.449669378927]}},{"type":"Feature","properties":{"nodeId":"treasure_box","group":"treasures","thglKey":"treasures/treasure_box","source":"thgl-nodes-raw-ascii"},"geometry":{"type":"Point","coordinates":[2411.5099804305282,6415.853068287156]}},{"type":"Feature","properties":{"nodeId":"treasure_box","group":"treasures","thglKey":"treasures/treasure_box","source":"thgl-nodes-raw-ascii"},"geometry":{"type":"Point","coordinates":[1724.4164218766093,6380.795122051705]}},{"type":"Feature","properties":{"nodeId":"treasure_box","group":"treasures","thglKey":"treasures/treasure_box","source":"thgl-nodes-raw-ascii"},"geometry":{"type":"Point","coordinates":[2856.3873025028324,6547.546070656092]}},{"type":"Feature","properties":{"nodeId":"treasure_box","group":"treasures","thglKey":"treasures/treasure_box","source":"thgl-nodes-raw-ascii"},"geometry":{"type":"Point","coordinates":[2518.6919517973015,6575.170551035122]}},{"type":"Feature","properties":{"nodeId":"treasure_box","group":"treasures","thglKey":"treasures/treasure_box","source":"thgl-nodes-raw-ascii"},"geometry":{"type":"Point","coordinates":[2861.6860727160365,6762.791735503141]}},{"type":"Feature","properties":{"nodeId":"treasure_box","group":"treasures","thglKey":"treasures/treasure_box","source":"thgl-nodes-raw-ascii"},"geometry":{"type":"Point","coordinates":[2886.91007518797,7695.868888660007]}},{"type":"Feature","properties":{"nodeId":"treasure_box","group":"treasures","thglKey":"treasures/treasure_box","source":"thgl-nodes-raw-ascii"},"geometry":{"type":"Point","coordinates":[2637.3531857039857,7274.895095272428]}},{"type":"Feature","properties":{"nodeId":"treasure_box","group":"treasures","thglKey":"treasures/treasure_box","source":"thgl-nodes-raw-ascii"},"geometry":{"type":"Point","coordinates":[2130.5570336800906,7325.385287877228]}},{"type":"Feature","properties":{"nodeId":"treasure_box","group":"treasures","thglKey":"treasures/treasure_box","source":"thgl-nodes-raw-ascii"},"geometry":{"type":"Point","coordinates":[2854.214637964775,7563.838385003604]}},{"type":"Feature","properties":{"nodeId":"treasure_box","group":"treasures","thglKey":"treasures/treasure_box","source":"thgl-nodes-raw-ascii"},"geometry":{"type":"Point","coordinates":[1754.0996601091772,4454.61199299619]}},{"type":"Feature","properties":{"nodeId":"treasure_box","group":"treasures","thglKey":"treasures/treasure_box","source":"thgl-nodes-raw-ascii"},"geometry":{"type":"Point","coordinates":[1960.6546668039964,4539.122315377485]}},{"type":"Feature","properties":{"nodeId":"treasure_box","group":"treasures","thglKey":"treasures/treasure_box","source":"thgl-nodes-raw-ascii"},"geometry":{"type":"Point","coordinates":[1927.8832917911216,4665.579829024617]}},{"type":"Feature","properties":{"nodeId":"treasure_box","group":"treasures","thglKey":"treasures/treasure_box","source":"thgl-nodes-raw-ascii"},"geometry":{"type":"Point","coordinates":[1875.7899680708622,4687.336005767845]}},{"type":"Feature","properties":{"nodeId":"treasure_box","group":"treasures","thglKey":"treasures/treasure_box","source":"thgl-nodes-raw-ascii"},"geometry":{"type":"Point","coordinates":[2012.5075208569367,4731.211173138326]}},{"type":"Feature","properties":{"nodeId":"treasure_box","group":"treasures","thglKey":"treasures/treasure_box","source":"thgl-nodes-raw-ascii"},"geometry":{"type":"Point","coordinates":[2183.1355155010815,4895.316955402204]}},{"type":"Feature","properties":{"nodeId":"treasure_box","group":"treasures","thglKey":"treasures/treasure_box","source":"thgl-nodes-raw-ascii"},"geometry":{"type":"Point","coordinates":[2562.318211968277,4759.202686167473]}},{"type":"Feature","properties":{"nodeId":"treasure_box","group":"treasures","thglKey":"treasures/treasure_box","source":"thgl-nodes-raw-ascii"},"geometry":{"type":"Point","coordinates":[2571.211370892986,4896.211333813987]}},{"type":"Feature","properties":{"nodeId":"treasure_box","group":"treasures","thglKey":"treasures/treasure_box","source":"thgl-nodes-raw-ascii"},"geometry":{"type":"Point","coordinates":[3043.498016273561,4735.484783190855]}},{"type":"Feature","properties":{"nodeId":"treasure_box","group":"treasures","thglKey":"treasures/treasure_box","source":"thgl-nodes-raw-ascii"},"geometry":{"type":"Point","coordinates":[3399.907813369039,4520.530213204243]}},{"type":"Feature","properties":{"nodeId":"treasure_box","group":"treasures","thglKey":"treasures/treasure_box","source":"thgl-nodes-raw-ascii"},"geometry":{"type":"Point","coordinates":[3273.268892779895,4860.495260067979]}},{"type":"Feature","properties":{"nodeId":"treasure_box","group":"treasures","thglKey":"treasures/treasure_box","source":"thgl-nodes-raw-ascii"},"geometry":{"type":"Point","coordinates":[3299.0202410134925,5013.370686991451]}},{"type":"Feature","properties":{"nodeId":"treasure_box","group":"treasures","thglKey":"treasures/treasure_box","source":"thgl-nodes-raw-ascii"},"geometry":{"type":"Point","coordinates":[2948.655935729735,5223.4441446080955]}},{"type":"Feature","properties":{"nodeId":"treasure_box","group":"treasures","thglKey":"treasures/treasure_box","source":"thgl-nodes-raw-ascii"},"geometry":{"type":"Point","coordinates":[2904.2492038314963,5254.924577196415]}},{"type":"Feature","properties":{"nodeId":"treasure_box","group":"treasures","thglKey":"treasures/treasure_box","source":"thgl-nodes-raw-ascii"},"geometry":{"type":"Point","coordinates":[2888.1335173550315,5298.719588011124]}},{"type":"Feature","properties":{"nodeId":"treasure_box","group":"treasures","thglKey":"treasures/treasure_box","source":"thgl-nodes-raw-ascii"},"geometry":{"type":"Point","coordinates":[1751.4966814296015,4835.912510042229]}},{"type":"Feature","properties":{"nodeId":"treasure_box","group":"treasures","thglKey":"treasures/treasure_box","source":"thgl-nodes-raw-ascii"},"geometry":{"type":"Point","coordinates":[2400.870252343187,5810.05935111752]}},{"type":"Feature","properties":{"nodeId":"treasure_box","group":"treasures","thglKey":"treasures/treasure_box","source":"thgl-nodes-raw-ascii"},"geometry":{"type":"Point","coordinates":[2380.540018539499,5778.562043464826]}},{"type":"Feature","properties":{"nodeId":"treasure_box","group":"treasures","thglKey":"treasures/treasure_box","source":"thgl-nodes-raw-ascii"},"geometry":{"type":"Point","coordinates":[2431.232711916778,5590.582263878876]}},{"type":"Feature","properties":{"nodeId":"treasure_box","group":"treasures","thglKey":"treasures/treasure_box","source":"thgl-nodes-raw-ascii"},"geometry":{"type":"Point","coordinates":[2433.1480317231435,5485.463269131734]}},{"type":"Feature","properties":{"nodeId":"treasure_box","group":"treasures","thglKey":"treasures/treasure_box","source":"thgl-nodes-raw-ascii"},"geometry":{"type":"Point","coordinates":[2040.6509094654443,5326.922039344938]}},{"type":"Feature","properties":{"nodeId":"treasure_box","group":"treasures","thglKey":"treasures/treasure_box","source":"thgl-nodes-raw-ascii"},"geometry":{"type":"Point","coordinates":[2333.538745493872,5224.140241013492]}},{"type":"Feature","properties":{"nodeId":"treasure_box","group":"treasures","thglKey":"treasures/treasure_box","source":"thgl-nodes-raw-ascii"},"geometry":{"type":"Point","coordinates":[2272.822263878875,5240.420459367598]}},{"type":"Feature","properties":{"nodeId":"treasure_box","group":"treasures","thglKey":"treasures/treasure_box","source":"thgl-nodes-raw-ascii"},"geometry":{"type":"Point","coordinates":[2272.1177299412916,5185.323374188897]}},{"type":"Feature","properties":{"nodeId":"treasure_box","group":"treasures","thglKey":"treasures/treasure_box","source":"thgl-nodes-raw-ascii"},"geometry":{"type":"Point","coordinates":[1724.4965784323824,4719.976599031826]}},{"type":"Feature","properties":{"nodeId":"treasure_box","group":"treasures","thglKey":"treasures/treasure_box","source":"thgl-nodes-raw-ascii"},"geometry":{"type":"Point","coordinates":[2221.851131939438,5124.446579462355]}},{"type":"Feature","properties":{"nodeId":"treasure_box","group":"treasures","thglKey":"treasures/treasure_box","source":"thgl-nodes-raw-ascii"},"geometry":{"type":"Point","coordinates":[1791.2458955608197,5234.712468843341]}},{"type":"Feature","properties":{"nodeId":"treasure_box","group":"treasures","thglKey":"treasures/treasure_box","source":"thgl-nodes-raw-ascii"},"geometry":{"type":"Point","coordinates":[1234.5079905242558,4419.351545988258]}},{"type":"Feature","properties":{"nodeId":"treasure_box","group":"treasures","thglKey":"treasures/treasure_box","source":"thgl-nodes-raw-ascii"},"geometry":{"type":"Point","coordinates":[1727.3231517149038,5607.9382675867755]}},{"type":"Feature","properties":{"nodeId":"treasure_box","group":"treasures","thglKey":"treasures/treasure_box","source":"thgl-nodes-raw-ascii"},"geometry":{"type":"Point","coordinates":[840.8422700587086,5266.753997322073]}},{"type":"Feature","properties":{"nodeId":"treasure_box","group":"treasures","thglKey":"treasures/treasure_box","source":"thgl-nodes-raw-ascii"},"geometry":{"type":"Point","coordinates":[879.2203852095993,5358.7863796477495]}},{"type":"Feature","properties":{"nodeId":"treasure_box","group":"treasures","thglKey":"treasures/treasure_box","source":"thgl-nodes-raw-ascii"},"geometry":{"type":"Point","coordinates":[1196.091906478525,5312.586672159851]}},{"type":"Feature","properties":{"nodeId":"treasure_box","group":"treasures","thglKey":"treasures/treasure_box","source":"thgl-nodes-raw-ascii"},"geometry":{"type":"Point","coordinates":[1635.3413945823465,4887.470050468637]}},{"type":"Feature","properties":{"nodeId":"treasure_box","group":"treasures","thglKey":"treasures/treasure_box","source":"thgl-nodes-raw-ascii"},"geometry":{"type":"Point","coordinates":[1789.001511999176,5256.11426923473]}},{"type":"Feature","properties":{"nodeId":"treasure_box","group":"treasures","thglKey":"treasures/treasure_box","source":"thgl-nodes-raw-ascii"},"geometry":{"type":"Point","coordinates":[1992.9408837161395,5356.023087856627]}},{"type":"Feature","properties":{"nodeId":"treasure_box","group":"treasures","thglKey":"treasures/treasure_box","source":"thgl-nodes-raw-ascii"},"geometry":{"type":"Point","coordinates":[1400.3645607168605,5409.90094963436]}},{"type":"Feature","properties":{"nodeId":"treasure_box","group":"treasures","thglKey":"treasures/treasure_box","source":"thgl-nodes-raw-ascii"},"geometry":{"type":"Point","coordinates":[2086.918117210835,5521.955595838913]}},{"type":"Feature","properties":{"nodeId":"treasure_box","group":"treasures","thglKey":"treasures/treasure_box","source":"thgl-nodes-raw-ascii"},"geometry":{"type":"Point","coordinates":[2104.5061530538674,5698.063767638274]}},{"type":"Feature","properties":{"nodeId":"treasure_box","group":"treasures","thglKey":"treasures/treasure_box","source":"thgl-nodes-raw-ascii"},"geometry":{"type":"Point","coordinates":[2109.070857966835,5705.180826037697]}},{"type":"Feature","properties":{"nodeId":"treasure_box","group":"treasures","thglKey":"treasures/treasure_box","source":"thgl-nodes-raw-ascii"},"geometry":{"type":"Point","coordinates":[1861.1381934287774,5596.737443609023]}},{"type":"Feature","properties":{"nodeId":"treasure_box","group":"treasures","thglKey":"treasures/treasure_box","source":"thgl-nodes-raw-ascii"},"geometry":{"type":"Point","coordinates":[1494.860702441034,5612.262502832424]}},{"type":"Feature","properties":{"nodeId":"treasure_box","group":"treasures","thglKey":"treasures/treasure_box","source":"thgl-nodes-raw-ascii"},"geometry":{"type":"Point","coordinates":[846.9847934905757,5745.672543001338]}},{"type":"Feature","properties":{"nodeId":"treasure_box","group":"treasures","thglKey":"treasures/treasure_box","source":"thgl-nodes-raw-ascii"},"geometry":{"type":"Point","coordinates":[858.5484313523534,5881.508373673911]}},{"type":"Feature","properties":{"nodeId":"treasure_box","group":"treasures","thglKey":"treasures/treasure_box","source":"thgl-nodes-raw-ascii"},"geometry":{"type":"Point","coordinates":[1189.6836007827787,5733.049994850139]}},{"type":"Feature","properties":{"nodeId":"treasure_box","group":"treasures","thglKey":"treasures/treasure_box","source":"thgl-nodes-raw-ascii"},"geometry":{"type":"Point","coordinates":[1520.7133010608716,5749.604433000309]}},{"type":"Feature","properties":{"nodeId":"treasure_box","group":"treasures","thglKey":"treasures/treasure_box","source":"thgl-nodes-raw-ascii"},"geometry":{"type":"Point","coordinates":[1845.7101658255226,5864.574246575343]}},{"type":"Feature","properties":{"nodeId":"treasure_box","group":"treasures","thglKey":"treasures/treasure_box","source":"thgl-nodes-raw-ascii"},"geometry":{"type":"Point","coordinates":[1960.5365413533837,6105.858135750334]}},{"type":"Feature","properties":{"nodeId":"treasure_box","group":"treasures","thglKey":"treasures/treasure_box","source":"thgl-nodes-raw-ascii"},"geometry":{"type":"Point","coordinates":[1524.6915974868677,6036.265370275003]}},{"type":"Feature","properties":{"nodeId":"treasure_box","group":"treasures","thglKey":"treasures/treasure_box","source":"thgl-nodes-raw-ascii"},"geometry":{"type":"Point","coordinates":[1419.0536945102483,6201.674751261716]}},{"type":"Feature","properties":{"nodeId":"treasure_box","group":"treasures","thglKey":"treasures/treasure_box","source":"thgl-nodes-raw-ascii"},"geometry":{"type":"Point","coordinates":[970.670577814399,6154.918166649501]}},{"type":"Feature","properties":{"nodeId":"treasure_box","group":"treasures","thglKey":"treasures/treasure_box","source":"thgl-nodes-raw-ascii"},"geometry":{"type":"Point","coordinates":[874.3097414769802,6225.860937274694]}},{"type":"Feature","properties":{"nodeId":"treasure_box","group":"treasures","thglKey":"treasures/treasure_box","source":"thgl-nodes-raw-ascii"},"geometry":{"type":"Point","coordinates":[1452.7574168297458,5547.2470985683385]}},{"type":"Feature","properties":{"nodeId":"treasure_box","group":"treasures","thglKey":"treasures/treasure_box","source":"thgl-nodes-raw-ascii"},"geometry":{"type":"Point","coordinates":[1416.4802471933256,5510.543833556494]}},{"type":"Feature","properties":{"nodeId":"treasure_box","group":"treasures","thglKey":"treasures/treasure_box","source":"thgl-nodes-raw-ascii"},"geometry":{"type":"Point","coordinates":[1408.9286558862912,5509.86461221547]}},{"type":"Feature","properties":{"nodeId":"treasure_box","group":"treasures","thglKey":"treasures/treasure_box","source":"thgl-nodes-raw-ascii"},"geometry":{"type":"Point","coordinates":[1020.8148315995471,5712.989762076424]}},{"type":"Feature","properties":{"nodeId":"treasure_box","group":"treasures","thglKey":"treasures/treasure_box","source":"thgl-nodes-raw-ascii"},"geometry":{"type":"Point","coordinates":[1359.3454979915543,5459.863796477495]}},{"type":"Feature","properties":{"nodeId":"treasure_box","group":"treasures","thglKey":"treasures/treasure_box","source":"thgl-nodes-raw-ascii"},"geometry":{"type":"Point","coordinates":[1548.455906890514,4672.363604902667]}},{"type":"Feature","properties":{"nodeId":"treasure_box","group":"treasures","thglKey":"treasures/treasure_box","source":"thgl-nodes-raw-ascii"},"geometry":{"type":"Point","coordinates":[1426.061064991245,4593.227990524256]}},{"type":"Feature","properties":{"nodeId":"treasure_box","group":"treasures","thglKey":"treasures/treasure_box","source":"thgl-nodes-raw-ascii"},"geometry":{"type":"Point","coordinates":[1102.5112369966012,4216.656710268823]}},{"type":"Feature","properties":{"nodeId":"treasure_box","group":"treasures","thglKey":"treasures/treasure_box","source":"thgl-nodes-raw-ascii"},"geometry":{"type":"Point","coordinates":[1612.5094324853228,4687.2305366155115]}},{"type":"Feature","properties":{"nodeId":"treasure_box","group":"treasures","thglKey":"treasures/treasure_box","source":"thgl-nodes-raw-ascii"},"geometry":{"type":"Point","coordinates":[2083.9649809455145,6002.190396539294]}},{"type":"Feature","properties":{"nodeId":"treasure_box","group":"treasures","thglKey":"treasures/treasure_box","source":"thgl-nodes-raw-ascii"},"geometry":{"type":"Point","coordinates":[-100.05225666906988,3864.377085178701]}},{"type":"Feature","properties":{"nodeId":"treasure_box","group":"treasures","thglKey":"treasures/treasure_box","source":"thgl-nodes-raw-ascii"},"geometry":{"type":"Point","coordinates":[-225.8896117004843,4397.738807292203]}},{"type":"Feature","properties":{"nodeId":"treasure_box","group":"treasures","thglKey":"treasures/treasure_box","source":"thgl-nodes-raw-ascii"},"geometry":{"type":"Point","coordinates":[-491.46937480687984,4665.752798434442]}},{"type":"Feature","properties":{"nodeId":"treasure_box","group":"treasures","thglKey":"treasures/treasure_box","source":"thgl-nodes-raw-ascii"},"geometry":{"type":"Point","coordinates":[-502.47613554433997,5400.092318467401]}},{"type":"Feature","properties":{"nodeId":"treasure_box","group":"treasures","thglKey":"treasures/treasure_box","source":"thgl-nodes-raw-ascii"},"geometry":{"type":"Point","coordinates":[-641.7502605829644,5690.343425687506]}},{"type":"Feature","properties":{"nodeId":"treasure_box","group":"treasures","thglKey":"treasures/treasure_box","source":"thgl-nodes-raw-ascii"},"geometry":{"type":"Point","coordinates":[-566.124659594191,5827.609418065713]}},{"type":"Feature","properties":{"nodeId":"treasure_box","group":"treasures","thglKey":"treasures/treasure_box","source":"thgl-nodes-raw-ascii"},"geometry":{"type":"Point","coordinates":[-275.9621464620452,6048.436510454218]}},{"type":"Feature","properties":{"nodeId":"treasure_box","group":"treasures","thglKey":"treasures/treasure_box","source":"thgl-nodes-raw-ascii"},"geometry":{"type":"Point","coordinates":[-299.76020599443854,5576.854399011227]}},{"type":"Feature","properties":{"nodeId":"treasure_box","group":"treasures","thglKey":"treasures/treasure_box","source":"thgl-nodes-raw-ascii"},"geometry":{"type":"Point","coordinates":[-98.87522092903525,5544.893027088268]}},{"type":"Feature","properties":{"nodeId":"treasure_box","group":"treasures","thglKey":"treasures/treasure_box","source":"thgl-nodes-raw-ascii"},"geometry":{"type":"Point","coordinates":[-101.59632505922328,4965.67753630652]}},{"type":"Feature","properties":{"nodeId":"treasure_box","group":"treasures","thglKey":"treasures/treasure_box","source":"thgl-nodes-raw-ascii"},"geometry":{"type":"Point","coordinates":[-74.54137810279144,4867.122941600577]}},{"type":"Feature","properties":{"nodeId":"treasure_box","group":"treasures","thglKey":"treasures/treasure_box","source":"thgl-nodes-raw-ascii"},"geometry":{"type":"Point","coordinates":[388.9744525697807,4876.902041404882]}},{"type":"Feature","properties":{"nodeId":"treasure_box","group":"treasures","thglKey":"treasures/treasure_box","source":"thgl-nodes-raw-ascii"},"geometry":{"type":"Point","coordinates":[535.0028221238025,4570.433997322072]}},{"type":"Feature","properties":{"nodeId":"treasure_box","group":"treasures","thglKey":"treasures/treasure_box","source":"thgl-nodes-raw-ascii"},"geometry":{"type":"Point","coordinates":[502.6195735915128,4594.358619837265]}},{"type":"Feature","properties":{"nodeId":"treasure_box","group":"treasures","thglKey":"treasures/treasure_box","source":"thgl-nodes-raw-ascii"},"geometry":{"type":"Point","coordinates":[447.577332372026,4683.349271809661]}},{"type":"Feature","properties":{"nodeId":"treasure_box","group":"treasures","thglKey":"treasures/treasure_box","source":"thgl-nodes-raw-ascii"},"geometry":{"type":"Point","coordinates":[521.5196456895666,4734.586186012978]}},{"type":"Feature","properties":{"nodeId":"treasure_box","group":"treasures","thglKey":"treasures/treasure_box","source":"thgl-nodes-raw-ascii"},"geometry":{"type":"Point","coordinates":[525.0085652487379,4852.652573900505]}},{"type":"Feature","properties":{"nodeId":"treasure_box","group":"treasures","thglKey":"treasures/treasure_box","source":"thgl-nodes-raw-ascii"},"geometry":{"type":"Point","coordinates":[536.0322010505716,4858.115875991348]}},{"type":"Feature","properties":{"nodeId":"treasure_box","group":"treasures","thglKey":"treasures/treasure_box","source":"thgl-nodes-raw-ascii"},"geometry":{"type":"Point","coordinates":[577.7811103100213,4825.46684519518]}},{"type":"Feature","properties":{"nodeId":"treasure_box","group":"treasures","thglKey":"treasures/treasure_box","source":"thgl-nodes-raw-ascii"},"geometry":{"type":"Point","coordinates":[780.5518838191371,4774.854308373674]}},{"type":"Feature","properties":{"nodeId":"treasure_box","group":"treasures","thglKey":"treasures/treasure_box","source":"thgl-nodes-raw-ascii"},"geometry":{"type":"Point","coordinates":[778.4087506437329,5156.137950355341]}},{"type":"Feature","properties":{"nodeId":"treasure_box","group":"treasures","thglKey":"treasures/treasure_box","source":"thgl-nodes-raw-ascii"},"geometry":{"type":"Point","coordinates":[167.07579359357325,5321.332174271294]}},{"type":"Feature","properties":{"nodeId":"treasure_box","group":"treasures","thglKey":"treasures/treasure_box","source":"thgl-nodes-raw-ascii"},"geometry":{"type":"Point","coordinates":[172.41253270161718,5327.8459491193735]}},{"type":"Feature","properties":{"nodeId":"treasure_box","group":"treasures","thglKey":"treasures/treasure_box","source":"thgl-nodes-raw-ascii"},"geometry":{"type":"Point","coordinates":[241.00966937892704,5536.71283963333]}},{"type":"Feature","properties":{"nodeId":"treasure_box","group":"treasures","thglKey":"treasures/treasure_box","source":"thgl-nodes-raw-ascii"},"geometry":{"type":"Point","coordinates":[350.3769615820375,5596.72056854465]}},{"type":"Feature","properties":{"nodeId":"treasure_box","group":"treasures","thglKey":"treasures/treasure_box","source":"thgl-nodes-raw-ascii"},"geometry":{"type":"Point","coordinates":[419.23988052322585,5604.2763786177775]}},{"type":"Feature","properties":{"nodeId":"treasure_box","group":"treasures","thglKey":"treasures/treasure_box","source":"thgl-nodes-raw-ascii"},"geometry":{"type":"Point","coordinates":[235.15824080749815,5791.416623751159]}},{"type":"Feature","properties":{"nodeId":"treasure_box","group":"treasures","thglKey":"treasures/treasure_box","source":"thgl-nodes-raw-ascii"},"geometry":{"type":"Point","coordinates":[696.800939334638,5698.5742383355655]}},{"type":"Feature","properties":{"nodeId":"treasure_box","group":"treasures","thglKey":"treasures/treasure_box","source":"thgl-nodes-raw-ascii"},"geometry":{"type":"Point","coordinates":[791.8708332475024,6545.972470903285]}},{"type":"Feature","properties":{"nodeId":"treasure_box","group":"treasures","thglKey":"treasures/treasure_box","source":"thgl-nodes-raw-ascii"},"geometry":{"type":"Point","coordinates":[332.8142383355647,6485.061926047997]}},{"type":"Feature","properties":{"nodeId":"treasure_box","group":"treasures","thglKey":"treasures/treasure_box","source":"thgl-nodes-raw-ascii"},"geometry":{"type":"Point","coordinates":[321.7399773406116,6631.647172726336]}},{"type":"Feature","properties":{"nodeId":"treasure_box","group":"treasures","thglKey":"treasures/treasure_box","source":"thgl-nodes-raw-ascii"},"geometry":{"type":"Point","coordinates":[316.8377711401794,6645.244255845092]}},{"type":"Feature","properties":{"nodeId":"treasure_box","group":"treasures","thglKey":"treasures/treasure_box","source":"thgl-nodes-raw-ascii"},"geometry":{"type":"Point","coordinates":[-83.02109795035571,6771.541456380678]}},{"type":"Feature","properties":{"nodeId":"treasure_box","group":"treasures","thglKey":"treasures/treasure_box","source":"thgl-nodes-raw-ascii"},"geometry":{"type":"Point","coordinates":[-66.14603357709379,6932.445195179731]}},{"type":"Feature","properties":{"nodeId":"treasure_box","group":"treasures","thglKey":"treasures/treasure_box","source":"thgl-nodes-raw-ascii"},"geometry":{"type":"Point","coordinates":[483.90934596765925,6892.295198269647]}},{"type":"Feature","properties":{"nodeId":"treasure_box","group":"treasures","thglKey":"treasures/treasure_box","source":"thgl-nodes-raw-ascii"},"geometry":{"type":"Point","coordinates":[512.5210176125247,6972.936912143373]}},{"type":"Feature","properties":{"nodeId":"treasure_box","group":"treasures","thglKey":"treasures/treasure_box","source":"thgl-nodes-raw-ascii"},"geometry":{"type":"Point","coordinates":[569.832954990215,6931.888318055413]}},{"type":"Feature","properties":{"nodeId":"treasure_box","group":"treasures","thglKey":"treasures/treasure_box","source":"thgl-nodes-raw-ascii"},"geometry":{"type":"Point","coordinates":[666.0545720465551,7045.33515707076]}},{"type":"Feature","properties":{"nodeId":"treasure_box","group":"treasures","thglKey":"treasures/treasure_box","source":"thgl-nodes-raw-ascii"},"geometry":{"type":"Point","coordinates":[650.930295602019,7093.332058914409]}},{"type":"Feature","properties":{"nodeId":"treasure_box","group":"treasures","thglKey":"treasures/treasure_box","source":"thgl-nodes-raw-ascii"},"geometry":{"type":"Point","coordinates":[622.7911257596044,7136.030190544856]}},{"type":"Feature","properties":{"nodeId":"treasure_box","group":"treasures","thglKey":"treasures/treasure_box","source":"thgl-nodes-raw-ascii"},"geometry":{"type":"Point","coordinates":[394.8174436090228,7146.226948192399]}},{"type":"Feature","properties":{"nodeId":"treasure_box","group":"treasures","thglKey":"treasures/treasure_box","source":"thgl-nodes-raw-ascii"},"geometry":{"type":"Point","coordinates":[249.2573570913585,7288.631397672262]}},{"type":"Feature","properties":{"nodeId":"treasure_box","group":"treasures","thglKey":"treasures/treasure_box","source":"thgl-nodes-raw-ascii"},"geometry":{"type":"Point","coordinates":[677.9050860026775,7344.264266144814]}},{"type":"Feature","properties":{"nodeId":"treasure_box","group":"treasures","thglKey":"treasures/treasure_box","source":"thgl-nodes-raw-ascii"},"geometry":{"type":"Point","coordinates":[292.78236687609433,5303.52476259141]}},{"type":"Feature","properties":{"nodeId":"treasure_box","group":"treasures","thglKey":"treasures/treasure_box","source":"thgl-nodes-raw-ascii"},"geometry":{"type":"Point","coordinates":[3095.760090637553,8330.303808837161]}},{"type":"Feature","properties":{"nodeId":"treasure_box","group":"treasures","thglKey":"treasures/treasure_box","source":"thgl-nodes-raw-ascii"},"geometry":{"type":"Point","coordinates":[2573.0338778452983,5716.660088577608]}},{"type":"Feature","properties":{"nodeId":"treasure_box","group":"treasures","thglKey":"treasures/treasure_box","source":"thgl-nodes-raw-ascii"},"geometry":{"type":"Point","coordinates":[2053.9864290864143,4979.143837676383]}},{"type":"Feature","properties":{"nodeId":"treasure_box","group":"treasures","thglKey":"treasures/treasure_box","source":"thgl-nodes-raw-ascii"},"geometry":{"type":"Point","coordinates":[2397.1197692862293,4971.1830260582965]}},{"type":"Feature","properties":{"nodeId":"treasure_box","group":"treasures","thglKey":"treasures/treasure_box","source":"thgl-nodes-raw-ascii"},"geometry":{"type":"Point","coordinates":[2391.8125615408385,4834.397973014728]}},{"type":"Feature","properties":{"nodeId":"treasure_box","group":"treasures","thglKey":"treasures/treasure_box","source":"thgl-nodes-raw-ascii"},"geometry":{"type":"Point","coordinates":[1244.7722484292922,6281.257554846019]}},{"type":"Feature","properties":{"nodeId":"treasure_box","group":"treasures","thglKey":"treasures/treasure_box","source":"thgl-nodes-raw-ascii"},"geometry":{"type":"Point","coordinates":[1132.958071892059,6115.940986713359]}},{"type":"Feature","properties":{"nodeId":"treasure_box","group":"treasures","thglKey":"treasures/treasure_box","source":"thgl-nodes-raw-ascii"},"geometry":{"type":"Point","coordinates":[1186.810621073231,6199.940838397363]}},{"type":"Feature","properties":{"nodeId":"treasure_box","group":"treasures","thglKey":"treasures/treasure_box","source":"thgl-nodes-raw-ascii"},"geometry":{"type":"Point","coordinates":[1325.5827129467502,6529.83147183026]}},{"type":"Feature","properties":{"nodeId":"treasure_box","group":"treasures","thglKey":"treasures/treasure_box","source":"thgl-nodes-raw-ascii"},"geometry":{"type":"Point","coordinates":[1202.2723988052321,4337.292326707179]}},{"type":"Feature","properties":{"nodeId":"treasure_box","group":"treasures","thglKey":"treasures/treasure_box","source":"thgl-nodes-raw-ascii"},"geometry":{"type":"Point","coordinates":[1279.3112864352663,4428.147673292821]}},{"type":"Feature","properties":{"nodeId":"treasure_box","group":"treasures","thglKey":"treasures/treasure_box","source":"thgl-nodes-raw-ascii"},"geometry":{"type":"Point","coordinates":[965.3718076011951,5083.478141930168]}},{"type":"Feature","properties":{"nodeId":"treasure_box","group":"treasures","thglKey":"treasures/treasure_box","source":"thgl-nodes-raw-ascii"},"geometry":{"type":"Point","coordinates":[1487.5622370995984,5110.322150581935]}},{"type":"Feature","properties":{"nodeId":"treasure_box","group":"treasures","thglKey":"treasures/treasure_box","source":"thgl-nodes-raw-ascii"},"geometry":{"type":"Point","coordinates":[1655.2413142445155,5201.578279946441]}},{"type":"Feature","properties":{"nodeId":"treasure_box","group":"treasures","thglKey":"treasures/treasure_box","source":"thgl-nodes-raw-ascii"},"geometry":{"type":"Point","coordinates":[1920.892796374498,5325.546721598516]}},{"type":"Feature","properties":{"nodeId":"treasure_box","group":"treasures","thglKey":"treasures/treasure_box","source":"thgl-nodes-raw-ascii"},"geometry":{"type":"Point","coordinates":[2335.50890925945,5893.228105881141]}},{"type":"Feature","properties":{"nodeId":"treasure_box","group":"treasures","thglKey":"treasures/treasure_box","source":"thgl-nodes-raw-ascii"},"geometry":{"type":"Point","coordinates":[2762.734913997322,6397.379091564528]}},{"type":"Feature","properties":{"nodeId":"treasure_box","group":"treasures","thglKey":"treasures/treasure_box","source":"thgl-nodes-raw-ascii"},"geometry":{"type":"Point","coordinates":[555.8139952621277,6013.315282727366]}},{"type":"Feature","properties":{"nodeId":"treasure_box","group":"treasures","thglKey":"treasures/treasure_box","source":"thgl-nodes-raw-ascii"},"geometry":{"type":"Point","coordinates":[-223.70007209805334,5541.674108559069]}},{"type":"Feature","properties":{"nodeId":"treasure_box","group":"treasures","thglKey":"treasures/treasure_box","source":"thgl-nodes-raw-ascii"},"geometry":{"type":"Point","coordinates":[286.98578226387895,6256.780273972603]}},{"type":"Feature","properties":{"nodeId":"treasure_box","group":"treasures","thglKey":"treasures/treasure_box","source":"thgl-nodes-raw-ascii"},"geometry":{"type":"Point","coordinates":[768.3005870841486,5496.575499021526]}},{"type":"Feature","properties":{"nodeId":"treasure_box","group":"treasures","thglKey":"treasures/treasure_box","source":"thgl-nodes-raw-ascii"},"geometry":{"type":"Point","coordinates":[-214.97988258317022,5139.549762076424]}},{"type":"Feature","properties":{"nodeId":"treasure_box","group":"treasures","thglKey":"treasures/treasure_box","source":"thgl-nodes-raw-ascii"},"geometry":{"type":"Point","coordinates":[-181.39428571428545,5075.129203831496]}},{"type":"Feature","properties":{"nodeId":"treasure_box","group":"treasures","thglKey":"treasures/treasure_box","source":"thgl-nodes-raw-ascii"},"geometry":{"type":"Point","coordinates":[722.9193202183541,5670.451943557524]}},{"type":"Feature","properties":{"nodeId":"treasure_box","group":"treasures","thglKey":"treasures/treasure_box","source":"thgl-nodes-raw-ascii"},"geometry":{"type":"Point","coordinates":[672.9860047378718,5709.091622206201]}},{"type":"Feature","properties":{"nodeId":"treasure_box","group":"treasures","thglKey":"treasures/treasure_box","source":"thgl-nodes-raw-ascii"},"geometry":{"type":"Point","coordinates":[-114.94871974456662,4711.501097950355]}},{"type":"Feature","properties":{"nodeId":"treasure_box","group":"treasures","thglKey":"treasures/treasure_box","source":"thgl-nodes-raw-ascii"},"geometry":{"type":"Point","coordinates":[-429.28476259140984,5291.632060974353]}},{"type":"Feature","properties":{"nodeId":"treasure_box","group":"treasures","thglKey":"treasures/treasure_box","source":"thgl-nodes-raw-ascii"},"geometry":{"type":"Point","coordinates":[-554.9491482129984,4873.856092285508]}},{"type":"Feature","properties":{"nodeId":"treasure_box","group":"treasures","thglKey":"treasures/treasure_box","source":"thgl-nodes-raw-ascii"},"geometry":{"type":"Point","coordinates":[-160.31733031208168,5333.638314965496]}},{"type":"Feature","properties":{"nodeId":"treasure_box","group":"treasures","thglKey":"treasures/treasure_box","source":"thgl-nodes-raw-ascii"},"geometry":{"type":"Point","coordinates":[54.126768977237305,4658.2012071274075]}},{"type":"Feature","properties":{"nodeId":"treasure_box","group":"treasures","thglKey":"treasures/treasure_box","source":"thgl-nodes-raw-ascii"},"geometry":{"type":"Point","coordinates":[54.51911422391577,5012.79693480276]}},{"type":"Feature","properties":{"nodeId":"treasure_box","group":"treasures","thglKey":"treasures/treasure_box","source":"thgl-nodes-raw-ascii"},"geometry":{"type":"Point","coordinates":[143.81773612112457,4380.230928004944]}},{"type":"Feature","properties":{"nodeId":"treasure_box","group":"treasures","thglKey":"treasures/treasure_box","source":"thgl-nodes-raw-ascii"},"geometry":{"type":"Point","coordinates":[156.6216912143372,4176.726089195592]}},{"type":"Feature","properties":{"nodeId":"treasure_box","group":"treasures","thglKey":"treasures/treasure_box","source":"thgl-nodes-raw-ascii"},"geometry":{"type":"Point","coordinates":[803.4850963023995,5044.572681017612]}},{"type":"Feature","properties":{"nodeId":"treasure_box","group":"treasures","thglKey":"treasures/treasure_box","source":"thgl-nodes-raw-ascii"},"geometry":{"type":"Point","coordinates":[-203.7959336697908,7321.596835925431]}},{"type":"Feature","properties":{"nodeId":"treasure_box","group":"treasures","thglKey":"treasures/treasure_box","source":"thgl-nodes-raw-ascii"},"geometry":{"type":"Point","coordinates":[-76.5157606344632,7269.351636625812]}},{"type":"Feature","properties":{"nodeId":"treasure_box","group":"treasures","thglKey":"treasures/treasure_box","source":"thgl-nodes-raw-ascii"},"geometry":{"type":"Point","coordinates":[498.7298712534762,7161.224661654135]}},{"type":"Feature","properties":{"nodeId":"treasure_box","group":"treasures","thglKey":"treasures/treasure_box","source":"thgl-nodes-raw-ascii"},"geometry":{"type":"Point","coordinates":[347.27194973735703,6989.22134926357]}},{"type":"Feature","properties":{"nodeId":"treasure_box","group":"treasures","thglKey":"treasures/treasure_box","source":"thgl-nodes-raw-ascii"},"geometry":{"type":"Point","coordinates":[2536.0901431661346,5812.670767329282]}},{"type":"Feature","properties":{"nodeId":"treasure_box","group":"treasures","thglKey":"treasures/treasure_box","source":"thgl-nodes-raw-ascii"},"geometry":{"type":"Point","coordinates":[2740.712954990215,6060.459993820166]}},{"type":"Feature","properties":{"nodeId":"treasure_box","group":"treasures","thglKey":"treasures/treasure_box","source":"thgl-nodes-raw-ascii"},"geometry":{"type":"Point","coordinates":[2857.9651210217326,6084.557585745185]}},{"type":"Feature","properties":{"nodeId":"treasure_box","group":"treasures","thglKey":"treasures/treasure_box","source":"thgl-nodes-raw-ascii"},"geometry":{"type":"Point","coordinates":[2315.718677515707,5795.749296528994]}},{"type":"Feature","properties":{"nodeId":"treasure_box","group":"treasures","thglKey":"treasures/treasure_box","source":"thgl-nodes-raw-ascii"},"geometry":{"type":"Point","coordinates":[254.42956432176337,5286.742511072201]}},{"type":"Feature","properties":{"nodeId":"treasure_box","group":"treasures","thglKey":"treasures/treasure_box","source":"thgl-nodes-raw-ascii"},"geometry":{"type":"Point","coordinates":[1422.4287073849007,5418.718170769389]}},{"type":"Feature","properties":{"nodeId":"treasure_box","group":"treasures","thglKey":"treasures/treasure_box","source":"thgl-nodes-raw-ascii"},"geometry":{"type":"Point","coordinates":[1165.092413224843,6492.668361314244]}},{"type":"Feature","properties":{"nodeId":"treasure_box","group":"treasures","thglKey":"treasures/treasure_box","source":"thgl-nodes-raw-ascii"},"geometry":{"type":"Point","coordinates":[174.0030075187973,5333.537064579256]}},{"type":"Feature","properties":{"nodeId":"treasure_box","group":"treasures","thglKey":"treasures/treasure_box","source":"thgl-nodes-raw-ascii"},"geometry":{"type":"Point","coordinates":[-32.627936965701984,6608.536772067155]}},{"type":"Feature","properties":{"nodeId":"collection_chest","group":"treasures","thglKey":"treasures/collection_chest","source":"thgl-nodes-raw-ascii"},"geometry":{"type":"Point","coordinates":[3487.075958389124,7526.287148007004]}},{"type":"Feature","properties":{"nodeId":"collection_chest","group":"treasures","thglKey":"treasures/collection_chest","source":"thgl-nodes-raw-ascii"},"geometry":{"type":"Point","coordinates":[3261.1315027294263,7223.708806262231]}},{"type":"Feature","properties":{"nodeId":"collection_chest","group":"treasures","thglKey":"treasures/collection_chest","source":"thgl-nodes-raw-ascii"},"geometry":{"type":"Point","coordinates":[3155.5020372849935,8330.742560510866]}},{"type":"Feature","properties":{"nodeId":"collection_chest","group":"treasures","thglKey":"treasures/collection_chest","source":"thgl-nodes-raw-ascii"},"geometry":{"type":"Point","coordinates":[3129.037717581625,8319.09032856113]}},{"type":"Feature","properties":{"nodeId":"collection_chest","group":"treasures","thglKey":"treasures/collection_chest","source":"thgl-nodes-raw-ascii"},"geometry":{"type":"Point","coordinates":[3129.248655886291,8316.019066845196]}},{"type":"Feature","properties":{"nodeId":"collection_chest","group":"treasures","thglKey":"treasures/collection_chest","source":"thgl-nodes-raw-ascii"},"geometry":{"type":"Point","coordinates":[3220.9983808837164,7086.974378411783]}},{"type":"Feature","properties":{"nodeId":"collection_chest","group":"treasures","thglKey":"treasures/collection_chest","source":"thgl-nodes-raw-ascii"},"geometry":{"type":"Point","coordinates":[3099.320729220311,4667.23780409929]}},{"type":"Feature","properties":{"nodeId":"collection_chest","group":"treasures","thglKey":"treasures/collection_chest","source":"thgl-nodes-raw-ascii"},"geometry":{"type":"Point","coordinates":[3020.1766773097124,4448.828064682253]}},{"type":"Feature","properties":{"nodeId":"collection_chest","group":"treasures","thglKey":"treasures/collection_chest","source":"thgl-nodes-raw-ascii"},"geometry":{"type":"Point","coordinates":[3111.8968709444844,8310.458733134206]}},{"type":"Feature","properties":{"nodeId":"collection_chest","group":"treasures","thglKey":"treasures/collection_chest","source":"thgl-nodes-raw-ascii"},"geometry":{"type":"Point","coordinates":[3112.06984035431,8314.588905139562]}},{"type":"Feature","properties":{"nodeId":"collection_chest","group":"treasures","thglKey":"treasures/collection_chest","source":"thgl-nodes-raw-ascii"},"geometry":{"type":"Point","coordinates":[3118.0984571016584,8330.375527860748]}},{"type":"Feature","properties":{"nodeId":"collection_chest","group":"treasures","thglKey":"treasures/collection_chest","source":"thgl-nodes-raw-ascii"},"geometry":{"type":"Point","coordinates":[2947.913432897312,5222.705860541766]}},{"type":"Feature","properties":{"nodeId":"collection_chest","group":"treasures","thglKey":"treasures/collection_chest","source":"thgl-nodes-raw-ascii"},"geometry":{"type":"Point","coordinates":[2975.2004119888766,6740.984933566793]}},{"type":"Feature","properties":{"nodeId":"collection_chest","group":"treasures","thglKey":"treasures/collection_chest","source":"thgl-nodes-raw-ascii"},"geometry":{"type":"Point","coordinates":[2964.522715006695,6726.556753527655]}},{"type":"Feature","properties":{"nodeId":"collection_chest","group":"treasures","thglKey":"treasures/collection_chest","source":"thgl-nodes-raw-ascii"},"geometry":{"type":"Point","coordinates":[2969.914298073952,6740.643213513235]}},{"type":"Feature","properties":{"nodeId":"collection_chest","group":"treasures","thglKey":"treasures/collection_chest","source":"thgl-nodes-raw-ascii"},"geometry":{"type":"Point","coordinates":[2887.2602327737154,5303.2589803275305]}},{"type":"Feature","properties":{"nodeId":"collection_chest","group":"treasures","thglKey":"treasures/collection_chest","source":"thgl-nodes-raw-ascii"},"geometry":{"type":"Point","coordinates":[2882.4634957256153,5302.364601915749]}},{"type":"Feature","properties":{"nodeId":"collection_chest","group":"treasures","thglKey":"treasures/collection_chest","source":"thgl-nodes-raw-ascii"},"geometry":{"type":"Point","coordinates":[2877.860821917808,5298.166929652899]}},{"type":"Feature","properties":{"nodeId":"collection_chest","group":"treasures","thglKey":"treasures/collection_chest","source":"thgl-nodes-raw-ascii"},"geometry":{"type":"Point","coordinates":[2878.0126974971677,5298.559274899578]}},{"type":"Feature","properties":{"nodeId":"collection_chest","group":"treasures","thglKey":"treasures/collection_chest","source":"thgl-nodes-raw-ascii"},"geometry":{"type":"Point","coordinates":[2880.5397383870636,5293.711912658358]}},{"type":"Feature","properties":{"nodeId":"collection_chest","group":"treasures","thglKey":"treasures/collection_chest","source":"thgl-nodes-raw-ascii"},"geometry":{"type":"Point","coordinates":[2881.1978658976204,5295.247543516325]}},{"type":"Feature","properties":{"nodeId":"collection_chest","group":"treasures","thglKey":"treasures/collection_chest","source":"thgl-nodes-raw-ascii"},"geometry":{"type":"Point","coordinates":[2900.030437738181,5309.296034607066]}},{"type":"Feature","properties":{"nodeId":"collection_chest","group":"treasures","thglKey":"treasures/collection_chest","source":"thgl-nodes-raw-ascii"},"geometry":{"type":"Point","coordinates":[2888.850707590895,5247.111422391595]}},{"type":"Feature","properties":{"nodeId":"collection_chest","group":"treasures","thglKey":"treasures/collection_chest","source":"thgl-nodes-raw-ascii"},"geometry":{"type":"Point","coordinates":[2887.2771078380883,5249.520337830879]}},{"type":"Feature","properties":{"nodeId":"collection_chest","group":"treasures","thglKey":"treasures/collection_chest","source":"thgl-nodes-raw-ascii"},"geometry":{"type":"Point","coordinates":[2871.026420846637,5255.561610876506]}},{"type":"Feature","properties":{"nodeId":"collection_chest","group":"treasures","thglKey":"treasures/collection_chest","source":"thgl-nodes-raw-ascii"},"geometry":{"type":"Point","coordinates":[2856.075113811927,5263.686954372232]}},{"type":"Feature","properties":{"nodeId":"collection_chest","group":"treasures","thglKey":"treasures/collection_chest","source":"thgl-nodes-raw-ascii"},"geometry":{"type":"Point","coordinates":[2852.3415058193427,5216.407242764446]}},{"type":"Feature","properties":{"nodeId":"collection_chest","group":"treasures","thglKey":"treasures/collection_chest","source":"thgl-nodes-raw-ascii"},"geometry":{"type":"Point","coordinates":[2853.4510413018847,5258.130839427336]}},{"type":"Feature","properties":{"nodeId":"collection_chest","group":"treasures","thglKey":"treasures/collection_chest","source":"thgl-nodes-raw-ascii"},"geometry":{"type":"Point","coordinates":[2838.2255144711094,5232.160115356885]}},{"type":"Feature","properties":{"nodeId":"collection_chest","group":"treasures","thglKey":"treasures/collection_chest","source":"thgl-nodes-raw-ascii"},"geometry":{"type":"Point","coordinates":[2843.6297538366466,5244.1456298279945]}},{"type":"Feature","properties":{"nodeId":"collection_chest","group":"treasures","thglKey":"treasures/collection_chest","source":"thgl-nodes-raw-ascii"},"geometry":{"type":"Point","coordinates":[2862.9137336491917,5259.455531980636]}},{"type":"Feature","properties":{"nodeId":"collection_chest","group":"treasures","thglKey":"treasures/collection_chest","source":"thgl-nodes-raw-ascii"},"geometry":{"type":"Point","coordinates":[2858.3490287362238,5234.172466783397]}},{"type":"Feature","properties":{"nodeId":"collection_chest","group":"treasures","thglKey":"treasures/collection_chest","source":"thgl-nodes-raw-ascii"},"geometry":{"type":"Point","coordinates":[2901.342473993202,5248.119707487898]}},{"type":"Feature","properties":{"nodeId":"collection_chest","group":"treasures","thglKey":"treasures/collection_chest","source":"thgl-nodes-raw-ascii"},"geometry":{"type":"Point","coordinates":[2878.5189494283654,5267.154780100937]}},{"type":"Feature","properties":{"nodeId":"collection_chest","group":"treasures","thglKey":"treasures/collection_chest","source":"thgl-nodes-raw-ascii"},"geometry":{"type":"Point","coordinates":[2851.8015037593987,5219.588192398805]}},{"type":"Feature","properties":{"nodeId":"collection_chest","group":"treasures","thglKey":"treasures/collection_chest","source":"thgl-nodes-raw-ascii"},"geometry":{"type":"Point","coordinates":[2871.9250180245135,5208.910495416624]}},{"type":"Feature","properties":{"nodeId":"collection_chest","group":"treasures","thglKey":"treasures/collection_chest","source":"thgl-nodes-raw-ascii"},"geometry":{"type":"Point","coordinates":[2887.099919662169,5253.207539396436]}},{"type":"Feature","properties":{"nodeId":"collection_chest","group":"treasures","thglKey":"treasures/collection_chest","source":"thgl-nodes-raw-ascii"},"geometry":{"type":"Point","coordinates":[2808.1119620970235,5156.762327737151]}},{"type":"Feature","properties":{"nodeId":"collection_chest","group":"treasures","thglKey":"treasures/collection_chest","source":"thgl-nodes-raw-ascii"},"geometry":{"type":"Point","coordinates":[2872.8784591616027,5092.497863837677]}},{"type":"Feature","properties":{"nodeId":"collection_chest","group":"treasures","thglKey":"treasures/collection_chest","source":"thgl-nodes-raw-ascii"},"geometry":{"type":"Point","coordinates":[2806.5088309815633,4972.170217324132]}},{"type":"Feature","properties":{"nodeId":"collection_chest","group":"treasures","thglKey":"treasures/collection_chest","source":"thgl-nodes-raw-ascii"},"geometry":{"type":"Point","coordinates":[2810.942754145638,4968.023170254403]}},{"type":"Feature","properties":{"nodeId":"collection_chest","group":"treasures","thglKey":"treasures/collection_chest","source":"thgl-nodes-raw-ascii"},"geometry":{"type":"Point","coordinates":[2808.15836852405,4968.360671541869]}},{"type":"Feature","properties":{"nodeId":"collection_chest","group":"treasures","thglKey":"treasures/collection_chest","source":"thgl-nodes-raw-ascii"},"geometry":{"type":"Point","coordinates":[2885.602257699042,6210.508847461118]}},{"type":"Feature","properties":{"nodeId":"collection_chest","group":"treasures","thglKey":"treasures/collection_chest","source":"thgl-nodes-raw-ascii"},"geometry":{"type":"Point","coordinates":[2772.61948295396,5566.058576578433]}},{"type":"Feature","properties":{"nodeId":"collection_chest","group":"treasures","thglKey":"treasures/collection_chest","source":"thgl-nodes-raw-ascii"},"geometry":{"type":"Point","coordinates":[2766.6625852301986,5566.60279740447]}},{"type":"Feature","properties":{"nodeId":"collection_chest","group":"treasures","thglKey":"treasures/collection_chest","source":"thgl-nodes-raw-ascii"},"geometry":{"type":"Point","coordinates":[2754.9723843856214,5142.616805026265]}},{"type":"Feature","properties":{"nodeId":"collection_chest","group":"treasures","thglKey":"treasures/collection_chest","source":"thgl-nodes-raw-ascii"},"geometry":{"type":"Point","coordinates":[2522.096496034607,4671.034693583274]}},{"type":"Feature","properties":{"nodeId":"collection_chest","group":"treasures","thglKey":"treasures/collection_chest","source":"thgl-nodes-raw-ascii"},"geometry":{"type":"Point","coordinates":[2509.229259449995,4674.270487176846]}},{"type":"Feature","properties":{"nodeId":"collection_chest","group":"treasures","thglKey":"treasures/collection_chest","source":"thgl-nodes-raw-ascii"},"geometry":{"type":"Point","coordinates":[2505.9512781954886,4679.143162014626]}},{"type":"Feature","properties":{"nodeId":"collection_chest","group":"treasures","thglKey":"treasures/collection_chest","source":"thgl-nodes-raw-ascii"},"geometry":{"type":"Point","coordinates":[2510.30504480379,4684.3449006076835]}},{"type":"Feature","properties":{"nodeId":"collection_chest","group":"treasures","thglKey":"treasures/collection_chest","source":"thgl-nodes-raw-ascii"},"geometry":{"type":"Point","coordinates":[2384.8347224224945,5277.651070141106]}},{"type":"Feature","properties":{"nodeId":"collection_chest","group":"treasures","thglKey":"treasures/collection_chest","source":"thgl-nodes-raw-ascii"},"geometry":{"type":"Point","coordinates":[2412.2060768359256,6416.093537954474]}},{"type":"Feature","properties":{"nodeId":"collection_chest","group":"treasures","thglKey":"treasures/collection_chest","source":"thgl-nodes-raw-ascii"},"geometry":{"type":"Point","coordinates":[2322.1016706148935,5292.003312390565]}},{"type":"Feature","properties":{"nodeId":"collection_chest","group":"treasures","thglKey":"treasures/collection_chest","source":"thgl-nodes-raw-ascii"},"geometry":{"type":"Point","coordinates":[2319.0557214955197,4760.6033165104545]}},{"type":"Feature","properties":{"nodeId":"collection_chest","group":"treasures","thglKey":"treasures/collection_chest","source":"thgl-nodes-raw-ascii"},"geometry":{"type":"Point","coordinates":[2155.1693150684932,5373.054246575342]}},{"type":"Feature","properties":{"nodeId":"collection_chest","group":"treasures","thglKey":"treasures/collection_chest","source":"thgl-nodes-raw-ascii"},"geometry":{"type":"Point","coordinates":[2189.159913482336,5365.076559892883]}},{"type":"Feature","properties":{"nodeId":"collection_chest","group":"treasures","thglKey":"treasures/collection_chest","source":"thgl-nodes-raw-ascii"},"geometry":{"type":"Point","coordinates":[2155.7135358945307,6482.201602636729]}},{"type":"Feature","properties":{"nodeId":"collection_chest","group":"treasures","thglKey":"treasures/collection_chest","source":"thgl-nodes-raw-ascii"},"geometry":{"type":"Point","coordinates":[2208.8531136059323,6478.033461736533]}},{"type":"Feature","properties":{"nodeId":"collection_chest","group":"treasures","thglKey":"treasures/collection_chest","source":"thgl-nodes-raw-ascii"},"geometry":{"type":"Point","coordinates":[2155.5869729117317,6559.552678957668]}},{"type":"Feature","properties":{"nodeId":"collection_chest","group":"treasures","thglKey":"treasures/collection_chest","source":"thgl-nodes-raw-ascii"},"geometry":{"type":"Point","coordinates":[2190.104917087239,6132.887770110207]}},{"type":"Feature","properties":{"nodeId":"collection_chest","group":"treasures","thglKey":"treasures/collection_chest","source":"thgl-nodes-raw-ascii"},"geometry":{"type":"Point","coordinates":[2144.2216170563393,5537.691593366979]}},{"type":"Feature","properties":{"nodeId":"collection_chest","group":"treasures","thglKey":"treasures/collection_chest","source":"thgl-nodes-raw-ascii"},"geometry":{"type":"Point","coordinates":[1936.9620764239367,5614.325479452054]}},{"type":"Feature","properties":{"nodeId":"collection_chest","group":"treasures","thglKey":"treasures/collection_chest","source":"thgl-nodes-raw-ascii"},"geometry":{"type":"Point","coordinates":[1937.6666103615203,5609.014052940571]}},{"type":"Feature","properties":{"nodeId":"collection_chest","group":"treasures","thglKey":"treasures/collection_chest","source":"thgl-nodes-raw-ascii"},"geometry":{"type":"Point","coordinates":[1935.628946338449,5608.19983108456]}},{"type":"Feature","properties":{"nodeId":"collection_chest","group":"treasures","thglKey":"treasures/collection_chest","source":"thgl-nodes-raw-ascii"},"geometry":{"type":"Point","coordinates":[1992.6666639200741,5446.726558862911]}},{"type":"Feature","properties":{"nodeId":"collection_chest","group":"treasures","thglKey":"treasures/collection_chest","source":"thgl-nodes-raw-ascii"},"geometry":{"type":"Point","coordinates":[1945.365858481821,6853.600675661757]}},{"type":"Feature","properties":{"nodeId":"collection_chest","group":"treasures","thglKey":"treasures/collection_chest","source":"thgl-nodes-raw-ascii"},"geometry":{"type":"Point","coordinates":[1959.536693789268,4534.186359048305]}},{"type":"Feature","properties":{"nodeId":"collection_chest","group":"treasures","thglKey":"treasures/collection_chest","source":"thgl-nodes-raw-ascii"},"geometry":{"type":"Point","coordinates":[1961.0512308167679,4535.021674734782]}},{"type":"Feature","properties":{"nodeId":"collection_chest","group":"treasures","thglKey":"treasures/collection_chest","source":"thgl-nodes-raw-ascii"},"geometry":{"type":"Point","coordinates":[1961.5912328767124,4534.114640024719]}},{"type":"Feature","properties":{"nodeId":"collection_chest","group":"treasures","thglKey":"treasures/collection_chest","source":"thgl-nodes-raw-ascii"},"geometry":{"type":"Point","coordinates":[1880.8145184880009,5852.213261921928]}},{"type":"Feature","properties":{"nodeId":"collection_chest","group":"treasures","thglKey":"treasures/collection_chest","source":"thgl-nodes-raw-ascii"},"geometry":{"type":"Point","coordinates":[1881.835459882583,5851.137476568132]}},{"type":"Feature","properties":{"nodeId":"collection_chest","group":"treasures","thglKey":"treasures/collection_chest","source":"thgl-nodes-raw-ascii"},"geometry":{"type":"Point","coordinates":[1869.9680708620867,5593.9530579874345]}},{"type":"Feature","properties":{"nodeId":"collection_chest","group":"treasures","thglKey":"treasures/collection_chest","source":"thgl-nodes-raw-ascii"},"geometry":{"type":"Point","coordinates":[1870.8708868060564,5382.466313729529]}},{"type":"Feature","properties":{"nodeId":"collection_chest","group":"treasures","thglKey":"treasures/collection_chest","source":"thgl-nodes-raw-ascii"},"geometry":{"type":"Point","coordinates":[1925.7739087444638,6836.31217221135]}},{"type":"Feature","properties":{"nodeId":"collection_chest","group":"treasures","thglKey":"treasures/collection_chest","source":"thgl-nodes-raw-ascii"},"geometry":{"type":"Point","coordinates":[1751.530431558348,5608.0774868678545]}},{"type":"Feature","properties":{"nodeId":"collection_chest","group":"treasures","thglKey":"treasures/collection_chest","source":"thgl-nodes-raw-ascii"},"geometry":{"type":"Point","coordinates":[1823.0933607992586,5617.278615717375]}},{"type":"Feature","properties":{"nodeId":"collection_chest","group":"treasures","thglKey":"treasures/collection_chest","source":"thgl-nodes-raw-ascii"},"geometry":{"type":"Point","coordinates":[1725.631426511484,5597.058069832115]}},{"type":"Feature","properties":{"nodeId":"collection_chest","group":"treasures","thglKey":"treasures/collection_chest","source":"thgl-nodes-raw-ascii"},"geometry":{"type":"Point","coordinates":[1732.8286414666804,5482.219038005974]}},{"type":"Feature","properties":{"nodeId":"collection_chest","group":"treasures","thglKey":"treasures/collection_chest","source":"thgl-nodes-raw-ascii"},"geometry":{"type":"Point","coordinates":[1732.0734823359771,5484.1681079410855]}},{"type":"Feature","properties":{"nodeId":"collection_chest","group":"treasures","thglKey":"treasures/collection_chest","source":"thgl-nodes-raw-ascii"},"geometry":{"type":"Point","coordinates":[1821.7475744154908,5261.062881862189]}},{"type":"Feature","properties":{"nodeId":"collection_chest","group":"treasures","thglKey":"treasures/collection_chest","source":"thgl-nodes-raw-ascii"},"geometry":{"type":"Point","coordinates":[1744.1349345967658,6901.74101555258]}},{"type":"Feature","properties":{"nodeId":"collection_chest","group":"treasures","thglKey":"treasures/collection_chest","source":"thgl-nodes-raw-ascii"},"geometry":{"type":"Point","coordinates":[1693.0667710371822,5941.672196930683]}},{"type":"Feature","properties":{"nodeId":"collection_chest","group":"treasures","thglKey":"treasures/collection_chest","source":"thgl-nodes-raw-ascii"},"geometry":{"type":"Point","coordinates":[1688.2531589247092,5945.220179215161]}},{"type":"Feature","properties":{"nodeId":"collection_chest","group":"treasures","thglKey":"treasures/collection_chest","source":"thgl-nodes-raw-ascii"},"geometry":{"type":"Point","coordinates":[1538.7654011741683,5730.987018230508]}},{"type":"Feature","properties":{"nodeId":"collection_chest","group":"treasures","thglKey":"treasures/collection_chest","source":"thgl-nodes-raw-ascii"},"geometry":{"type":"Point","coordinates":[1564.9681573797507,5584.384896487795]}},{"type":"Feature","properties":{"nodeId":"collection_chest","group":"treasures","thglKey":"treasures/collection_chest","source":"thgl-nodes-raw-ascii"},"geometry":{"type":"Point","coordinates":[1454.0399217221136,5474.49025852302]}},{"type":"Feature","properties":{"nodeId":"collection_chest","group":"treasures","thglKey":"treasures/collection_chest","source":"thgl-nodes-raw-ascii"},"geometry":{"type":"Point","coordinates":[1429.1407642393656,5470.950713770729]}},{"type":"Feature","properties":{"nodeId":"collection_chest","group":"treasures","thglKey":"treasures/collection_chest","source":"thgl-nodes-raw-ascii"},"geometry":{"type":"Point","coordinates":[1372.1958595117933,5643.1016829745595]}},{"type":"Feature","properties":{"nodeId":"collection_chest","group":"treasures","thglKey":"treasures/collection_chest","source":"thgl-nodes-raw-ascii"},"geometry":{"type":"Point","coordinates":[1367.0827150066946,5499.667854567927]}},{"type":"Feature","properties":{"nodeId":"collection_chest","group":"treasures","thglKey":"treasures/collection_chest","source":"thgl-nodes-raw-ascii"},"geometry":{"type":"Point","coordinates":[1356.4767370480997,5421.599588011123]}},{"type":"Feature","properties":{"nodeId":"collection_chest","group":"treasures","thglKey":"treasures/collection_chest","source":"thgl-nodes-raw-ascii"},"geometry":{"type":"Point","coordinates":[1358.484869708518,5434.943545164281]}},{"type":"Feature","properties":{"nodeId":"collection_chest","group":"treasures","thglKey":"treasures/collection_chest","source":"thgl-nodes-raw-ascii"},"geometry":{"type":"Point","coordinates":[1387.4424801730352,5459.150825007725]}},{"type":"Feature","properties":{"nodeId":"collection_chest","group":"treasures","thglKey":"treasures/collection_chest","source":"thgl-nodes-raw-ascii"},"geometry":{"type":"Point","coordinates":[1343.6770007209805,5427.733673910805]}},{"type":"Feature","properties":{"nodeId":"collection_chest","group":"treasures","thglKey":"treasures/collection_chest","source":"thgl-nodes-raw-ascii"},"geometry":{"type":"Point","coordinates":[1379.0724482438973,5481.733879905243]}},{"type":"Feature","properties":{"nodeId":"collection_chest","group":"treasures","thglKey":"treasures/collection_chest","source":"thgl-nodes-raw-ascii"},"geometry":{"type":"Point","coordinates":[1386.8856030487177,5476.0385456792665]}},{"type":"Feature","properties":{"nodeId":"collection_chest","group":"treasures","thglKey":"treasures/collection_chest","source":"thgl-nodes-raw-ascii"},"geometry":{"type":"Point","coordinates":[1227.1082747965806,5537.160028839221]}},{"type":"Feature","properties":{"nodeId":"collection_chest","group":"treasures","thglKey":"treasures/collection_chest","source":"thgl-nodes-raw-ascii"},"geometry":{"type":"Point","coordinates":[1228.2937480688022,5530.36359666289]}},{"type":"Feature","properties":{"nodeId":"collection_chest","group":"treasures","thglKey":"treasures/collection_chest","source":"thgl-nodes-raw-ascii"},"geometry":{"type":"Point","coordinates":[1260.482933360799,5591.839456174684]}},{"type":"Feature","properties":{"nodeId":"collection_chest","group":"treasures","thglKey":"treasures/collection_chest","source":"thgl-nodes-raw-ascii"},"geometry":{"type":"Point","coordinates":[1234.8117416829748,5487.323744978886]}},{"type":"Feature","properties":{"nodeId":"collection_chest","group":"treasures","thglKey":"treasures/collection_chest","source":"thgl-nodes-raw-ascii"},"geometry":{"type":"Point","coordinates":[1243.2281800391388,5495.66424554537]}},{"type":"Feature","properties":{"nodeId":"collection_chest","group":"treasures","thglKey":"treasures/collection_chest","source":"thgl-nodes-raw-ascii"},"geometry":{"type":"Point","coordinates":[1191.5356390977447,5262.370699351117]}},{"type":"Feature","properties":{"nodeId":"collection_chest","group":"treasures","thglKey":"treasures/collection_chest","source":"thgl-nodes-raw-ascii"},"geometry":{"type":"Point","coordinates":[1212.570406839015,5278.490604593676]}},{"type":"Feature","properties":{"nodeId":"collection_chest","group":"treasures","thglKey":"treasures/collection_chest","source":"thgl-nodes-raw-ascii"},"geometry":{"type":"Point","coordinates":[1239.7772293748067,4420.553894324854]}},{"type":"Feature","properties":{"nodeId":"collection_chest","group":"treasures","thglKey":"treasures/collection_chest","source":"thgl-nodes-raw-ascii"},"geometry":{"type":"Point","coordinates":[1222.3579441755073,4433.003473066227]}},{"type":"Feature","properties":{"nodeId":"collection_chest","group":"treasures","thglKey":"treasures/collection_chest","source":"thgl-nodes-raw-ascii"},"geometry":{"type":"Point","coordinates":[1236.216590792049,5950.590668451951]}},{"type":"Feature","properties":{"nodeId":"collection_chest","group":"treasures","thglKey":"treasures/collection_chest","source":"thgl-nodes-raw-ascii"},"geometry":{"type":"Point","coordinates":[1173.9602595529916,5786.235978988567]}},{"type":"Feature","properties":{"nodeId":"collection_chest","group":"treasures","thglKey":"treasures/collection_chest","source":"thgl-nodes-raw-ascii"},"geometry":{"type":"Point","coordinates":[1174.449636419817,5787.750516016067]}},{"type":"Feature","properties":{"nodeId":"collection_chest","group":"treasures","thglKey":"treasures/collection_chest","source":"thgl-nodes-raw-ascii"},"geometry":{"type":"Point","coordinates":[1097.0226223091977,5764.842616129365]}},{"type":"Feature","properties":{"nodeId":"collection_chest","group":"treasures","thglKey":"treasures/collection_chest","source":"thgl-nodes-raw-ascii"},"geometry":{"type":"Point","coordinates":[1157.764416520754,5658.415803893295]}},{"type":"Feature","properties":{"nodeId":"collection_chest","group":"treasures","thglKey":"treasures/collection_chest","source":"thgl-nodes-raw-ascii"},"geometry":{"type":"Point","coordinates":[1137.383557523947,5375.15097332372]}},{"type":"Feature","properties":{"nodeId":"collection_chest","group":"treasures","thglKey":"treasures/collection_chest","source":"thgl-nodes-raw-ascii"},"geometry":{"type":"Point","coordinates":[1116.3319147183029,5149.337299412916]}},{"type":"Feature","properties":{"nodeId":"collection_chest","group":"treasures","thglKey":"treasures/collection_chest","source":"thgl-nodes-raw-ascii"},"geometry":{"type":"Point","coordinates":[1121.9049047275723,5150.155740035018]}},{"type":"Feature","properties":{"nodeId":"collection_chest","group":"treasures","thglKey":"treasures/collection_chest","source":"thgl-nodes-raw-ascii"},"geometry":{"type":"Point","coordinates":[1018.933261921928,5729.7298259347]}},{"type":"Feature","properties":{"nodeId":"collection_chest","group":"treasures","thglKey":"treasures/collection_chest","source":"thgl-nodes-raw-ascii"},"geometry":{"type":"Point","coordinates":[1051.5569801215365,5421.764119888763]}},{"type":"Feature","properties":{"nodeId":"collection_chest","group":"treasures","thglKey":"treasures/collection_chest","source":"thgl-nodes-raw-ascii"},"geometry":{"type":"Point","coordinates":[976.5051313214543,6191.908307755691]}},{"type":"Feature","properties":{"nodeId":"collection_chest","group":"treasures","thglKey":"treasures/collection_chest","source":"thgl-nodes-raw-ascii"},"geometry":{"type":"Point","coordinates":[871.1583232052731,5728.548571428571]}},{"type":"Feature","properties":{"nodeId":"collection_chest","group":"treasures","thglKey":"treasures/collection_chest","source":"thgl-nodes-raw-ascii"},"geometry":{"type":"Point","coordinates":[870.200663302091,5730.029358327325]}},{"type":"Feature","properties":{"nodeId":"collection_chest","group":"treasures","thglKey":"treasures/collection_chest","source":"thgl-nodes-raw-ascii"},"geometry":{"type":"Point","coordinates":[865.471426511484,5505.586783396848]}},{"type":"Feature","properties":{"nodeId":"collection_chest","group":"treasures","thglKey":"treasures/collection_chest","source":"thgl-nodes-raw-ascii"},"geometry":{"type":"Point","coordinates":[864.0412648058503,5498.123786177774]}},{"type":"Feature","properties":{"nodeId":"collection_chest","group":"treasures","thglKey":"treasures/collection_chest","source":"thgl-nodes-raw-ascii"},"geometry":{"type":"Point","coordinates":[904.2840745699864,4392.785975898651]}},{"type":"Feature","properties":{"nodeId":"collection_chest","group":"treasures","thglKey":"treasures/collection_chest","source":"thgl-nodes-raw-ascii"},"geometry":{"type":"Point","coordinates":[874.6134926356987,6217.621687094448]}},{"type":"Feature","properties":{"nodeId":"collection_chest","group":"treasures","thglKey":"treasures/collection_chest","source":"thgl-nodes-raw-ascii"},"geometry":{"type":"Point","coordinates":[759.6605541250386,6329.537114017922]}},{"type":"Feature","properties":{"nodeId":"collection_chest","group":"treasures","thglKey":"treasures/collection_chest","source":"thgl-nodes-raw-ascii"},"geometry":{"type":"Point","coordinates":[769.6463734679164,6329.418988567309]}},{"type":"Feature","properties":{"nodeId":"collection_chest","group":"treasures","thglKey":"treasures/collection_chest","source":"thgl-nodes-raw-ascii"},"geometry":{"type":"Point","coordinates":[803.809941291585,6238.795674116799]}},{"type":"Feature","properties":{"nodeId":"collection_chest","group":"treasures","thglKey":"treasures/collection_chest","source":"thgl-nodes-raw-ascii"},"geometry":{"type":"Point","coordinates":[802.987281903389,6239.162706766917]}},{"type":"Feature","properties":{"nodeId":"collection_chest","group":"treasures","thglKey":"treasures/collection_chest","source":"thgl-nodes-raw-ascii"},"geometry":{"type":"Point","coordinates":[740.4609496343598,5138.330538675456]}},{"type":"Feature","properties":{"nodeId":"collection_chest","group":"treasures","thglKey":"treasures/collection_chest","source":"thgl-nodes-raw-ascii"},"geometry":{"type":"Point","coordinates":[643.5390174065301,6980.513816046967]}},{"type":"Feature","properties":{"nodeId":"collection_chest","group":"treasures","thglKey":"treasures/collection_chest","source":"thgl-nodes-raw-ascii"},"geometry":{"type":"Point","coordinates":[644.6654279534454,7338.159711607786]}},{"type":"Feature","properties":{"nodeId":"collection_chest","group":"treasures","thglKey":"treasures/collection_chest","source":"thgl-nodes-raw-ascii"},"geometry":{"type":"Point","coordinates":[536.3865774024102,5074.656702029046]}},{"type":"Feature","properties":{"nodeId":"collection_chest","group":"treasures","thglKey":"treasures/collection_chest","source":"thgl-nodes-raw-ascii"},"geometry":{"type":"Point","coordinates":[581.721437841178,6877.390297661963]}},{"type":"Feature","properties":{"nodeId":"collection_chest","group":"treasures","thglKey":"treasures/collection_chest","source":"thgl-nodes-raw-ascii"},"geometry":{"type":"Point","coordinates":[592.7914800700378,6857.055845092183]}},{"type":"Feature","properties":{"nodeId":"collection_chest","group":"treasures","thglKey":"treasures/collection_chest","source":"thgl-nodes-raw-ascii"},"geometry":{"type":"Point","coordinates":[616.79204037491,4443.42804408281]}},{"type":"Feature","properties":{"nodeId":"collection_chest","group":"treasures","thglKey":"treasures/collection_chest","source":"thgl-nodes-raw-ascii"},"geometry":{"type":"Point","coordinates":[626.2125450612835,6977.754743021938]}},{"type":"Feature","properties":{"nodeId":"collection_chest","group":"treasures","thglKey":"treasures/collection_chest","source":"thgl-nodes-raw-ascii"},"geometry":{"type":"Point","coordinates":[592.7746050056649,6974.5569183232055]}},{"type":"Feature","properties":{"nodeId":"collection_chest","group":"treasures","thglKey":"treasures/collection_chest","source":"thgl-nodes-raw-ascii"},"geometry":{"type":"Point","coordinates":[635.8018003913894,7006.940166855495]}},{"type":"Feature","properties":{"nodeId":"collection_chest","group":"treasures","thglKey":"treasures/collection_chest","source":"thgl-nodes-raw-ascii"},"geometry":{"type":"Point","coordinates":[631.2033453496757,6926.395484601916]}},{"type":"Feature","properties":{"nodeId":"collection_chest","group":"treasures","thglKey":"treasures/collection_chest","source":"thgl-nodes-raw-ascii"},"geometry":{"type":"Point","coordinates":[565.3357503347406,7023.836325059223]}},{"type":"Feature","properties":{"nodeId":"collection_chest","group":"treasures","thglKey":"treasures/collection_chest","source":"thgl-nodes-raw-ascii"},"geometry":{"type":"Point","coordinates":[505.9861489339791,4381.353119785766]}},{"type":"Feature","properties":{"nodeId":"collection_chest","group":"treasures","thglKey":"treasures/collection_chest","source":"thgl-nodes-raw-ascii"},"geometry":{"type":"Point","coordinates":[505.0116139664227,4382.163122875683]}},{"type":"Feature","properties":{"nodeId":"collection_chest","group":"treasures","thglKey":"treasures/collection_chest","source":"thgl-nodes-raw-ascii"},"geometry":{"type":"Point","coordinates":[332.22782984859407,5155.349041095891]}},{"type":"Feature","properties":{"nodeId":"collection_chest","group":"treasures","thglKey":"treasures/collection_chest","source":"thgl-nodes-raw-ascii"},"geometry":{"type":"Point","coordinates":[333.1390833247502,5128.973315480483]}},{"type":"Feature","properties":{"nodeId":"collection_chest","group":"treasures","thglKey":"treasures/collection_chest","source":"thgl-nodes-raw-ascii"},"geometry":{"type":"Point","coordinates":[383.9709959831083,5119.45156040787]}},{"type":"Feature","properties":{"nodeId":"collection_chest","group":"treasures","thglKey":"treasures/collection_chest","source":"thgl-nodes-raw-ascii"},"geometry":{"type":"Point","coordinates":[339.15082500772473,5132.698485940879]}},{"type":"Feature","properties":{"nodeId":"collection_chest","group":"treasures","thglKey":"treasures/collection_chest","source":"thgl-nodes-raw-ascii"},"geometry":{"type":"Point","coordinates":[295.5119085384692,5291.522373055927]}},{"type":"Feature","properties":{"nodeId":"collection_chest","group":"treasures","thglKey":"treasures/collection_chest","source":"thgl-nodes-raw-ascii"},"geometry":{"type":"Point","coordinates":[229.82993923164102,5295.188480791019]}},{"type":"Feature","properties":{"nodeId":"collection_chest","group":"treasures","thglKey":"treasures/collection_chest","source":"thgl-nodes-raw-ascii"},"geometry":{"type":"Point","coordinates":[228.268995777114,5301.107409619941]}},{"type":"Feature","properties":{"nodeId":"collection_chest","group":"treasures","thglKey":"treasures/collection_chest","source":"thgl-nodes-raw-ascii"},"geometry":{"type":"Point","coordinates":[227.06242867442552,5295.67363889175]}},{"type":"Feature","properties":{"nodeId":"collection_chest","group":"treasures","thglKey":"treasures/collection_chest","source":"thgl-nodes-raw-ascii"},"geometry":{"type":"Point","coordinates":[289.58454217736124,5303.216792666598]}},{"type":"Feature","properties":{"nodeId":"collection_chest","group":"treasures","thglKey":"treasures/collection_chest","source":"thgl-nodes-raw-ascii"},"geometry":{"type":"Point","coordinates":[245.8064064270263,5283.692343186734]}},{"type":"Feature","properties":{"nodeId":"collection_chest","group":"treasures","thglKey":"treasures/collection_chest","source":"thgl-nodes-raw-ascii"},"geometry":{"type":"Point","coordinates":[248.89876197342653,5288.417361211247]}},{"type":"Feature","properties":{"nodeId":"collection_chest","group":"treasures","thglKey":"treasures/collection_chest","source":"thgl-nodes-raw-ascii"},"geometry":{"type":"Point","coordinates":[307.87711195797743,5272.934489648779]}},{"type":"Feature","properties":{"nodeId":"collection_chest","group":"treasures","thglKey":"treasures/collection_chest","source":"thgl-nodes-raw-ascii"},"geometry":{"type":"Point","coordinates":[204.12499742506967,5264.302894221856]}},{"type":"Feature","properties":{"nodeId":"collection_chest","group":"treasures","thglKey":"treasures/collection_chest","source":"thgl-nodes-raw-ascii"},"geometry":{"type":"Point","coordinates":[254.93581625296153,5269.892759295499]}},{"type":"Feature","properties":{"nodeId":"collection_chest","group":"treasures","thglKey":"treasures/collection_chest","source":"thgl-nodes-raw-ascii"},"geometry":{"type":"Point","coordinates":[270.9797837058398,5274.634652384386]}},{"type":"Feature","properties":{"nodeId":"collection_chest","group":"treasures","thglKey":"treasures/collection_chest","source":"thgl-nodes-raw-ascii"},"geometry":{"type":"Point","coordinates":[268.6341497579566,5273.9807436399215]}},{"type":"Feature","properties":{"nodeId":"collection_chest","group":"treasures","thglKey":"treasures/collection_chest","source":"thgl-nodes-raw-ascii"},"geometry":{"type":"Point","coordinates":[271.9079122463695,5272.1751117519825]}},{"type":"Feature","properties":{"nodeId":"collection_chest","group":"treasures","thglKey":"treasures/collection_chest","source":"thgl-nodes-raw-ascii"},"geometry":{"type":"Point","coordinates":[284.91436811206114,5277.798726954373]}},{"type":"Feature","properties":{"nodeId":"collection_chest","group":"treasures","thglKey":"treasures/collection_chest","source":"thgl-nodes-raw-ascii"},"geometry":{"type":"Point","coordinates":[300.05973838706353,4667.313741888969]}},{"type":"Feature","properties":{"nodeId":"collection_chest","group":"treasures","thglKey":"treasures/collection_chest","source":"thgl-nodes-raw-ascii"},"geometry":{"type":"Point","coordinates":[304.94506952312287,4669.140467607374]}},{"type":"Feature","properties":{"nodeId":"collection_chest","group":"treasures","thglKey":"treasures/collection_chest","source":"thgl-nodes-raw-ascii"},"geometry":{"type":"Point","coordinates":[295.4401895148828,4656.547450818828]}},{"type":"Feature","properties":{"nodeId":"collection_chest","group":"treasures","thglKey":"treasures/collection_chest","source":"thgl-nodes-raw-ascii"},"geometry":{"type":"Point","coordinates":[293.03971160778684,4654.56463075497]}},{"type":"Feature","properties":{"nodeId":"collection_chest","group":"treasures","thglKey":"treasures/collection_chest","source":"thgl-nodes-raw-ascii"},"geometry":{"type":"Point","coordinates":[236.1032444124007,6959.500142136162]}},{"type":"Feature","properties":{"nodeId":"collection_chest","group":"treasures","thglKey":"treasures/collection_chest","source":"thgl-nodes-raw-ascii"},"geometry":{"type":"Point","coordinates":[173.7878504480381,5330.921429601401]}},{"type":"Feature","properties":{"nodeId":"collection_chest","group":"treasures","thglKey":"treasures/collection_chest","source":"thgl-nodes-raw-ascii"},"geometry":{"type":"Point","coordinates":[174.96488618807274,5319.497011020703]}},{"type":"Feature","properties":{"nodeId":"collection_chest","group":"treasures","thglKey":"treasures/collection_chest","source":"thgl-nodes-raw-ascii"},"geometry":{"type":"Point","coordinates":[149.72822741785964,7083.995929549903]}},{"type":"Feature","properties":{"nodeId":"collection_chest","group":"treasures","thglKey":"treasures/collection_chest","source":"thgl-nodes-raw-ascii"},"geometry":{"type":"Point","coordinates":[70.90902049644656,5052.520836337419]}},{"type":"Feature","properties":{"nodeId":"collection_chest","group":"treasures","thglKey":"treasures/collection_chest","source":"thgl-nodes-raw-ascii"},"geometry":{"type":"Point","coordinates":[65.27696776187024,6863.708839221341]}},{"type":"Feature","properties":{"nodeId":"collection_chest","group":"treasures","thglKey":"treasures/collection_chest","source":"thgl-nodes-raw-ascii"},"geometry":{"type":"Point","coordinates":[56.57787207745415,5942.19110516016]}},{"type":"Feature","properties":{"nodeId":"collection_chest","group":"treasures","thglKey":"treasures/collection_chest","source":"thgl-nodes-raw-ascii"},"geometry":{"type":"Point","coordinates":[81.19015346585672,7429.614122978679]}},{"type":"Feature","properties":{"nodeId":"collection_chest","group":"treasures","thglKey":"treasures/collection_chest","source":"thgl-nodes-raw-ascii"},"geometry":{"type":"Point","coordinates":[81.51499845504144,7427.627084148728]}},{"type":"Feature","properties":{"nodeId":"collection_chest","group":"treasures","thglKey":"treasures/collection_chest","source":"thgl-nodes-raw-ascii"},"geometry":{"type":"Point","coordinates":[-48.1445586569166,4987.977933875786]}},{"type":"Feature","properties":{"nodeId":"collection_chest","group":"treasures","thglKey":"treasures/collection_chest","source":"thgl-nodes-raw-ascii"},"geometry":{"type":"Point","coordinates":[-52.28738696055228,4895.397111957977]}},{"type":"Feature","properties":{"nodeId":"collection_chest","group":"treasures","thglKey":"treasures/collection_chest","source":"thgl-nodes-raw-ascii"},"geometry":{"type":"Point","coordinates":[-85.48485734885125,7336.678924709034]}},{"type":"Feature","properties":{"nodeId":"collection_chest","group":"treasures","thglKey":"treasures/collection_chest","source":"thgl-nodes-raw-ascii"},"geometry":{"type":"Point","coordinates":[-171.15112163971594,5919.768363374189]}},{"type":"Feature","properties":{"nodeId":"collection_chest","group":"treasures","thglKey":"treasures/collection_chest","source":"thgl-nodes-raw-ascii"},"geometry":{"type":"Point","coordinates":[-147.17165516531068,6374.981662375116]}},{"type":"Feature","properties":{"nodeId":"collection_chest","group":"treasures","thglKey":"treasures/collection_chest","source":"thgl-nodes-raw-ascii"},"geometry":{"type":"Point","coordinates":[-207.54219796065536,7536.429061695335]}},{"type":"Feature","properties":{"nodeId":"collection_chest","group":"treasures","thglKey":"treasures/collection_chest","source":"thgl-nodes-raw-ascii"},"geometry":{"type":"Point","coordinates":[-208.6475146771036,7539.901106190133]}},{"type":"Feature","properties":{"nodeId":"collection_chest","group":"treasures","thglKey":"treasures/collection_chest","source":"thgl-nodes-raw-ascii"},"geometry":{"type":"Point","coordinates":[-320.46590998043087,5586.557561025852]}},{"type":"Feature","properties":{"nodeId":"collection_chest","group":"treasures","thglKey":"treasures/collection_chest","source":"thgl-nodes-raw-ascii"},"geometry":{"type":"Point","coordinates":[-320.6177855597897,5584.427084148729]}},{"type":"Feature","properties":{"nodeId":"collection_chest","group":"treasures","thglKey":"treasures/collection_chest","source":"thgl-nodes-raw-ascii"},"geometry":{"type":"Point","coordinates":[-331.04657534246604,6725.472530641672]}},{"type":"Feature","properties":{"nodeId":"collection_chest","group":"treasures","thglKey":"treasures/collection_chest","source":"thgl-nodes-raw-ascii"},"geometry":{"type":"Point","coordinates":[-317.8165248738285,6787.024327943146]}},{"type":"Feature","properties":{"nodeId":"collection_chest","group":"treasures","thglKey":"treasures/collection_chest","source":"thgl-nodes-raw-ascii"},"geometry":{"type":"Point","coordinates":[-230.8129117313835,6158.449273869605]}},{"type":"Feature","properties":{"nodeId":"collection_chest","group":"treasures","thglKey":"treasures/collection_chest","source":"thgl-nodes-raw-ascii"},"geometry":{"type":"Point","coordinates":[-235.42402307137743,6157.765833762489]}},{"type":"Feature","properties":{"nodeId":"collection_chest","group":"treasures","thglKey":"treasures/collection_chest","source":"thgl-nodes-raw-ascii"},"geometry":{"type":"Point","coordinates":[-342.41614996395083,4775.01462148522]}},{"type":"Feature","properties":{"nodeId":"collection_chest","group":"treasures","thglKey":"treasures/collection_chest","source":"thgl-nodes-raw-ascii"},"geometry":{"type":"Point","coordinates":[-383.8233391698421,6713.377328252137]}},{"type":"Feature","properties":{"nodeId":"collection_chest","group":"treasures","thglKey":"treasures/collection_chest","source":"thgl-nodes-raw-ascii"},"geometry":{"type":"Point","coordinates":[-387.48100937274666,6713.786548563189]}},{"type":"Feature","properties":{"nodeId":"abyss_gate","group":"abyss","thglKey":"abyss/abyss_gate","source":"thgl-nodes-raw-ascii"},"geometry":{"type":"Point","coordinates":[2213.679382016686,5772.389988670306]}},{"type":"Feature","properties":{"nodeId":"abyss_gate","group":"abyss","thglKey":"abyss/abyss_gate","source":"thgl-nodes-raw-ascii"},"geometry":{"type":"Point","coordinates":[327.03452878772293,6204.412730456278]}},{"type":"Feature","properties":{"nodeId":"abyss_gate","group":"abyss","thglKey":"abyss/abyss_gate","source":"thgl-nodes-raw-ascii"},"geometry":{"type":"Point","coordinates":[1386.2274755381604,6526.907866927592]}},{"type":"Feature","properties":{"nodeId":"abyss_gate","group":"abyss","thglKey":"abyss/abyss_gate","source":"thgl-nodes-raw-ascii"},"geometry":{"type":"Point","coordinates":[1191.8436090225566,6037.206155113812]}},{"type":"Feature","properties":{"nodeId":"abyss_gate","group":"abyss","thglKey":"abyss/abyss_gate","source":"thgl-nodes-raw-ascii"},"geometry":{"type":"Point","coordinates":[1333.6574312493563,5391.2582222679985]}},{"type":"Feature","properties":{"nodeId":"abyss_gate","group":"abyss","thglKey":"abyss/abyss_gate","source":"thgl-nodes-raw-ascii"},"geometry":{"type":"Point","coordinates":[2199.2933896384798,7043.812182511073]}},{"type":"Feature","properties":{"nodeId":"abyss_gate","group":"abyss","thglKey":"abyss/abyss_gate","source":"thgl-nodes-raw-ascii"},"geometry":{"type":"Point","coordinates":[1140.4506004737875,5527.09405294057]}},{"type":"Feature","properties":{"nodeId":"abyss_gate","group":"abyss","thglKey":"abyss/abyss_gate","source":"thgl-nodes-raw-ascii"},"geometry":{"type":"Point","coordinates":[291.07798537439453,5304.250390359461]}},{"type":"Feature","properties":{"nodeId":"abyss_gate","group":"abyss","thglKey":"abyss/abyss_gate","source":"thgl-nodes-raw-ascii"},"geometry":{"type":"Point","coordinates":[-279.52278504480364,6584.738712534761]}},{"type":"Feature","properties":{"nodeId":"abyss_gate","group":"abyss","thglKey":"abyss/abyss_gate","source":"thgl-nodes-raw-ascii"},"geometry":{"type":"Point","coordinates":[-340.4923926253992,4921.743306210733]}},{"type":"Feature","properties":{"nodeId":"abyss_gate","group":"abyss","thglKey":"abyss/abyss_gate","source":"thgl-nodes-raw-ascii"},"geometry":{"type":"Point","coordinates":[1628.5323061077352,6661.904163147596]}},{"type":"Feature","properties":{"nodeId":"abyss_gate","group":"abyss","thglKey":"abyss/abyss_gate","source":"thgl-nodes-raw-ascii"},"geometry":{"type":"Point","coordinates":[1520.7048635286847,4858.643221753013]}},{"type":"Feature","properties":{"nodeId":"abyss_gate","group":"abyss","thglKey":"abyss/abyss_gate","source":"thgl-nodes-raw-ascii"},"geometry":{"type":"Point","coordinates":[2054.8301823050774,5876.572417344732]}},{"type":"Feature","properties":{"nodeId":"abyss_gate","group":"abyss","thglKey":"abyss/abyss_gate","source":"thgl-nodes-raw-ascii"},"geometry":{"type":"Point","coordinates":[716.4224204346484,4441.327098568338]}},{"type":"Feature","properties":{"nodeId":"abyss_gate","group":"abyss","thglKey":"abyss/abyss_gate","source":"thgl-nodes-raw-ascii"},"geometry":{"type":"Point","coordinates":[1162.8649047275724,6489.694131218457]}},{"type":"Feature","properties":{"nodeId":"abyss_gate","group":"abyss","thglKey":"abyss/abyss_gate","source":"thgl-nodes-raw-ascii"},"geometry":{"type":"Point","coordinates":[240.06466577402446,5346.733364919148]}},{"type":"Feature","properties":{"nodeId":"abyss_gate","group":"abyss","thglKey":"abyss/abyss_gate","source":"thgl-nodes-raw-ascii"},"geometry":{"type":"Point","coordinates":[2044.05545370275,5643.806216912144]}},{"type":"Feature","properties":{"nodeId":"abyss_gate","group":"abyss","thglKey":"abyss/abyss_gate","source":"thgl-nodes-raw-ascii"},"geometry":{"type":"Point","coordinates":[1300.3080852816972,6344.2690452157785]}},{"type":"Feature","properties":{"nodeId":"abyss_gate","group":"abyss","thglKey":"abyss/abyss_gate","source":"thgl-nodes-raw-ascii"},"geometry":{"type":"Point","coordinates":[2761.203501905449,4685.298341744773]}},{"type":"Feature","properties":{"nodeId":"abyss_gate","group":"abyss","thglKey":"abyss/abyss_gate","source":"thgl-nodes-raw-ascii"},"geometry":{"type":"Point","coordinates":[1389.7670202904521,4700.983714079719]}},{"type":"Feature","properties":{"nodeId":"abyss_gate","group":"abyss","thglKey":"abyss/abyss_gate","source":"thgl-nodes-raw-ascii"},"geometry":{"type":"Point","coordinates":[1086.4883633741892,6010.758710474817]}},{"type":"Feature","properties":{"nodeId":"abyss_gate","group":"abyss","thglKey":"abyss/abyss_gate","source":"thgl-nodes-raw-ascii"},"geometry":{"type":"Point","coordinates":[-312.2140035019052,6575.870866206613]}},{"type":"Feature","properties":{"nodeId":"abyss_gate","group":"abyss","thglKey":"abyss/abyss_gate","source":"thgl-nodes-raw-ascii"},"geometry":{"type":"Point","coordinates":[-326.2920259552993,4920.781427541456]}},{"type":"Feature","properties":{"nodeId":"abyss_gate","group":"abyss","thglKey":"abyss/abyss_gate","source":"thgl-nodes-raw-ascii"},"geometry":{"type":"Point","coordinates":[1453.791014522608,6656.630705530951]}},{"type":"Feature","properties":{"nodeId":"abyss_gate","group":"abyss","thglKey":"abyss/abyss_gate","source":"thgl-nodes-raw-ascii"},"geometry":{"type":"Point","coordinates":[627.8873952003295,4192.643493665671]}},{"type":"Feature","properties":{"nodeId":"abyss_gate","group":"abyss","thglKey":"abyss/abyss_gate","source":"thgl-nodes-raw-ascii"},"geometry":{"type":"Point","coordinates":[1390.9103059017407,5818.606571222577]}},{"type":"Feature","properties":{"nodeId":"abyss_gate","group":"abyss","thglKey":"abyss/abyss_gate","source":"thgl-nodes-raw-ascii"},"geometry":{"type":"Point","coordinates":[1331.3160160675661,5882.018844371202]}},{"type":"Feature","properties":{"nodeId":"abyss_gate","group":"abyss","thglKey":"abyss/abyss_gate","source":"thgl-nodes-raw-ascii"},"geometry":{"type":"Point","coordinates":[1322.6253579153365,5931.7707529096715]}},{"type":"Feature","properties":{"nodeId":"abyss_gate","group":"abyss","thglKey":"abyss/abyss_gate","source":"thgl-nodes-raw-ascii"},"geometry":{"type":"Point","coordinates":[1485.7355113811925,5793.517569265629]}},{"type":"Feature","properties":{"nodeId":"abyss_gate","group":"abyss","thglKey":"abyss/abyss_gate","source":"thgl-nodes-raw-ascii"},"geometry":{"type":"Point","coordinates":[1615.757882377176,5922.5864991245235]}},{"type":"Feature","properties":{"nodeId":"abyss_gate","group":"abyss","thglKey":"abyss/abyss_gate","source":"thgl-nodes-raw-ascii"},"geometry":{"type":"Point","coordinates":[1467.8943495725614,6102.736248841282]}},{"type":"Feature","properties":{"nodeId":"abyss_gate","group":"abyss","thglKey":"abyss/abyss_gate","source":"thgl-nodes-raw-ascii"},"geometry":{"type":"Point","coordinates":[1534.4242908641468,5997.954755381605]}},{"type":"Feature","properties":{"nodeId":"abyss_gate","group":"abyss","thglKey":"abyss/abyss_gate","source":"thgl-nodes-raw-ascii"},"geometry":{"type":"Point","coordinates":[1888.454703882995,5086.962842723246]}},{"type":"Feature","properties":{"nodeId":"abyss_gate","group":"abyss","thglKey":"abyss/abyss_gate","source":"thgl-nodes-raw-ascii"},"geometry":{"type":"Point","coordinates":[1986.7308600267795,6060.012804614275]}},{"type":"Feature","properties":{"nodeId":"abyss_ruins","group":"abyss","thglKey":"abyss/abyss_ruins","source":"thgl-nodes-raw-ascii"},"geometry":{"type":"Point","coordinates":[419.725038623957,5198.123110516016]}},{"type":"Feature","properties":{"nodeId":"abyss_ruins","group":"abyss","thglKey":"abyss/abyss_ruins","source":"thgl-nodes-raw-ascii"},"geometry":{"type":"Point","coordinates":[244.05561849830053,5342.506161293645]}},{"type":"Feature","properties":{"nodeId":"abyss_ruins","group":"abyss","thglKey":"abyss/abyss_ruins","source":"thgl-nodes-raw-ascii"},"geometry":{"type":"Point","coordinates":[980.3188958698112,4857.369154392832]}},{"type":"Feature","properties":{"nodeId":"abyss_ruins","group":"abyss","thglKey":"abyss/abyss_ruins","source":"thgl-nodes-raw-ascii"},"geometry":{"type":"Point","coordinates":[1149.617979194562,4833.537344731692]}},{"type":"Feature","properties":{"nodeId":"abyss_ruins","group":"abyss","thglKey":"abyss/abyss_ruins","source":"thgl-nodes-raw-ascii"},"geometry":{"type":"Point","coordinates":[2289.7774848079102,5765.133710989803]}},{"type":"Feature","properties":{"nodeId":"abyss_ruins","group":"abyss","thglKey":"abyss/abyss_ruins","source":"thgl-nodes-raw-ascii"},"geometry":{"type":"Point","coordinates":[2892.664472139252,6206.914458749614]}},{"type":"Feature","properties":{"nodeId":"abyss_ruins","group":"abyss","thglKey":"abyss/abyss_ruins","source":"thgl-nodes-raw-ascii"},"geometry":{"type":"Point","coordinates":[1809.918154289834,5654.268756823566]}},{"type":"Feature","properties":{"nodeId":"abyss_ruins","group":"abyss","thglKey":"abyss/abyss_ruins","source":"thgl-nodes-raw-ascii"},"geometry":{"type":"Point","coordinates":[2694.64402925121,6091.235892470903]}},{"type":"Feature","properties":{"nodeId":"abyss_ruins","group":"abyss","thglKey":"abyss/abyss_ruins","source":"thgl-nodes-raw-ascii"},"geometry":{"type":"Point","coordinates":[2044.04279740447,5643.780904315583]}},{"type":"Feature","properties":{"nodeId":"abyss_ruins","group":"abyss","thglKey":"abyss/abyss_ruins","source":"thgl-nodes-raw-ascii"},"geometry":{"type":"Point","coordinates":[1162.6624039550934,6743.634318673396]}},{"type":"Feature","properties":{"nodeId":"abyss_ruins","group":"abyss","thglKey":"abyss/abyss_ruins","source":"thgl-nodes-raw-ascii"},"geometry":{"type":"Point","coordinates":[1435.9287588835102,7026.3169595220925]}},{"type":"Feature","properties":{"nodeId":"abyss_ruins","group":"abyss","thglKey":"abyss/abyss_ruins","source":"thgl-nodes-raw-ascii"},"geometry":{"type":"Point","coordinates":[1300.3123040477908,6344.2690452157785]}},{"type":"Feature","properties":{"nodeId":"abyss_ruins","group":"abyss","thglKey":"abyss/abyss_ruins","source":"thgl-nodes-raw-ascii"},"geometry":{"type":"Point","coordinates":[2278.530254403131,7039.838104851168]}},{"type":"Feature","properties":{"nodeId":"abyss_ruins","group":"abyss","thglKey":"abyss/abyss_ruins","source":"thgl-nodes-raw-ascii"},"geometry":{"type":"Point","coordinates":[2736.283250592234,4696.8872922031105]}},{"type":"Feature","properties":{"nodeId":"abyss_ruins","group":"abyss","thglKey":"abyss/abyss_ruins","source":"thgl-nodes-raw-ascii"},"geometry":{"type":"Point","coordinates":[2357.467586775157,5203.430318261407]}},{"type":"Feature","properties":{"nodeId":"abyss_ruins","group":"abyss","thglKey":"abyss/abyss_ruins","source":"thgl-nodes-raw-ascii"},"geometry":{"type":"Point","coordinates":[3289.835987228345,4574.867920486147]}},{"type":"Feature","properties":{"nodeId":"abyss_ruins","group":"abyss","thglKey":"abyss/abyss_ruins","source":"thgl-nodes-raw-ascii"},"geometry":{"type":"Point","coordinates":[2919.715200329591,4996.145465032444]}},{"type":"Feature","properties":{"nodeId":"abyss_ruins","group":"abyss","thglKey":"abyss/abyss_ruins","source":"thgl-nodes-raw-ascii"},"geometry":{"type":"Point","coordinates":[3156.738135750335,4990.682162941601]}},{"type":"Feature","properties":{"nodeId":"abyss_ruins","group":"abyss","thglKey":"abyss/abyss_ruins","source":"thgl-nodes-raw-ascii"},"geometry":{"type":"Point","coordinates":[1389.4506128334535,4700.928870120507]}},{"type":"Feature","properties":{"nodeId":"abyss_ruins","group":"abyss","thglKey":"abyss/abyss_ruins","source":"thgl-nodes-raw-ascii"},"geometry":{"type":"Point","coordinates":[1413.2360160675662,4535.852771655165]}},{"type":"Feature","properties":{"nodeId":"abyss_ruins","group":"abyss","thglKey":"abyss/abyss_ruins","source":"thgl-nodes-raw-ascii"},"geometry":{"type":"Point","coordinates":[1413.5692985889382,5156.066231331754]}},{"type":"Feature","properties":{"nodeId":"abyss_ruins","group":"abyss","thglKey":"abyss/abyss_ruins","source":"thgl-nodes-raw-ascii"},"geometry":{"type":"Point","coordinates":[745.8145638067774,5672.118356164383]}},{"type":"Feature","properties":{"nodeId":"abyss_ruins","group":"abyss","thglKey":"abyss/abyss_ruins","source":"thgl-nodes-raw-ascii"},"geometry":{"type":"Point","coordinates":[1086.484144608096,6010.7502729426305]}},{"type":"Feature","properties":{"nodeId":"abyss_ruins","group":"abyss","thglKey":"abyss/abyss_ruins","source":"thgl-nodes-raw-ascii"},"geometry":{"type":"Point","coordinates":[938.3421732413221,6205.222733546194]}},{"type":"Feature","properties":{"nodeId":"abyss_ruins","group":"abyss","thglKey":"abyss/abyss_ruins","source":"thgl-nodes-raw-ascii"},"geometry":{"type":"Point","coordinates":[155.1113729529303,6362.371770522195]}},{"type":"Feature","properties":{"nodeId":"abyss_ruins","group":"abyss","thglKey":"abyss/abyss_ruins","source":"thgl-nodes-raw-ascii"},"geometry":{"type":"Point","coordinates":[-312.2266598001855,6575.879303738799]}},{"type":"Feature","properties":{"nodeId":"abyss_ruins","group":"abyss","thglKey":"abyss/abyss_ruins","source":"thgl-nodes-raw-ascii"},"geometry":{"type":"Point","coordinates":[46.596271500669786,6997.123098156349]}},{"type":"Feature","properties":{"nodeId":"abyss_ruins","group":"abyss","thglKey":"abyss/abyss_ruins","source":"thgl-nodes-raw-ascii"},"geometry":{"type":"Point","coordinates":[272.0640065918218,6147.771576887424]}},{"type":"Feature","properties":{"nodeId":"abyss_ruins","group":"abyss","thglKey":"abyss/abyss_ruins","source":"thgl-nodes-raw-ascii"},"geometry":{"type":"Point","coordinates":[-176.1714532907612,7280.868868060563]}},{"type":"Feature","properties":{"nodeId":"abyss_ruins","group":"abyss","thglKey":"abyss/abyss_ruins","source":"thgl-nodes-raw-ascii"},"geometry":{"type":"Point","coordinates":[-364.2777958595115,6897.838656916264]}},{"type":"Feature","properties":{"nodeId":"abyss_ruins","group":"abyss","thglKey":"abyss/abyss_ruins","source":"thgl-nodes-raw-ascii"},"geometry":{"type":"Point","coordinates":[613.9190606653617,6972.029877433309]}},{"type":"Feature","properties":{"nodeId":"abyss_ruins","group":"abyss","thglKey":"abyss/abyss_ruins","source":"thgl-nodes-raw-ascii"},"geometry":{"type":"Point","coordinates":[266.9550808528173,7247.219989700277]}},{"type":"Feature","properties":{"nodeId":"abyss_ruins","group":"abyss","thglKey":"abyss/abyss_ruins","source":"thgl-nodes-raw-ascii"},"geometry":{"type":"Point","coordinates":[13.761614996395435,4319.3583520444945]}},{"type":"Feature","properties":{"nodeId":"abyss_ruins","group":"abyss","thglKey":"abyss/abyss_ruins","source":"thgl-nodes-raw-ascii"},"geometry":{"type":"Point","coordinates":[-333.16439592130985,4913.833119785766]}},{"type":"Feature","properties":{"nodeId":"abyss_ruins","group":"abyss","thglKey":"abyss/abyss_ruins","source":"thgl-nodes-raw-ascii"},"geometry":{"type":"Point","coordinates":[-405.8452981769492,5563.9534122978675]}},{"type":"Feature","properties":{"nodeId":"abyss_ruins","group":"abyss","thglKey":"abyss/abyss_ruins","source":"thgl-nodes-raw-ascii"},"geometry":{"type":"Point","coordinates":[53.46020393449349,5176.632716036667]}},{"type":"Feature","properties":{"nodeId":"abyss_ruins","group":"abyss","thglKey":"abyss/abyss_ruins","source":"thgl-nodes-raw-ascii"},"geometry":{"type":"Point","coordinates":[305.79304150787937,4672.414230095788]}},{"type":"Feature","properties":{"nodeId":"abyss_ruins","group":"abyss","thglKey":"abyss/abyss_ruins","source":"thgl-nodes-raw-ascii"},"geometry":{"type":"Point","coordinates":[-501.2400370789992,4707.197956535174]}},{"type":"Feature","properties":{"nodeId":"abyss_ruins","group":"abyss","thglKey":"abyss/abyss_ruins","source":"thgl-nodes-raw-ascii"},"geometry":{"type":"Point","coordinates":[1452.9008548769182,6659.6344669893915]}},{"type":"Feature","properties":{"nodeId":"abyss_ruins","group":"abyss","thglKey":"abyss/abyss_ruins","source":"thgl-nodes-raw-ascii"},"geometry":{"type":"Point","coordinates":[1733.1787990524256,6706.635740035019]}},{"type":"Feature","properties":{"nodeId":"abyss_ruins","group":"abyss","thglKey":"abyss/abyss_ruins","source":"thgl-nodes-raw-ascii"},"geometry":{"type":"Point","coordinates":[1808.032365846122,6415.16962818004]}},{"type":"Feature","properties":{"nodeId":"abyss_ruins","group":"abyss","thglKey":"abyss/abyss_ruins","source":"thgl-nodes-raw-ascii"},"geometry":{"type":"Point","coordinates":[1580.830717890617,6539.327914306314]}},{"type":"Feature","properties":{"nodeId":"abyss_ruins","group":"abyss","thglKey":"abyss/abyss_ruins","source":"thgl-nodes-raw-ascii"},"geometry":{"type":"Point","coordinates":[499.6158121330726,4362.520547945205]}},{"type":"Feature","properties":{"nodeId":"abyss_ruins","group":"abyss","thglKey":"abyss/abyss_ruins","source":"thgl-nodes-raw-ascii"},"geometry":{"type":"Point","coordinates":[627.883176434236,4192.622399835204]}},{"type":"Feature","properties":{"nodeId":"abyss_cresset","group":"abyss","thglKey":"abyss/abyss_cresset","source":"thgl-nodes-raw-ascii"},"geometry":{"type":"Point","coordinates":[2870.6256380677723,5733.066869914513]}},{"type":"Feature","properties":{"nodeId":"abyss_cresset","group":"abyss","thglKey":"abyss/abyss_cresset","source":"thgl-nodes-raw-ascii"},"geometry":{"type":"Point","coordinates":[1591.795290967144,6566.78364404161]}},{"type":"Feature","properties":{"nodeId":"abyss_cresset","group":"abyss","thglKey":"abyss/abyss_cresset","source":"thgl-nodes-raw-ascii"},"geometry":{"type":"Point","coordinates":[2527.0746400247194,6581.089479864044]}},{"type":"Feature","properties":{"nodeId":"abyss_cresset","group":"abyss","thglKey":"abyss/abyss_cresset","source":"thgl-nodes-raw-ascii"},"geometry":{"type":"Point","coordinates":[2794.3672221650013,6016.4498259347]}},{"type":"Feature","properties":{"nodeId":"abyss_cresset","group":"abyss","thglKey":"abyss/abyss_cresset","source":"thgl-nodes-raw-ascii"},"geometry":{"type":"Point","coordinates":[-461.1448841281285,6229.754858378824]}},{"type":"Feature","properties":{"nodeId":"abyss_cresset","group":"abyss","thglKey":"abyss/abyss_cresset","source":"thgl-nodes-raw-ascii"},"geometry":{"type":"Point","coordinates":[-43.103133175404295,5625.779429395407]}},{"type":"Feature","properties":{"nodeId":"abyss_cresset","group":"abyss","thglKey":"abyss/abyss_cresset","source":"thgl-nodes-raw-ascii"},"geometry":{"type":"Point","coordinates":[279.33294057060493,6307.667030590174]}},{"type":"Feature","properties":{"nodeId":"abyss_cresset","group":"abyss","thglKey":"abyss/abyss_cresset","source":"thgl-nodes-raw-ascii"},"geometry":{"type":"Point","coordinates":[-352.31337521886934,5964.010563394789]}},{"type":"Feature","properties":{"nodeId":"abyss_cresset","group":"abyss","thglKey":"abyss/abyss_cresset","source":"thgl-nodes-raw-ascii"},"geometry":{"type":"Point","coordinates":[475.89790915645244,5788.012079513854]}},{"type":"Feature","properties":{"nodeId":"abyss_cresset","group":"abyss","thglKey":"abyss/abyss_cresset","source":"thgl-nodes-raw-ascii"},"geometry":{"type":"Point","coordinates":[666.1726974971674,6145.906882274179]}},{"type":"Feature","properties":{"nodeId":"abyss_cresset","group":"abyss","thglKey":"abyss/abyss_cresset","source":"thgl-nodes-raw-ascii"},"geometry":{"type":"Point","coordinates":[1876.6505963538984,4929.704117828819]}},{"type":"Feature","properties":{"nodeId":"abyss_cresset","group":"abyss","thglKey":"abyss/abyss_cresset","source":"thgl-nodes-raw-ascii"},"geometry":{"type":"Point","coordinates":[2076.881672674838,4756.338143990112]}},{"type":"Feature","properties":{"nodeId":"abyss_cresset","group":"abyss","thglKey":"abyss/abyss_cresset","source":"thgl-nodes-raw-ascii"},"geometry":{"type":"Point","coordinates":[3086.3817736121127,4836.557981254506]}},{"type":"Feature","properties":{"nodeId":"abyss_cresset","group":"abyss","thglKey":"abyss/abyss_cresset","source":"thgl-nodes-raw-ascii"},"geometry":{"type":"Point","coordinates":[2477.4914821299826,5614.034384591617]}},{"type":"Feature","properties":{"nodeId":"abyss_cresset","group":"abyss","thglKey":"abyss/abyss_cresset","source":"thgl-nodes-raw-ascii"},"geometry":{"type":"Point","coordinates":[3254.204288804202,4657.484016891544]}},{"type":"Feature","properties":{"nodeId":"abyss_cresset","group":"abyss","thglKey":"abyss/abyss_cresset","source":"thgl-nodes-raw-ascii"},"geometry":{"type":"Point","coordinates":[3080.184406221032,4620.367312802554]}},{"type":"Feature","properties":{"nodeId":"abyss_cresset","group":"abyss","thglKey":"abyss/abyss_cresset","source":"thgl-nodes-raw-ascii"},"geometry":{"type":"Point","coordinates":[2700.630458337625,5549.7741394582345]}},{"type":"Feature","properties":{"nodeId":"abyss_cresset","group":"abyss","thglKey":"abyss/abyss_cresset","source":"thgl-nodes-raw-ascii"},"geometry":{"type":"Point","coordinates":[2829.3070429498403,5548.166789576681]}},{"type":"Feature","properties":{"nodeId":"abyss_cresset","group":"abyss","thglKey":"abyss/abyss_cresset","source":"thgl-nodes-raw-ascii"},"geometry":{"type":"Point","coordinates":[1244.6541229786799,5837.839925842002]}},{"type":"Feature","properties":{"nodeId":"abyss_cresset","group":"abyss","thglKey":"abyss/abyss_cresset","source":"thgl-nodes-raw-ascii"},"geometry":{"type":"Point","coordinates":[982.4071850860026,5411.381736533113]}},{"type":"Feature","properties":{"nodeId":"abyss_cresset","group":"abyss","thglKey":"abyss/abyss_cresset","source":"thgl-nodes-raw-ascii"},"geometry":{"type":"Point","coordinates":[1599.2667257184057,6014.9985703985985]}},{"type":"Feature","properties":{"nodeId":"abyss_cresset","group":"abyss","thglKey":"abyss/abyss_cresset","source":"thgl-nodes-raw-ascii"},"geometry":{"type":"Point","coordinates":[1447.4333340199812,6458.648231537749]}},{"type":"Feature","properties":{"nodeId":"abyss_cresset","group":"abyss","thglKey":"abyss/abyss_cresset","source":"thgl-nodes-raw-ascii"},"geometry":{"type":"Point","coordinates":[1698.4330415078791,5058.443983932434]}},{"type":"Feature","properties":{"nodeId":"abyss_cresset","group":"abyss","thglKey":"abyss/abyss_cresset","source":"thgl-nodes-raw-ascii"},"geometry":{"type":"Point","coordinates":[1191.6664208466373,6243.651473890204]}},{"type":"Feature","properties":{"nodeId":"abyss_cresset","group":"abyss","thglKey":"abyss/abyss_cresset","source":"thgl-nodes-raw-ascii"},"geometry":{"type":"Point","coordinates":[1152.4065835822437,5853.769986610361]}},{"type":"Feature","properties":{"nodeId":"abyss_cresset","group":"abyss","thglKey":"abyss/abyss_cresset","source":"thgl-nodes-raw-ascii"},"geometry":{"type":"Point","coordinates":[1513.0013966422905,6364.839748686785]}},{"type":"Feature","properties":{"nodeId":"abyss_cresset","group":"abyss","thglKey":"abyss/abyss_cresset","source":"thgl-nodes-raw-ascii"},"geometry":{"type":"Point","coordinates":[932.199649809455,4717.542370995982]}},{"type":"Feature","properties":{"nodeId":"abyss_cresset","group":"abyss","thglKey":"abyss/abyss_cresset","source":"thgl-nodes-raw-ascii"},"geometry":{"type":"Point","coordinates":[-42.51250592234028,5091.8186424966525]}},{"type":"Feature","properties":{"nodeId":"abyss_cresset","group":"abyss","thglKey":"abyss/abyss_cresset","source":"thgl-nodes-raw-ascii"},"geometry":{"type":"Point","coordinates":[358.5782428674422,5002.131894118859]}},{"type":"Feature","properties":{"nodeId":"abyss_cresset","group":"abyss","thglKey":"abyss/abyss_cresset","source":"thgl-nodes-raw-ascii"},"geometry":{"type":"Point","coordinates":[-61.40414048820651,4983.096821505819]}},{"type":"Feature","properties":{"nodeId":"abyss_cresset","group":"abyss","thglKey":"abyss/abyss_cresset","source":"thgl-nodes-raw-ascii"},"geometry":{"type":"Point","coordinates":[135.5236419816664,5358.140908435472]}},{"type":"Feature","properties":{"nodeId":"abyss_cresset","group":"abyss","thglKey":"abyss/abyss_cresset","source":"thgl-nodes-raw-ascii"},"geometry":{"type":"Point","coordinates":[-61.24804614275427,5306.56649294469]}},{"type":"Feature","properties":{"nodeId":"abyss_cresset","group":"abyss","thglKey":"abyss/abyss_cresset","source":"thgl-nodes-raw-ascii"},"geometry":{"type":"Point","coordinates":[836.1510021629414,5084.418926768977]}},{"type":"Feature","properties":{"nodeId":"abyss_cresset","group":"abyss","thglKey":"abyss/abyss_cresset","source":"thgl-nodes-raw-ascii"},"geometry":{"type":"Point","coordinates":[308.3833638891748,4621.519035946029]}},{"type":"Feature","properties":{"nodeId":"abyss_cresset","group":"abyss","thglKey":"abyss/abyss_cresset","source":"thgl-nodes-raw-ascii"},"geometry":{"type":"Point","coordinates":[690.9284169327428,4477.992394685343]}},{"type":"Feature","properties":{"nodeId":"abyss_cresset","group":"abyss","thglKey":"abyss/abyss_cresset","source":"thgl-nodes-raw-ascii"},"geometry":{"type":"Point","coordinates":[-114.59856215882147,4636.069560201874]}},{"type":"Feature","properties":{"nodeId":"abyss_cresset","group":"abyss","thglKey":"abyss/abyss_cresset","source":"thgl-nodes-raw-ascii"},"geometry":{"type":"Point","coordinates":[106.47743742918917,5599.973237202596]}},{"type":"Feature","properties":{"nodeId":"abyss_cresset","group":"abyss","thglKey":"abyss/abyss_cresset","source":"thgl-nodes-raw-ascii"},"geometry":{"type":"Point","coordinates":[215.99238644556578,6614.443044597796]}},{"type":"Feature","properties":{"nodeId":"abyss_cresset","group":"abyss","thglKey":"abyss/abyss_cresset","source":"thgl-nodes-raw-ascii"},"geometry":{"type":"Point","coordinates":[862.8768853640952,7058.388019363478]}},{"type":"Feature","properties":{"nodeId":"abyss_cresset","group":"abyss","thglKey":"abyss/abyss_cresset","source":"thgl-nodes-raw-ascii"},"geometry":{"type":"Point","coordinates":[-282.1552950870324,6939.3681903388615]}},{"type":"Feature","properties":{"nodeId":"abyss_cresset","group":"abyss","thglKey":"abyss/abyss_cresset","source":"thgl-nodes-raw-ascii"},"geometry":{"type":"Point","coordinates":[-111.57370686991423,7268.11553816047]}},{"type":"Feature","properties":{"nodeId":"abyss_cresset","group":"abyss","thglKey":"abyss/abyss_cresset","source":"thgl-nodes-raw-ascii"},"geometry":{"type":"Point","coordinates":[280.54794520547944,6689.0772355546405]}},{"type":"Feature","properties":{"nodeId":"abyss_cresset","group":"abyss","thglKey":"abyss/abyss_cresset","source":"thgl-nodes-raw-ascii"},"geometry":{"type":"Point","coordinates":[-560.5980760119476,5136.52912555361]}},{"type":"Feature","properties":{"nodeId":"abyss_cresset","group":"abyss","thglKey":"abyss/abyss_cresset","source":"thgl-nodes-raw-ascii"},"geometry":{"type":"Point","coordinates":[-211.8115892470902,6838.944682253579]}},{"type":"Feature","properties":{"nodeId":"abyss_cresset","group":"abyss","thglKey":"abyss/abyss_cresset","source":"thgl-nodes-raw-ascii"},"geometry":{"type":"Point","coordinates":[1364.2392666598,6339.058869090535]}},{"type":"Feature","properties":{"nodeId":"abyss_cresset","group":"abyss","thglKey":"abyss/abyss_cresset","source":"thgl-nodes-raw-ascii"},"geometry":{"type":"Point","coordinates":[1673.356695849212,4872.295148830982]}},{"type":"Feature","properties":{"nodeId":"abyss_cresset","group":"abyss","thglKey":"abyss/abyss_cresset","source":"thgl-nodes-raw-ascii"},"geometry":{"type":"Point","coordinates":[220.58662272118687,6858.097880317231]}},{"type":"Feature","properties":{"nodeId":"abyss_cresset","group":"abyss","thglKey":"abyss/abyss_cresset","source":"thgl-nodes-raw-ascii"},"geometry":{"type":"Point","coordinates":[3042.9242640848697,6816.429127613555]}},{"type":"Feature","properties":{"nodeId":"abyss_cresset","group":"abyss","thglKey":"abyss/abyss_cresset","source":"thgl-nodes-raw-ascii"},"geometry":{"type":"Point","coordinates":[-85.29501287465251,3902.3164486558862]}},{"type":"Feature","properties":{"nodeId":"abyss_cresset","group":"abyss","thglKey":"abyss/abyss_cresset","source":"thgl-nodes-raw-ascii"},"geometry":{"type":"Point","coordinates":[-382.410052528582,5511.699775466062]}},{"type":"Feature","properties":{"nodeId":"abyss_cresset","group":"abyss","thglKey":"abyss/abyss_cresset","source":"thgl-nodes-raw-ascii"},"geometry":{"type":"Point","coordinates":[1547.9412174271297,6821.748991657225]}},{"type":"Feature","properties":{"nodeId":"abyss_cresset","group":"abyss","thglKey":"abyss/abyss_cresset","source":"thgl-nodes-raw-ascii"},"geometry":{"type":"Point","coordinates":[3644.1153074466984,4095.776405397055]}},{"type":"Feature","properties":{"nodeId":"abyss_cresset","group":"abyss","thglKey":"abyss/abyss_cresset","source":"thgl-nodes-raw-ascii"},"geometry":{"type":"Point","coordinates":[2991.847662993099,7315.766501184467]}},{"type":"Feature","properties":{"nodeId":"abyss_cresset","group":"abyss","thglKey":"abyss/abyss_cresset","source":"thgl-nodes-raw-ascii"},"geometry":{"type":"Point","coordinates":[2949.643126995571,5384.866791636626]}},{"type":"Feature","properties":{"nodeId":"abyss_cresset","group":"abyss","thglKey":"abyss/abyss_cresset","source":"thgl-nodes-raw-ascii"},"geometry":{"type":"Point","coordinates":[430.04835925430046,5154.6487259244]}},{"type":"Feature","properties":{"nodeId":"abyss_cresset","group":"abyss","thglKey":"abyss/abyss_cresset","source":"thgl-nodes-raw-ascii"},"geometry":{"type":"Point","coordinates":[215.82785456792672,5802.237758780513]}},{"type":"Feature","properties":{"nodeId":"abyss_cresset","group":"abyss","thglKey":"abyss/abyss_cresset","source":"thgl-nodes-raw-ascii"},"geometry":{"type":"Point","coordinates":[913.9534864558656,4791.231558347925]}},{"type":"Feature","properties":{"nodeId":"abyss_cresset","group":"abyss","thglKey":"abyss/abyss_cresset","source":"thgl-nodes-raw-ascii"},"geometry":{"type":"Point","coordinates":[1481.8795591719024,4398.164902667628]}},{"type":"Feature","properties":{"nodeId":"abyss_cresset","group":"abyss","thglKey":"abyss/abyss_cresset","source":"thgl-nodes-raw-ascii"},"geometry":{"type":"Point","coordinates":[797.494448449892,4200.211960037079]}},{"type":"Feature","properties":{"nodeId":"abyss_cresset","group":"abyss","thglKey":"abyss/abyss_cresset","source":"thgl-nodes-raw-ascii"},"geometry":{"type":"Point","coordinates":[1728.7406571222575,4574.264636934803]}},{"type":"Feature","properties":{"nodeId":"abyss_cresset","group":"abyss","thglKey":"abyss/abyss_cresset","source":"thgl-nodes-raw-ascii"},"geometry":{"type":"Point","coordinates":[678.8838397363274,5346.999147183026]}},{"type":"Feature","properties":{"nodeId":"abyss_cresset","group":"abyss","thglKey":"abyss/abyss_cresset","source":"thgl-nodes-raw-ascii"},"geometry":{"type":"Point","coordinates":[-154.47012050674616,4257.232802554331]}},{"type":"Feature","properties":{"nodeId":"abyss_cresset","group":"abyss","thglKey":"abyss/abyss_cresset","source":"thgl-nodes-raw-ascii"},"geometry":{"type":"Point","coordinates":[55.56114944896518,4254.5327922546085]}},{"type":"Feature","properties":{"nodeId":"abyss_cresset","group":"abyss","thglKey":"abyss/abyss_cresset","source":"thgl-nodes-raw-ascii"},"geometry":{"type":"Point","coordinates":[983.3057822638792,4166.866832835513]}},{"type":"Feature","properties":{"nodeId":"abyss_cresset","group":"abyss","thglKey":"abyss/abyss_cresset","source":"thgl-nodes-raw-ascii"},"geometry":{"type":"Point","coordinates":[1308.7878051292616,4555.600815737975]}},{"type":"Feature","properties":{"nodeId":"abyss_cresset","group":"abyss","thglKey":"abyss/abyss_cresset","source":"thgl-nodes-raw-ascii"},"geometry":{"type":"Point","coordinates":[1323.2244227005872,4340.464838809353]}},{"type":"Feature","properties":{"nodeId":"abyss_cresset","group":"abyss","thglKey":"abyss/abyss_cresset","source":"thgl-nodes-raw-ascii"},"geometry":{"type":"Point","coordinates":[1475.7285982078486,4580.681380162735]}},{"type":"Feature","properties":{"nodeId":"abyss_cresset","group":"abyss","thglKey":"abyss/abyss_cresset","source":"thgl-nodes-raw-ascii"},"geometry":{"type":"Point","coordinates":[1649.689418065712,4895.519456174683]}},{"type":"Feature","properties":{"nodeId":"abyss_cresset","group":"abyss","thglKey":"abyss/abyss_cresset","source":"thgl-nodes-raw-ascii"},"geometry":{"type":"Point","coordinates":[1647.9470676691728,4939.8249376866825]}},{"type":"Feature","properties":{"nodeId":"abyss_cresset","group":"abyss","thglKey":"abyss/abyss_cresset","source":"thgl-nodes-raw-ascii"},"geometry":{"type":"Point","coordinates":[1717.3921763312392,5076.209207951386]}},{"type":"Feature","properties":{"nodeId":"abyss_cresset","group":"abyss","thglKey":"abyss/abyss_cresset","source":"thgl-nodes-raw-ascii"},"geometry":{"type":"Point","coordinates":[1484.132380265733,4847.324272324648]}},{"type":"Feature","properties":{"nodeId":"abyss_cresset","group":"abyss","thglKey":"abyss/abyss_cresset","source":"thgl-nodes-raw-ascii"},"geometry":{"type":"Point","coordinates":[2285.0187166546502,5882.740253373158]}},{"type":"Feature","properties":{"nodeId":"abyss_cresset","group":"abyss","thglKey":"abyss/abyss_cresset","source":"thgl-nodes-raw-ascii"},"geometry":{"type":"Point","coordinates":[2644.2213369039036,4864.055898650737]}},{"type":"Feature","properties":{"nodeId":"abyss_cresset","group":"abyss","thglKey":"abyss/abyss_cresset","source":"thgl-nodes-raw-ascii"},"geometry":{"type":"Point","coordinates":[3144.5669955711196,4727.912098053353]}},{"type":"Feature","properties":{"nodeId":"abyss_cresset","group":"abyss","thglKey":"abyss/abyss_cresset","source":"thgl-nodes-raw-ascii"},"geometry":{"type":"Point","coordinates":[2140.3951962097026,4758.346276650531]}},{"type":"Feature","properties":{"nodeId":"abyss_cresset","group":"abyss","thglKey":"abyss/abyss_cresset","source":"thgl-nodes-raw-ascii"},"geometry":{"type":"Point","coordinates":[1722.6782902461632,4673.144076629931]}},{"type":"Feature","properties":{"nodeId":"abyss_cresset","group":"abyss","thglKey":"abyss/abyss_cresset","source":"thgl-nodes-raw-ascii"},"geometry":{"type":"Point","coordinates":[2926.693039447935,7846.921808631168]}},{"type":"Feature","properties":{"nodeId":"abyss_cresset","group":"abyss","thglKey":"abyss/abyss_cresset","source":"thgl-nodes-raw-ascii"},"geometry":{"type":"Point","coordinates":[2636.8216211762283,7482.6018251107225]}},{"type":"Feature","properties":{"nodeId":"abyss_cresset","group":"abyss","thglKey":"abyss/abyss_cresset","source":"thgl-nodes-raw-ascii"},"geometry":{"type":"Point","coordinates":[2725.6603975692656,7565.458391183438]}},{"type":"Feature","properties":{"nodeId":"abyss_cresset","group":"abyss","thglKey":"abyss/abyss_cresset","source":"thgl-nodes-raw-ascii"},"geometry":{"type":"Point","coordinates":[2399.136339478834,7041.107953445257]}},{"type":"Feature","properties":{"nodeId":"abyss_cresset","group":"abyss","thglKey":"abyss/abyss_cresset","source":"thgl-nodes-raw-ascii"},"geometry":{"type":"Point","coordinates":[2962.928021423422,6273.220805438253]}},{"type":"Feature","properties":{"nodeId":"abyss_cresset","group":"abyss","thglKey":"abyss/abyss_cresset","source":"thgl-nodes-raw-ascii"},"geometry":{"type":"Point","coordinates":[3191.9184262024924,6413.984154907817]}},{"type":"Feature","properties":{"nodeId":"abyss_cresset","group":"abyss","thglKey":"abyss/abyss_cresset","source":"thgl-nodes-raw-ascii"},"geometry":{"type":"Point","coordinates":[2695.5215325986196,6143.869218251108]}},{"type":"Feature","properties":{"nodeId":"abyss_cresset","group":"abyss","thglKey":"abyss/abyss_cresset","source":"thgl-nodes-raw-ascii"},"geometry":{"type":"Point","coordinates":[1439.2995529920693,6803.9162673807805]}},{"type":"Feature","properties":{"nodeId":"abyss_cresset","group":"abyss","thglKey":"abyss/abyss_cresset","source":"thgl-nodes-raw-ascii"},"geometry":{"type":"Point","coordinates":[1495.9364877948294,6949.058696055206]}},{"type":"Feature","properties":{"nodeId":"abyss_cresset","group":"abyss","thglKey":"abyss/abyss_cresset","source":"thgl-nodes-raw-ascii"},"geometry":{"type":"Point","coordinates":[2129.2576537233494,7329.912023895356]}},{"type":"Feature","properties":{"nodeId":"abyss_cresset","group":"abyss","thglKey":"abyss/abyss_cresset","source":"thgl-nodes-raw-ascii"},"geometry":{"type":"Point","coordinates":[2585.9812709856833,7310.61538778453]}},{"type":"Feature","properties":{"nodeId":"abyss_cresset","group":"abyss","thglKey":"abyss/abyss_cresset","source":"thgl-nodes-raw-ascii"},"geometry":{"type":"Point","coordinates":[2876.8356617571326,8011.959938201668]}},{"type":"Feature","properties":{"nodeId":"abyss_cresset","group":"abyss","thglKey":"abyss/abyss_cresset","source":"thgl-nodes-raw-ascii"},"geometry":{"type":"Point","coordinates":[2846.9541415181793,8178.921825110722]}},{"type":"Feature","properties":{"nodeId":"abyss_cresset","group":"abyss","thglKey":"abyss/abyss_cresset","source":"thgl-nodes-raw-ascii"},"geometry":{"type":"Point","coordinates":[3137.711500669482,8467.299800185396]}},{"type":"Feature","properties":{"nodeId":"abyss_cresset","group":"abyss","thglKey":"abyss/abyss_cresset","source":"thgl-nodes-raw-ascii"},"geometry":{"type":"Point","coordinates":[-186.43149242970435,6934.17488927799]}},{"type":"Feature","properties":{"nodeId":"abyss_cresset","group":"abyss","thglKey":"abyss/abyss_cresset","source":"thgl-nodes-raw-ascii"},"geometry":{"type":"Point","coordinates":[156.7187228344833,7222.164737872077]}},{"type":"Feature","properties":{"nodeId":"abyss_cresset","group":"abyss","thglKey":"abyss/abyss_cresset","source":"thgl-nodes-raw-ascii"},"geometry":{"type":"Point","coordinates":[8.724408280976537,6303.283732619219]}},{"type":"Feature","properties":{"nodeId":"abyss_cresset","group":"abyss","thglKey":"abyss/abyss_cresset","source":"thgl-nodes-raw-ascii"},"geometry":{"type":"Point","coordinates":[326.3046822535788,7427.475208569368]}},{"type":"Feature","properties":{"nodeId":"abyss_cresset","group":"abyss","thglKey":"abyss/abyss_cresset","source":"thgl-nodes-raw-ascii"},"geometry":{"type":"Point","coordinates":[772.8948233597697,6965.950635492842]}},{"type":"Feature","properties":{"nodeId":"abyss_cresset","group":"abyss","thglKey":"abyss/abyss_cresset","source":"thgl-nodes-raw-ascii"},"geometry":{"type":"Point","coordinates":[544.385357915336,7147.268983417448]}},{"type":"Feature","properties":{"nodeId":"abyss_cresset","group":"abyss","thglKey":"abyss/abyss_cresset","source":"thgl-nodes-raw-ascii"},"geometry":{"type":"Point","coordinates":[677.183677000721,6801.152975589659]}},{"type":"Feature","properties":{"nodeId":"abyss_cresset","group":"abyss","thglKey":"abyss/abyss_cresset","source":"thgl-nodes-raw-ascii"},"geometry":{"type":"Point","coordinates":[1325.3970872386446,6713.119983520445]}},{"type":"Feature","properties":{"nodeId":"abyss_cresset","group":"abyss","thglKey":"abyss/abyss_cresset","source":"thgl-nodes-raw-ascii"},"geometry":{"type":"Point","coordinates":[1862.8763250592233,6876.360918735194]}},{"type":"Feature","properties":{"nodeId":"abyss_cresset","group":"abyss","thglKey":"abyss/abyss_cresset","source":"thgl-nodes-raw-ascii"},"geometry":{"type":"Point","coordinates":[2766.2660212174274,6859.8317931815845]}},{"type":"Feature","properties":{"nodeId":"abyss_cresset","group":"abyss","thglKey":"abyss/abyss_cresset","source":"thgl-nodes-raw-ascii"},"geometry":{"type":"Point","coordinates":[-475.24400041198885,5763.209953651251]}},{"type":"Feature","properties":{"nodeId":"abyss_constellation","group":"abyss","thglKey":"abyss/abyss_constellation","source":"thgl-nodes-raw-ascii"},"geometry":{"type":"Point","coordinates":[1163.1559995880114,6171.375573179524]}},{"type":"Feature","properties":{"nodeId":"abyss_constellation","group":"abyss","thglKey":"abyss/abyss_constellation","source":"thgl-nodes-raw-ascii"},"geometry":{"type":"Point","coordinates":[2720.960692141312,4975.583199093625]}},{"type":"Feature","properties":{"nodeId":"abyss_constellation","group":"abyss","thglKey":"abyss/abyss_constellation","source":"thgl-nodes-raw-ascii"},"geometry":{"type":"Point","coordinates":[-496.0129858893808,6410.453047687713]}},{"type":"Feature","properties":{"nodeId":"abyss_constellation","group":"abyss","thglKey":"abyss/abyss_constellation","source":"thgl-nodes-raw-ascii"},"geometry":{"type":"Point","coordinates":[1010.8205747244825,6211.09525594809]}},{"type":"Feature","properties":{"nodeId":"abyss_constellation","group":"abyss","thglKey":"abyss/abyss_constellation","source":"thgl-nodes-raw-ascii"},"geometry":{"type":"Point","coordinates":[-79.77686682459588,6862.978992687197]}},{"type":"Feature","properties":{"nodeId":"abyss_constellation","group":"abyss","thglKey":"abyss/abyss_constellation","source":"thgl-nodes-raw-ascii"},"geometry":{"type":"Point","coordinates":[-287.09547018230523,4777.566974971676]}},{"type":"Feature","properties":{"nodeId":"abyss_constellation","group":"abyss","thglKey":"abyss/abyss_constellation","source":"thgl-nodes-raw-ascii"},"geometry":{"type":"Point","coordinates":[2271.965854361932,4528.761025852302]}},{"type":"Feature","properties":{"nodeId":"abyss_constellation","group":"abyss","thglKey":"abyss/abyss_constellation","source":"thgl-nodes-raw-ascii"},"geometry":{"type":"Point","coordinates":[2413.1552992069214,5130.044882068185]}},{"type":"Feature","properties":{"nodeId":"abyss_constellation","group":"abyss","thglKey":"abyss/abyss_constellation","source":"thgl-nodes-raw-ascii"},"geometry":{"type":"Point","coordinates":[1482.0229972190753,6865.2191574827475]}},{"type":"Feature","properties":{"nodeId":"abyss_constellation","group":"abyss","thglKey":"abyss/abyss_constellation","source":"thgl-nodes-raw-ascii"},"geometry":{"type":"Point","coordinates":[-297.2922278298488,6433.559229580802]}},{"type":"Feature","properties":{"nodeId":"abyss_constellation","group":"abyss","thglKey":"abyss/abyss_constellation","source":"thgl-nodes-raw-ascii"},"geometry":{"type":"Point","coordinates":[659.7981419301675,4430.944715212689]}},{"type":"Feature","properties":{"nodeId":"abyss_constellation","group":"abyss","thglKey":"abyss/abyss_constellation","source":"thgl-nodes-raw-ascii"},"geometry":{"type":"Point","coordinates":[1784.09508703265,6699.683213513235]}},{"type":"Feature","properties":{"nodeId":"abyss_constellation","group":"abyss","thglKey":"abyss/abyss_constellation","source":"thgl-nodes-raw-ascii"},"geometry":{"type":"Point","coordinates":[2151.3597692862295,5445.38921001133]}}]}